message,intent,is_payment_related,is_fraud,risk_label,phone_number,upi_id,amount,urgency,impersonation,suspicious_keywords
HDFC Bank never asks for your PIN OTP or CVV Report suspicious calls to 1930 Your KYC can be updated only at the branch or the official app,BANK_REQUEST,True,False,LOW,,,,False,False,kyc_credential|impersonation
"Scored a hat-trick yesterday, 2 runs too!",NON_PAYMENT,False,False,LOW,,,,False,False,
"Dear winner, your Amazon prize of ₹250,000 is ready. Registration fee ₹999 to electricity.pay@okaxis. Call +917371703548 immediately.",PRIZE_SCAM,True,True,HIGH,+917371703548,electricity.pay@okaxis,999.0,True,True,urgency|reward|upfront_fee|job
Reminder: BESCOM bill ₹799 due 16 Jan. Pay through BHIM bill payments section.,BILL_PAYMENT,True,False,LOW,,,799.0,False,False,
"payment for the study table done, inr 2500 via gpay to ritu@oksbi. please share the invoice.",MARKETPLACE_PAYMENT,True,False,LOW,,ritu@oksbi,2500.0,False,False,
Kal 7 baje gym aa raha hai kya?,NON_PAYMENT,False,False,LOW,,,,False,False,
"Dear valued customer, Re-KYC required. Transfer Rs. 1,999/- to urgentkyc@oksbi and share the reference within 2 hours. or the amount will be forfeited.",KYC_SCAM,True,True,HIGH,,urgentkyc@oksbi,1999.0,True,True,urgency|kyc_credential|impersonation
"study table available. Pay Rs. 3,000/- delivery charge to verifybank976@oksbi now and the courier will bring it to your home, pay balance on delivery.",MARKETPLACE_PAYMENT,True,True,HIGH,,verifybank976@oksbi,3000.0,True,False,upfront_fee|marketplace
"Forex signals: first 5 members get 50000 rupees on Rs. 25,000/-. Transfer to hdfc.verify@okaxis now.",INVESTMENT_SCAM,True,True,HIGH,,hdfc.verify@okaxis,50000.0,False,False,
Your delivery is on hold Pay 2000 rupees customs charge to riya30@ybl aaj hi or the parcel will be returned,URGENCY_PAYMENT,True,True,HIGH,,riya30@ybl,2000.0,True,True,urgency|impersonation|marketplace
"invest ₹2,000 today and get ₹4,000 in 7 days, guaranteed returns. pay to jobportal.fee@ibl. limited slots.",INVESTMENT_SCAM,True,True,HIGH,,jobportal.fee@ibl,2000.0,False,True,investment
"Dear winner, your KBC prize of ₹250,000 is ready. Registration fee 1499 rupees to reward.claim613@axl. Call +91 87387 33417 jaldi.",PRIZE_SCAM,True,True,HIGH,+918738733417,reward.claim613@axl,1499.0,True,True,urgency|reward|upfront_fee|job
bhai kal 11 baje milte hain college gate pe.,NON_PAYMENT,False,False,LOW,,,,False,False,
"Join our IPO allotment scheme. Pay ₹2,000 to invest.pro707@ibl and get confirmed allotment with 2x listing gain.",INVESTMENT_SCAM,True,True,HIGH,,invest.pro707@ibl,2000.0,False,False,
"PS5 ke liye 4000 rupees theek hai. Kal aake dekh ke pay kar dunga, cash ya UPI dono chalega.",MARKETPLACE_PAYMENT,True,False,LOW,,,4000.0,False,False,
"Hi, this is Mr. Sharma from accounts. I am in a meeting and need 20k transferred immediately to rewards.claim@paytm for a vendor. Will reimburse today.",IMPERSONATION,True,True,HIGH,,rewards.claim@paytm,20000.0,True,True,urgency
"Collect request sent for ₹10,000. Approve it with your UPI PIN to receive the amount.",QR_SCAM,True,True,HIGH,,,10000.0,True,False,kyc_credential
Reminder: dentist appointment on 17th at 13:00.,NON_PAYMENT,False,False,LOW,,,,False,False,
Sharma General Store: advance of 3200 rupees for the booking is due by 15th Pay to sharmagenera3@okbizaxis or at the desk GST invoice will follow,MERCHANT_PAYMENT,True,False,LOW,,sharmagenera3@okbizaxis,3200.0,False,False,upfront_fee
"thanks for the cycle! sent ₹40,000 to aditya@oksbi just now, please check and confirm.",MARKETPLACE_PAYMENT,True,False,LOW,,aditya@oksbi,40000.0,False,False,
"Got 42 marks in the internal, decent I guess.",NON_PAYMENT,False,False,LOW,,,,False,False,
"Alert: This is Sanjay from Amazon Pay support. A wrong transfer of ₹2,000 was made to you. Refund to bhavya@ptaxis jaldi to avoid account freeze.",REFUND_SCAM,True,True,HIGH,,bhavya@ptaxis,2000.0,True,False,urgency|refund
"Your electricity connection will be cut within 2 hours. Pay pending bill ₹10,000 to sanjay@apl now. Officer 6537497389",IMPERSONATION,True,True,HIGH,+916537497389,sanjay@apl,10000.0,True,True,urgency|impersonation
Bro the Netflix password changed ask Sneha,NON_PAYMENT,False,False,LOW,,,,False,False,
Sharma General Store monthly subscription of ₹120 is due on 12th Pay to sharmagenera3@axisbank at your convenience,MERCHANT_PAYMENT,True,False,LOW,,sharmagenera3@axisbank,120.0,False,False,
"Data entry job offer, no experience needed. Registration INR 499 only, pay on task.fee@axl. Salary Rs. 80,000/-.",JOB_SCAM,True,True,HIGH,,task.fee@axl,80000.0,False,True,job
Loan EMI overdue. Pay 500 turant to reward.claim@oksbi or your account will be blocked. Recovery agent will visit.,URGENCY_PAYMENT,True,True,HIGH,,reward.claim@oksbi,,True,True,urgency|kyc_credential
"PNB: credit card statement generated. Total due Rs 12000, minimum due 1200 rupees. Pay via net banking or the PNB app.",BANK_REQUEST,True,False,LOW,,,12000.0,False,False,
Blue Dart se order ready hai. Rs 120 bluedart2@okbizaxis pe pay kar dena ya cash de dena.,MERCHANT_PAYMENT,True,False,LOW,,bluedart2@okbizaxis,120.0,False,False,
"your delivery is on hold. pay ₹7,000 customs charge to courier.pay@ybl asap or the parcel will be returned.",URGENCY_PAYMENT,True,True,HIGH,,courier.pay@ybl,7000.0,True,False,urgency|impersonation|marketplace
"install this app tinyurl.com/hemlu and share the screen to receive rs. 20,000/- cashback instantly.",QR_SCAM,True,True,HIGH,,,20000.0,True,True,reward|qr_link
"Your Airtel broadband plan renews on 23 Mar. Amount Rs. 2,460/-. Auto-pay is enabled, no action needed.",BILL_PAYMENT,True,False,LOW,,,2460.0,False,False,
Invoice #5358 from Metro Cabs for Rs 2350. UPI ID metrocabs7@sbi. Please share screenshot after payment.,MERCHANT_PAYMENT,True,False,LOW,,metrocabs7@sbi,2350.0,False,False,
"Axis Bank customer, your net banking will be suspended within 24 hours. Pay verification amount ₹2,999 to kycupdate835@ibl or the amount will be forfeited.",KYC_SCAM,True,True,HIGH,,kycupdate835@ibl,2999.0,True,True,urgency|kyc_credential|impersonation
"Buyer here from OLX. Sending a payment request of 2000 rupees on BHIM, please accept and enter PIN to receive.",QR_SCAM,True,True,HIGH,,,2000.0,True,True,kyc_credential|marketplace
"Hey it's Anjali, using a friend's phone. Stuck at the airport, need ₹3,000 today only on reward.claim@oksbi. Please yaar.",IMPERSONATION,True,True,HIGH,,reward.claim@oksbi,3000.0,True,True,urgency|impersonation
Double your money scheme! Send Rs 500 to reward.claim@ibl and receive 1500 rupees by Monday. WhatsApp 6626985205,INVESTMENT_SCAM,True,True,HIGH,+916626985205,reward.claim@ibl,500.0,True,True,investment
"Yes Bank: cheque no. 495806 for ₹12,000 has been cleared.",BANK_REQUEST,True,False,LOW,,,12000.0,False,False,impersonation
"CRPF jawan, urgent posting. laptop at Rs. 6,000/- only. Advance 1000 rupees on hrdesk651@paytm to block it.",MARKETPLACE_PAYMENT,True,True,HIGH,,hrdesk651@paytm,6000.0,True,True,urgency|upfront_fee
"Invest 10000 rupees today and get INR 20000 in 7 days, guaranteed returns. Pay to support.desk@paytm. Limited slots.",INVESTMENT_SCAM,True,True,HIGH,,support.desk@paytm,10000.0,True,True,investment
"Payment received, ₹3,200 from you at Book Corner. Thank you, visit again!",MERCHANT_PAYMENT,True,False,LOW,,,3200.0,False,False,
Reminder: Airtel bill ₹649 due 18 Oct. Pay through Paytm bill payments section.,BILL_PAYMENT,True,False,LOW,,,649.0,False,False,
"Papa here, new number. Phone broke. Send ₹20,000 within 24 hours to karan66@okaxis, emergency, will explain later.",IMPERSONATION,True,True,HIGH,,karan66@okaxis,20000.0,True,True,urgency|impersonation
Your delivery is on hold. Pay Rs 500 customs charge to task.fee@ibl within 24 hours or the parcel will be returned.,URGENCY_PAYMENT,True,True,HIGH,,task.fee@ibl,500.0,True,False,urgency|impersonation|marketplace
"Task completed! To withdraw your earnings of Rs. 5,000/-, pay Rs 299 unlock fee to npci.verify942@oksbi.",JOB_SCAM,True,True,HIGH,,npci.verify942@oksbi,299.0,False,True,upfront_fee|job
Landlord said the plumber will come at 16:00 tomorrow.,NON_PAYMENT,False,False,LOW,,,,False,False,
"Attention: your account has been put on hold due to incomplete KYC. Pay ₹2,499 to task.fee682@ybl jaldi to restore access. call +91 90955 77200",KYC_SCAM,True,True,HIGH,+919095577200,task.fee682@ybl,2499.0,True,True,urgency|kyc_credential
Sai Electricals: admission deposit of 480 for patient Tanvi K is due today so the admission can be completed Pay at the billing counter or to UPI saielectrica@paytmqr Receipt will be issued,MERCHANT_PAYMENT,True,False,LOW,,saielectrica@paytmqr,,False,False,
"Wrong transfer alert: ₹2,500 credited to you by error. Reverse the amount asap to bank.verify900@okaxis or call 87281-22647.",REFUND_SCAM,True,True,HIGH,+918728122647,bank.verify900@okaxis,2500.0,True,True,urgency|refund
"simran, mera recharge khatam ho gaya, ₹8,000 farhanshr@paytm pe bhej dena please.",FRIEND_FAMILY_PAYMENT,True,False,LOW,,farhanshr@paytm,8000.0,False,False,
"Sent ₹1,000 for Diwali shopping to amit4@ibl, check and tell me if received.",FRIEND_FAMILY_PAYMENT,True,False,LOW,,amit4@ibl,1000.0,False,False,
"SBI: credit card statement generated. Total due Rs 5600, minimum due INR 560. Pay via net banking or the SBI app.",BANK_REQUEST,True,False,LOW,,,5600.0,False,False,impersonation
Dear valued customer PAN-Aadhaar link pending for your HDFC Bank account Pay 499 processing charge to claimprize@okaxis final notice otherwise your account will be suspended,KYC_SCAM,True,True,HIGH,,claimprize@okaxis,,True,True,urgency|kyc_credential|impersonation|upfront_fee|qr_link
HI DA INR 1200 DE DENA MOVIE TICKETS KE LIYE KARAN@YBL,PAYMENT_REQUEST,True,False,LOW,,karan@ybl,1200.0,False,False,
"Ishita, ₹1,000 for Mummy's medicines. My UPI naveen@apl or call me 9176821565",FRIEND_FAMILY_PAYMENT,True,False,LOW,+919176821565,naveen@apl,1000.0,False,False,
"KYC update ke liye Rs 999 to hrdesk@oksbi asap pay karo, else your card will be permanently blocked. Axis Bank support 9647951279",KYC_SCAM,True,True,HIGH,+919647951279,hrdesk@oksbi,999.0,True,True,urgency|kyc_credential|impersonation
Loan EMI overdue. Pay 1k urgently to tanvilak@oksbi or your number will be disconnected. Recovery agent will visit.,URGENCY_PAYMENT,True,True,HIGH,,tanvilak@oksbi,1000.0,True,False,urgency
"gift voucher worth ₹100,000 approved for you. pay delivery charge 999 on reward.claim887@oksbi last chance.",PRIZE_SCAM,True,True,HIGH,,reward.claim887@oksbi,100000.0,True,True,urgency|reward|upfront_fee|marketplace
"Your Jio broadband plan renews on 20 Dec. Amount Rs. 299/-. Auto-pay is enabled, no action needed.",BILL_PAYMENT,True,False,LOW,,,299.0,False,False,
"IDFC First: credit card statement generated. Total due ₹4,300, minimum due ₹430. Pay via net banking or the IDFC First app.",BANK_REQUEST,True,False,LOW,,,4300.0,False,False,
"I can pay ₹25,000 for the PS5, pickup from your place. Share your UPI ID or I will pay cash on pickup.",MARKETPLACE_PAYMENT,True,False,LOW,,,25000.0,False,False,
quick laundry: admission deposit of 3596 for patient naveen r is due today so the admission can be completed. pay at the billing counter or to upi quicklaundry@okbizaxis. receipt will be issued.,MERCHANT_PAYMENT,True,False,LOW,,quicklaundry@okbizaxis,,False,False,
"washing machine ke liye 18k theek hai. kal aake dekh ke pay kar dunga, cash ya upi dono chalega.",MARKETPLACE_PAYMENT,True,False,LOW,,,18000.0,False,False,
"Hi, this is Mr. Sharma from accounts. I am in a meeting and need ₹10,000 transferred right now to tradepro467@upi for a vendor. Will reimburse today.",IMPERSONATION,True,True,HIGH,,tradepro467@upi,10000.0,True,True,urgency
"Your number was selected for Rs 5000 reward. Send ₹499 GST charge to task.fee@ibl aaj hi, last chance.",PRIZE_SCAM,True,True,HIGH,,task.fee@ibl,499.0,True,True,urgency|reward
MSEDCL: your bill of 1340 for consumer no. 777831 is due on 21 May. Pay via the MSEDCL app or BBPS.,BILL_PAYMENT,True,False,LOW,,,,False,False,
"PNB: auto-debit of ₹22,000 for your SIP will be attempted on 19th. Please keep sufficient balance.",BANK_REQUEST,True,False,LOW,,,22000.0,False,False,
Star Mobile Repair: admission deposit of 720 rupees for patient Rahul K is due today so the admission can be completed. Pay at the billing counter or to UPI starmobilere@axisbank. Receipt will be issued.,MERCHANT_PAYMENT,True,False,LOW,,starmobilere@axisbank,720.0,False,False,
"Flight lands at 5:05, gate 23.",NON_PAYMENT,False,False,LOW,,,,False,False,
"Adani Gas: your bill of ₹1,340 for consumer no. 759761 is due on 15 May. Pay via the Adani Gas app or BBPS.",BILL_PAYMENT,True,False,LOW,,,1340.0,False,False,
"Data entry job offer, no experience needed. Registration 2500 rupees only, pay on support.desk480@upi. Salary 80k.",JOB_SCAM,True,True,HIGH,,support.desk480@upi,80000.0,False,True,job
Cafe Nirvana: your bill is ₹350. Pay via UPI cafenirvana@icici or at the counter. Thank you for visiting.,MERCHANT_PAYMENT,True,False,LOW,,cafenirvana@icici,350.0,False,False,
Double your money scheme! Send ₹10000 to kycsupport@oksbi and receive ₹30000 by Monday WhatsApp 7340870568,INVESTMENT_SCAM,True,True,HIGH,+917340870568,kycsupport@oksbi,10000.0,False,False,investment
Payment of ₹649 received for Tata Power bill. Receipt no. 47891271.,BILL_PAYMENT,True,False,LOW,,,649.0,False,False,
"Gift voucher worth ₹10,000 approved for you. Pay delivery charge ₹199 on kyc.support@ibl aaj hi.",PRIZE_SCAM,True,True,HIGH,,kyc.support@ibl,199.0,True,True,urgency|reward|upfront_fee|marketplace
NEED INR 1000 FOR THE FLIGHT CHANGE TODAY PLEASE SEND TO BHAVYAIYER@OKAXIS AND I'LL SETTLE WHEN BACK,FRIEND_FAMILY_PAYMENT,True,False,LOW,,bhavyaiyer@okaxis,1000.0,True,False,
"Hi, saw your OLX ad for the Royal Enfield. Can I come and check it tomorrow? If ok I will pay 1500 on PhonePe after seeing it.",MARKETPLACE_PAYMENT,True,False,LOW,,,,False,False,marketplace
"task completed! to withdraw your earnings of 5000 rupees, pay ₹199 unlock fee to npci.verify@oksbi.",JOB_SCAM,True,True,HIGH,,npci.verify@oksbi,199.0,True,True,upfront_fee|job
Payment of Rs 2460 received for Airtel bill. Receipt no. 79265026.,BILL_PAYMENT,True,False,LOW,,,2460.0,False,False,
"Dear customer, PAN-Aadhaar link pending for your ICICI Bank account. Pay 2999 processing charge to verify.now@okaxis turant warna account block ho jayega.",KYC_SCAM,True,True,HIGH,,verify.now@okaxis,,True,True,urgency|kyc_credential|impersonation|upfront_fee|qr_link
Recharge reminder: your BSNL plan expires on 9 Oct Recharge Rs 3120/- from the app to continue,BILL_PAYMENT,True,False,LOW,,,3120.0,False,False,kyc_credential
"YOUR ELECTRICITY CONNECTION WILL BE CUT RIGHT NOW. PAY PENDING BILL RS. 3,000/- TO SANJAYSAN@OKHDFCBANK NOW. OFFICER 9911755742",IMPERSONATION,True,True,HIGH,+919911755742,sanjaysan@okhdfcbank,3000.0,True,True,urgency|impersonation
"idfc first: auto-debit of rs. 8,900/- for your sip will be attempted on 9th. please keep sufficient balance.",BANK_REQUEST,True,False,LOW,,,8900.0,False,False,
"Beta, send ₹18,000 to josephkav@upi for the school fees, Neha will pay you back next week.",FRIEND_FAMILY_PAYMENT,True,False,LOW,,josephkav@upi,18000.0,False,False,
Can you send 1500 to rahul@axl? Rent is due tomorrow and my salary is delayed. Will return by 5th.,FRIEND_FAMILY_PAYMENT,True,False,LOW,,rahul@axl,,True,False,job
Lucky customer! 250000 rupees bonus credited pending. Transfer ₹299 to verifybank@axl for release within 1 hour. Contact +919519378495,PRIZE_SCAM,True,True,HIGH,+919519378495,verifybank@axl,299.0,True,True,urgency|reward
"Simran bhai, 18000 rupees for the train tickets, simran@okhdfcbank pe bhej do. Thanks!",FRIEND_FAMILY_PAYMENT,True,False,LOW,,simran@okhdfcbank,18000.0,False,False,
"Hi da reminder, Rs. 300/- pending for the Netflix split. gurpreet86@okicici or cash, whatever is easy.",PAYMENT_REQUEST,True,False,LOW,,gurpreet86@okicici,300.0,False,False,
"Beta 8000 rupees bhej dena papa ke dawai ke liye karandiv@ptsbi, kal wapas kar dungi.",FRIEND_FAMILY_PAYMENT,True,False,LOW,,karandiv@ptsbi,8000.0,True,False,
Badhai ho! Aapne Flipkart lottery me Rs 10000/- jeeta hai Claim karne ke liye 999 rupees billdesk782@paytm pe asap bhejo,PRIZE_SCAM,True,True,HIGH,,billdesk782@paytm,10000.0,True,True,urgency|reward
"Scan QR karo aur PIN dalo, ₹2,000 tumhare account me aa jayega. Jaldi karo.",QR_SCAM,True,True,HIGH,,,2000.0,True,True,urgency|kyc_credential|qr_link
attention: your idfc first kyc expires today. pay 1999 verification fee asap to bank.verify110@ibl or your account will be blocked. call +917178449883,KYC_SCAM,True,True,HIGH,+917178449883,bank.verify110@ibl,,True,True,urgency|kyc_credential|upfront_fee
"Your number was selected for ₹25,000 reward. Send ₹99 GST charge to kyc.support@oksbi within 1 hour, last chance.",PRIZE_SCAM,True,True,HIGH,,kyc.support@oksbi,99.0,True,True,urgency|reward
Bhai kal 11 baje milte hain college gate pe.,NON_PAYMENT,False,False,LOW,,,,False,False,
"IDFC First: cheque no. 629264 for ₹15,400 has been cleared.",BANK_REQUEST,True,False,LOW,,,15400.0,False,False,
Payment of Rs. 500/- is required today only. Use UPI lakshmidiv@fbl. Do not ignore this message.,URGENCY_PAYMENT,True,True,HIGH,,lakshmidiv@fbl,500.0,True,False,urgency
"Priya, ₹8,000 chahiye college fees ke liye, arjun39@fbl pe bhej do please, agle hafte lauta dunga.",FRIEND_FAMILY_PAYMENT,True,False,LOW,,arjun39@fbl,8000.0,True,False,
"You have received Rs 10000 cashback from IPL. Pay ₹1,999 activation charge to claimprize@okaxis to receive it abhi.",PRIZE_SCAM,True,True,HIGH,,claimprize@okaxis,1999.0,True,True,urgency|reward
Hello I'm calling from IDFC First security Your account is compromised Move ₹3000 to safe account nishadas@oksbi abhi,IMPERSONATION,True,True,HIGH,,nishadas@oksbi,3000.0,True,True,urgency|impersonation
Your repair at Lakeview Hospital is complete. Total Rs 1499. UPI: lakeviewhosp@icici. Collect anytime before 8 pm.,MERCHANT_PAYMENT,True,False,LOW,,lakeviewhosp@icici,1499.0,False,False,
"Double your money scheme! Send 25000 rupees to reward.claim@ibl and receive ₹125,000 by Monday. WhatsApp +919801588480",INVESTMENT_SCAM,True,True,HIGH,+919801588480,reward.claim@ibl,25000.0,True,False,investment
"dear valued customer, pan-aadhaar link pending for your canara bank account. pay 2499 rupees processing charge to kyc.support315@axl abhi warna account block ho jayega.",KYC_SCAM,True,True,HIGH,,kyc.support315@axl,2499.0,True,True,urgency|kyc_credential|impersonation|upfront_fee|qr_link
"Your Jio broadband plan renews on 2 Feb. Amount ₹1,050. Auto-pay is enabled, no action needed.",BILL_PAYMENT,True,False,LOW,,,1050.0,False,False,
"Bill generated for Tata Power: ₹1,340. View and pay from the official app. Ignore if already paid.",BILL_PAYMENT,True,False,LOW,,,1340.0,False,False,impersonation
final notice from canara bank: pay kyc verification fee ₹999 to prizecenter@ibl urgently otherwise your account will be suspended,KYC_SCAM,True,True,HIGH,,prizecenter@ibl,999.0,True,True,urgency|kyc_credential|impersonation|upfront_fee
Dear account holder PAN-Aadhaar link pending for your SBI account Pay 5999 processing charge to hrdesk@axl aaj hi nahi toh account band ho jayega,KYC_SCAM,True,True,HIGH,,hrdesk@axl,,True,True,urgency|kyc_credential|impersonation|upfront_fee|qr_link
Your repair at Deluxe Tailors is complete Total ₹4500 UPI: deluxetailor@ybl Collect anytime before 8 pm,MERCHANT_PAYMENT,True,False,LOW,,deluxetailor@ybl,4500.0,False,False,
Send Rs 2000 urgently to suresh@paytm. Time limit 30 minutes. or your number will be disconnected.,URGENCY_PAYMENT,True,True,HIGH,,suresh@paytm,2000.0,True,False,urgency
"Dear user, your account has been put on hold due to incomplete KYC. Pay ₹5,999 to securebank734@ibl today only to restore access.",KYC_SCAM,True,True,HIGH,,securebank734@ibl,5999.0,True,True,urgency|kyc_credential|impersonation
Pay INR 1000 within 24 hours to reward.claim@oksbi else your card will be permanently blocked. This is the last reminder.,URGENCY_PAYMENT,True,True,HIGH,,reward.claim@oksbi,1000.0,True,False,urgency
Bill generated for Delhi Jal Board: ₹499. View and pay from the official app. Ignore if already paid.,BILL_PAYMENT,True,False,LOW,,,499.0,False,False,impersonation
"Beta INR 3000 bhej dena papa ke dawai ke liye harsh.singh@axl, kal wapas kar dungi.",FRIEND_FAMILY_PAYMENT,True,False,LOW,,harsh.singh@axl,3000.0,True,False,
"ICICI Bank alert: Rs 12000 debited from a/c XX8348 for UPI txn. If not you, call the number on the back of your card.",BANK_REQUEST,True,False,LOW,,,12000.0,False,False,impersonation
"Hi the Netflix split ka 1200 rupees bhej dena, meera@fbl",PAYMENT_REQUEST,True,False,LOW,,meera@fbl,1200.0,False,False,
"Reminder: BESCOM bill ₹1,890 due 28 Mar. Pay through Paytm bill payments section.",BILL_PAYMENT,True,False,LOW,,,1890.0,False,False,
bro my son sent rs 3000 to your upi by mistake he is crying please send it back final notice on jobportalfee@okaxis god bless you,REFUND_SCAM,True,True,HIGH,,jobportalfee@okaxis,3000.0,True,True,urgency
"Bro 2000 rupees for movie tickets please, GPay on joseph.das@oksbi. Thanks!",PAYMENT_REQUEST,True,False,LOW,,joseph.das@oksbi,2000.0,False,False,
Badhai ho! Aapne Dream11 lottery me Rs 100000 jeeta hai. Claim karne ke liye ₹299 sbi.kyc579@upi pe final notice bhejo.,PRIZE_SCAM,True,True,HIGH,,sbi.kyc579@upi,100000.0,True,True,urgency|reward
recharge reminder: your bescom plan expires on 22 jan. recharge 1050 rupees from the app to continue.,BILL_PAYMENT,True,False,LOW,,,1050.0,False,False,kyc_credential
"payment for the cycle done, ₹6,000 via bhim to joseph8@ptsbi. please share the invoice.",MARKETPLACE_PAYMENT,True,False,LOW,,joseph8@ptsbi,6000.0,False,False,
Happy birthday Ayesha! Have a great year ahead.,NON_PAYMENT,False,False,LOW,,,,False,False,
Your resume is shortlisted at Infosys Document verification fee ₹2000 payable to kycupdate486@oksbi within 24 hours,JOB_SCAM,True,True,HIGH,,kycupdate486@oksbi,2000.0,True,True,urgency|kyc_credential|upfront_fee
"Your number was selected for 50000 rupees reward. Send 999 GST charge to hdfc.verify436@axl urgently, last chance.",PRIZE_SCAM,True,True,HIGH,,hdfc.verify436@axl,50000.0,True,True,urgency|reward
"Lucky customer! Rs. 100,000/- bonus credited pending. Transfer Rs 99 to tradepro681@paytm for release right now. Contact 9363201546",PRIZE_SCAM,True,True,HIGH,+919363201546,tradepro681@paytm,99.0,True,True,urgency|reward
Bhai kal 10 baje milte hain college gate pe,NON_PAYMENT,False,False,LOW,,,,False,False,
Hi Ayesha transferring Rs 5000 for the groceries you got Sending to rajesh@fbl,FRIEND_FAMILY_PAYMENT,True,False,LOW,,rajesh@fbl,5000.0,False,False,
"Hi Amit, transferring ₹3,000 for the groceries you got. Sending to naveen87@okaxis.",FRIEND_FAMILY_PAYMENT,True,False,LOW,,naveen87@okaxis,3000.0,True,False,
"Mama here, new number. Phone broke. Send ₹8,000 today only to prize.center@upi, emergency, will explain later.",IMPERSONATION,True,True,HIGH,,prize.center@upi,8000.0,True,True,urgency|impersonation
"Nani here, new number. Phone broke. Send ₹2,000 before midnight to divya@okhdfcbank, emergency, will explain later.",IMPERSONATION,True,True,HIGH,,divya@okhdfcbank,2000.0,True,True,urgency|impersonation
Data entry job offer no experience needed Registration Rs 499/- only pay on bankverify758@upi Salary Rs 25000,JOB_SCAM,True,True,HIGH,,bankverify758@upi,25000.0,True,True,job
bro reminder ₹150 pending for the uber karan@ybl or cash whatever is easy,PAYMENT_REQUEST,True,False,LOW,,karan@ybl,150.0,False,False,
"Axis Bank: EMI of ₹22,000 for loan a/c ending 4977 is due on 10th. Maintain sufficient balance. Do not share OTP with anyone.",BANK_REQUEST,True,False,LOW,,,22000.0,False,False,kyc_credential|impersonation
"₹2,000 urgently deepak@fbl pe bhejo or the amount will be forfeited, warna problem ho jayegi.",URGENCY_PAYMENT,True,True,HIGH,,deepak@fbl,2000.0,True,True,urgency
"Yaar ₹600 de dena the Netflix split ke liye, karan@ptaxis",PAYMENT_REQUEST,True,False,LOW,,karan@ptaxis,600.0,False,False,
can you pick up 33 kg of rice on the way back?,NON_PAYMENT,False,False,LOW,,,,False,False,
"Lucky customer! ₹10,000 bonus credited pending. Transfer ₹99 to jobportal.fee@oksbi for release right now. Contact 06202241756",PRIZE_SCAM,True,True,HIGH,+916202241756,jobportal.fee@oksbi,99.0,True,True,urgency|reward
tata power: your bill of rs 649 for consumer no. 225025 is due on 14 mar. pay via the tata power app or bbps.,BILL_PAYMENT,True,False,LOW,,,649.0,False,False,
Deluxe Tailors se order ready hai. ₹250 deluxetailor@okbizaxis pe pay kar dena ya cash de dena.,MERCHANT_PAYMENT,True,False,LOW,,deluxetailor@okbizaxis,250.0,False,False,
"Pending due of Rs. 3,000/- must be cleared before midnight. Send to anjali@okaxis. No further extension.",URGENCY_PAYMENT,True,True,HIGH,,anjali@okaxis,3000.0,True,False,urgency
"Main Mr. Sharma from accounts bol raha hoon. Meeting me hoon, ₹3,000 jaldi customer.care@ibl pe bhej do, vendor wait kar raha hai.",IMPERSONATION,True,True,HIGH,,customer.care@ibl,3000.0,True,True,urgency
Dude your share for the concert tickets is ₹800 Pay to kiran@ptaxis whenever free,PAYMENT_REQUEST,True,False,LOW,,kiran@ptaxis,800.0,False,False,
Crypto trading tips group: deposit INR 1000 to bank.verify@axl and earn daily profit of ₹300. 100% safe.,INVESTMENT_SCAM,True,True,HIGH,,bank.verify@axl,1000.0,False,False,investment|job
"invest rs 5000 today and get 50000 rupees in 7 days, guaranteed returns. pay to bank.verify@axl. limited slots.",INVESTMENT_SCAM,True,True,HIGH,,bank.verify@axl,5000.0,False,False,investment
Hi da send Rs. 800/- for movie tickets. UPI: sneha@oksbi,PAYMENT_REQUEST,True,False,LOW,,sneha@oksbi,800.0,False,False,
"Dear account holder, your Axis Bank KYC expires today. Pay INR 4999 verification fee within 24 hours to refundteam371@ibl nahi toh account band ho jayega. call +91 82843 47955",KYC_SCAM,True,True,HIGH,+918284347955,refundteam371@ibl,4999.0,True,True,urgency|kyc_credential|impersonation|upfront_fee
"Yaar yesterday's dinner ka ₹250 per head aaya hai, sabko bhejna hai ananya@fbl pe by friday",PAYMENT_REQUEST,True,False,LOW,,ananya@fbl,250.0,False,False,
"Yaar galti se ₹2,000 aapke account me chala gaya. Please turant wapas bhej do ananya.patel@ptsbi pe.",REFUND_SCAM,True,True,HIGH,,ananya.patel@ptsbi,2000.0,True,False,urgency|refund
"Thanks for your order at Lakeview Hospital. Amount due Rs. 1,200/-. Pay on delivery or to lakeviewhosp1@paytmqr.",MERCHANT_PAYMENT,True,False,LOW,,lakeviewhosp1@paytmqr,1200.0,False,False,marketplace
"Sent ₹500 for Diwali shopping to gurpreet.patel@apl, check and tell me if received.",FRIEND_FAMILY_PAYMENT,True,False,LOW,,gurpreet.patel@apl,500.0,True,False,
"DEAR WINNER, YOUR AMAZON PRIZE OF ₹10,000 IS READY. REGISTRATION FEE 1499 TO BANK.VERIFY@UPI. CALL +919583441730 ABHI.",PRIZE_SCAM,True,True,HIGH,+919583441730,bank.verify@upi,10000.0,True,True,urgency|reward|upfront_fee|job
congratulations on the new job aditya! party when?,NON_PAYMENT,False,False,LOW,,,,False,False,reward|job
"BUYER HERE FROM OLX. SENDING A PAYMENT REQUEST OF 15000 ON PHONEPE, PLEASE ACCEPT AND ENTER PIN TO RECEIVE.",QR_SCAM,True,True,HIGH,,,,True,True,kyc_credential|marketplace
"Pay ₹2,000 turant to ayesha@paytm warna account block ho jayega. This is the last reminder.",URGENCY_PAYMENT,True,True,HIGH,,ayesha@paytm,2000.0,True,True,urgency
"alert: re-kyc required. transfer ₹4,999 to refundteam@okaxis and share the reference within 24 hours. or the amount will be forfeited.",KYC_SCAM,True,True,HIGH,,refundteam@okaxis,4999.0,True,True,urgency|kyc_credential
"Deal final at ₹12,000 for the cycle. I will pay when I pick it up on Sunday. My UPI is sureshzoy@apl if you need to refund anything.",MARKETPLACE_PAYMENT,True,False,LOW,,sureshzoy@apl,12000.0,False,False,refund
"Dear customer, Re-KYC required. Transfer INR 1999 to cashback.claim@axl and share the reference right now. or the amount will be forfeited.",KYC_SCAM,True,True,HIGH,,cashback.claim@axl,1999.0,True,True,urgency|kyc_credential|impersonation
"Beta, send 8000 rupees to neha16@ptsbi for the school fees, Amit will pay you back next week.",FRIEND_FAMILY_PAYMENT,True,False,LOW,,neha16@ptsbi,8000.0,False,False,
"Congratulations! You have won ₹100,000 in the Amazon lucky draw. Pay Rs. 1,499/- processing fee to npci.verify424@paytm jaldi to claim.",PRIZE_SCAM,True,True,HIGH,,npci.verify424@paytm,1499.0,True,True,urgency|reward|upfront_fee
"Oye can you transfer ₹1,200 for the trek booking? simranadi@apl works. No rush.",PAYMENT_REQUEST,True,False,LOW,,simranadi@apl,1200.0,False,False,
"Congratulations! You have won 10000 rupees in the GPay lucky draw. Pay ₹1,499 processing fee to hdfc.verify@ibl within 2 hours to claim.",PRIZE_SCAM,True,True,HIGH,,hdfc.verify@ibl,1499.0,True,True,urgency|reward|upfront_fee
"You have received Rs 25000 cashback from Amazon. Pay ₹1,499 activation charge to cashback.claim@ybl to receive it asap.",PRIZE_SCAM,True,True,HIGH,,cashback.claim@ybl,1499.0,True,True,urgency|reward
"Hey Rohan here, ₹150 for the pizza bhej do bhai. rohan@okhdfcbank",PAYMENT_REQUEST,True,False,LOW,,rohan@okhdfcbank,150.0,False,False,
Recharge reminder: your BSNL plan expires on 20 Dec Recharge ₹3120 from the app to continue,BILL_PAYMENT,True,False,LOW,,,3120.0,False,False,kyc_credential
"Lucky customer! ₹10,000 bonus credited pending. Transfer Rs 99 to verify.now53@oksbi for release last chance. Contact 9672544917",PRIZE_SCAM,True,True,HIGH,+919672544917,verify.now53@oksbi,99.0,True,True,urgency|reward
Payment of Rs 5000 is required abhi. Use UPI kyc.support427@upi. Do not ignore this message.,URGENCY_PAYMENT,True,True,HIGH,,kyc.support427@upi,5000.0,True,True,urgency
"Hey reminder, Rs 200 pending for the gift for Priya. riya.sharma@paytm or cash, whatever is easy.",PAYMENT_REQUEST,True,False,LOW,,riya.sharma@paytm,200.0,False,False,reward
"City Pharmacy: advance of ₹1,200 for the service is due by 27th. Pay to citypharmacy@sbi or at the desk. GST invoice will follow.",MERCHANT_PAYMENT,True,False,LOW,,citypharmacy@sbi,1200.0,False,False,upfront_fee
Your SBI reward of INR 1000 is waiting. Scan the attached QR to collect. Valid today only.,QR_SCAM,True,True,HIGH,,,1000.0,True,False,urgency|reward|impersonation|qr_link
"Dear account holder, your SBI KYC expires today. Pay ₹499 verification fee asap to jobportal.fee@paytm or legal action will be taken.",KYC_SCAM,True,True,HIGH,,jobportal.fee@paytm,499.0,True,True,urgency|kyc_credential|impersonation|upfront_fee
Dear account holder your Axis Bank KYC expires today Pay ₹4999 verification fee last chance to verifynow@axl nahi toh account band ho jayega,KYC_SCAM,True,True,HIGH,,verifynow@axl,4999.0,True,True,urgency|kyc_credential|impersonation|upfront_fee
"Your delivery is on hold. Pay Rs. 5,000/- customs charge to lottery.claim@ybl immediately or the parcel will be returned.",URGENCY_PAYMENT,True,True,HIGH,,lottery.claim@ybl,5000.0,True,False,urgency|impersonation|marketplace
"reminder: delhi jal board bill rs. 3,120/- due 4 nov. pay through phonepe bill payments section.",BILL_PAYMENT,True,False,LOW,,,3120.0,False,False,
Final notice from IDFC First: pay KYC verification fee 1499 to refunddesk@paytm within 2 hours else your card will be permanently blocked,KYC_SCAM,True,True,HIGH,,refunddesk@paytm,,True,True,urgency|kyc_credential|upfront_fee
"BETA ₹2,000 BHEJ DENA PAPA KE DAWAI KE LIYE FARHAN51@FBL, KAL WAPAS KAR DUNGI.",FRIEND_FAMILY_PAYMENT,True,False,LOW,,farhan51@fbl,2000.0,True,False,
Part time job: earn 2500 rupees per day by liking videos. Pay 999 rupees security deposit to urgentkyc@ibl to start.,JOB_SCAM,True,True,HIGH,,urgentkyc@ibl,999.0,True,True,upfront_fee|job
"Your Airtel broadband plan renews on 5 Sep. Amount Rs. 2,460/-. Auto-pay is enabled, no action needed.",BILL_PAYMENT,True,False,LOW,,,2460.0,False,False,
"Hi, this is the CEO. I am in a meeting and need ₹20,000 transferred within 2 hours to vikramish@oksbi for a vendor. Will reimburse today.",IMPERSONATION,True,True,HIGH,,vikramish@oksbi,20000.0,True,True,urgency|impersonation
"Can you send ₹1,000 to rohanneh@waaxis? Rent is due tomorrow and my salary is delayed. Will return by 5th.",FRIEND_FAMILY_PAYMENT,True,False,LOW,,rohanneh@waaxis,1000.0,True,False,job
"Your BSNL broadband plan renews on 13 Sep. Amount 799. Auto-pay is enabled, no action needed.",BILL_PAYMENT,True,False,LOW,,,,False,False,
Kotak Bank ALERT: KYC not updated. Send Rs 5999 to urgentkyc422@ibl aaj hi to re-activate your account. call +918680546354,KYC_SCAM,True,True,HIGH,+918680546354,urgentkyc422@ibl,5999.0,True,True,urgency|kyc_credential|impersonation
"Your Jio broadband plan renews on 15 Sep. Amount Rs 2460. Auto-pay is enabled, no action needed.",BILL_PAYMENT,True,False,LOW,,,2460.0,False,False,
"Task completed! To withdraw your earnings of Rs. 7,000/-, pay ₹299 unlock fee to lottery.claim867@oksbi.",JOB_SCAM,True,True,HIGH,,lottery.claim867@oksbi,299.0,True,True,upfront_fee|job
"Hey it's Rahul, using a friend's phone. Stuck at the airport, need Rs. 8,000/- jaldi on nisha@okaxis. Please yaar.",IMPERSONATION,True,True,HIGH,,nisha@okaxis,8000.0,True,True,urgency|impersonation
"Customer care Amazon Pay: your account shows suspicious activity. Transfer ₹10,000 to verification account manish@apl final notice.",IMPERSONATION,True,True,HIGH,,manish@apl,10000.0,True,True,urgency|kyc_credential|impersonation
This is customs officer A parcel in your name contains illegal items Pay ₹25000 penalty urgently to securebank@ibl to avoid arrest,IMPERSONATION,True,True,HIGH,,securebank@ibl,25000.0,True,True,urgency|impersonation|marketplace
hi da can you transfer ₹800 for cricket ground booking? naveen96@ptsbi works. no rush.,PAYMENT_REQUEST,True,False,LOW,,naveen96@ptsbi,800.0,False,False,
IDFC First never asks for your PIN OTP or CVV Report suspicious calls to 1930 Your KYC can be updated only at the branch or the official app,BANK_REQUEST,True,False,LOW,,,,False,False,kyc_credential|impersonation
HR team Swiggy: your interview is cleared. Send ₹499 for laptop courier to courier.pay@oksbi. Refundable with first salary.,JOB_SCAM,True,True,HIGH,,courier.pay@oksbi,499.0,True,True,impersonation|job|marketplace
"iPhone 13 ke liye Rs. 8,000/- theek hai. Kal aake dekh ke pay kar dunga, cash ya UPI dono chalega.",MARKETPLACE_PAYMENT,True,False,LOW,,,8000.0,False,False,
"Task completed! To withdraw your earnings of INR 10000, pay ₹999 unlock fee to prize.center476@oksbi.",JOB_SCAM,True,True,HIGH,,prize.center476@oksbi,999.0,False,True,upfront_fee|job
"Dear valued customer, I accidentally sent INR 1500 to your number by mistake. Please return it before midnight to bhavya97@waaxis.",REFUND_SCAM,True,True,HIGH,,bhavya97@waaxis,1500.0,True,True,urgency|refund|impersonation
"Kotak Bank customer, your net banking will be suspended today only. Pay verification amount Rs 499 to rewards.claim304@paytm or your account will be blocked.",KYC_SCAM,True,True,HIGH,,rewards.claim304@paytm,499.0,True,True,urgency|kyc_credential|impersonation
"gift voucher worth ₹25,000 approved for you. pay delivery charge ₹1,499 on support.desk@ybl right now.",PRIZE_SCAM,True,True,HIGH,,support.desk@ybl,1499.0,True,True,urgency|reward|upfront_fee|marketplace
Thanks for your order at Sunrise Tuition. Amount due 1200 rupees. Pay on delivery or to sunrisetuiti7@upi.,MERCHANT_PAYMENT,True,False,LOW,,sunrisetuiti7@upi,1200.0,False,False,marketplace
Invoice #4833 from Green Grocers for Rs 1499. UPI ID greengrocers@sbi. Please share screenshot after payment.,MERCHANT_PAYMENT,True,False,LOW,,greengrocers@sbi,1499.0,False,False,
order MYN141613 refund failed. Pay Rs 49 reversal charge to courier.pay@oksbi turant and full refund of INR 10000 will be credited.,REFUND_SCAM,True,True,HIGH,,courier.pay@oksbi,49.0,True,False,urgency|refund
"KYC update ke liye 499 rupees to jobportal.fee@oksbi immediately pay karo, or your account will be blocked. SBI support +91 69406 56859",KYC_SCAM,True,True,HIGH,+916940656859,jobportal.fee@oksbi,499.0,True,True,urgency|kyc_credential|impersonation
"Data entry job offer, no experience needed. Registration ₹499 only, pay on refundteam@axl. Salary Rs. 25,000/-.",JOB_SCAM,True,True,HIGH,,refundteam@axl,25000.0,True,True,job
city pharmacy monthly subscription of 350 rupees is due on 23th. pay to citypharmacy9@upi at your convenience.,MERCHANT_PAYMENT,True,False,LOW,,citypharmacy9@upi,350.0,False,False,
"Hello BHIM refund of ₹3,000 is stuck. To release it, first pay ₹199 verification to kyc.support@oksbi right now.",REFUND_SCAM,True,True,HIGH,,kyc.support@oksbi,199.0,True,True,urgency|kyc_credential|refund
"CRYPTO TRADING TIPS GROUP: DEPOSIT ₹10,000 TO PRIZE.CENTER159@OKAXIS AND EARN DAILY PROFIT OF 3000 RUPEES. 100% SAFE.",INVESTMENT_SCAM,True,True,HIGH,,prize.center159@okaxis,10000.0,True,False,investment|job
"Dear account holder, PAN-Aadhaar link pending for your Bank of Baroda account. Pay Rs. 1,499/- processing charge to securebank@okaxis urgently warna account block ho jayega.",KYC_SCAM,True,True,HIGH,,securebank@okaxis,1499.0,True,True,urgency|kyc_credential|impersonation|upfront_fee|qr_link
"beta, send ₹3,000 to gurpreet.iyer@upi for the school fees, zoya will pay you back next week.",FRIEND_FAMILY_PAYMENT,True,False,LOW,,gurpreet.iyer@upi,3000.0,False,False,
Payment of 3120 received for Tata Power bill. Receipt no. 23869597.,BILL_PAYMENT,True,False,LOW,,,,False,False,
Task completed! To withdraw your earnings of ₹7000 pay ₹499 unlock fee to hdfcverify@axl,JOB_SCAM,True,True,HIGH,,hdfcverify@axl,499.0,True,True,upfront_fee|job
"i can pay rs 4000 for the cycle, pickup from your place. share your upi id or i will pay cash on pickup.",MARKETPLACE_PAYMENT,True,False,LOW,,,4000.0,False,False,
"Dear winner, your IPL prize of INR 250000 is ready. Registration fee 299 to kyc.support@axl. Call 8298410400 within 1 hour.",PRIZE_SCAM,True,True,HIGH,+918298410400,kyc.support@axl,250000.0,True,True,urgency|reward|upfront_fee|job
"Bank of Baroda: ₹12,000 credited to your account XX1961. Available balance ₹84,000.",BANK_REQUEST,True,False,LOW,,,84000.0,False,False,impersonation
"Flight lands at 11:40, gate 34.",NON_PAYMENT,False,False,LOW,,,,False,False,
"Invest ₹1,000 today and get ₹3,000 in 7 days, guaranteed returns. Pay to bill.desk@ibl. Limited slots.",INVESTMENT_SCAM,True,True,HIGH,,bill.desk@ibl,1000.0,True,True,investment
Our bank branch was closed today holiday for Ganesh Chaturthi,NON_PAYMENT,False,False,LOW,,,,False,False,impersonation
Hey it's Vikram using a friend's phone Stuck at the airport need ₹10000 jaldi on investpro@paytm Please yaar,IMPERSONATION,True,True,HIGH,,investpro@paytm,10000.0,True,True,urgency|impersonation
Wrong transfer alert: 1k credited to you by error. Reverse the amount last chance to aditya15@fbl or call +91 93215 53397.,REFUND_SCAM,True,True,HIGH,+919321553397,aditya15@fbl,1000.0,True,True,urgency|refund
Beta this is your chacha's friend Chacha is in hospital send ₹15000 today only to karan81@okhdfcbank for the admission,IMPERSONATION,True,True,HIGH,,karan81@okhdfcbank,15000.0,True,True,urgency
Bill generated for Mahanagar Gas: Rs 499. View and pay from the official app. Ignore if already paid.,BILL_PAYMENT,True,False,LOW,,,499.0,False,False,impersonation
Payment of ₹399 received for ACT Fibernet bill. Receipt no. 40110540.,BILL_PAYMENT,True,False,LOW,,,399.0,False,False,
"dear account holder, your account has been put on hold due to incomplete kyc. pay 999 rupees to sbi.kyc156@axl asap to restore access. call +919039219165",KYC_SCAM,True,True,HIGH,+919039219165,sbi.kyc156@axl,999.0,True,True,urgency|kyc_credential
"SBI alert: Rs 5600 debited from a/c XX6072 for UPI txn. If not you, call the number on the back of your card.",BANK_REQUEST,True,False,LOW,,,5600.0,False,False,impersonation
"yes bank alert: kyc not updated. send rs. 2,999/- to verifybank@okaxis aaj hi to re-activate your account.",KYC_SCAM,True,True,HIGH,,verifybank@okaxis,2999.0,True,True,urgency|kyc_credential|impersonation
"Invest 2000 rupees today and get INR 10000 in 7 days, guaranteed returns. Pay to rewards.claim914@paytm. Limited slots.",INVESTMENT_SCAM,True,True,HIGH,,rewards.claim914@paytm,2000.0,False,True,investment
Fresh Basket se order ready hai. 2350 freshbasket9@sbi pe pay kar dena ya cash de dena.,MERCHANT_PAYMENT,True,False,LOW,,freshbasket9@sbi,,False,False,
"can you send ₹10,000 to nisha@axl? rent is due tomorrow and my salary is delayed. will return by 5th.",FRIEND_FAMILY_PAYMENT,True,False,LOW,,nisha@axl,10000.0,True,False,job
"Nisha, mera recharge khatam ho gaya, INR 2000 sureshsur@ptaxis pe bhej dena please.",FRIEND_FAMILY_PAYMENT,True,False,LOW,,sureshsur@ptaxis,2000.0,False,False,
Your repair at Deluxe Tailors is complete. Total 2350. UPI: deluxetailor5@paytmqr. Collect anytime before 8 pm.,MERCHANT_PAYMENT,True,False,LOW,,deluxetailor5@paytmqr,,False,False,
"Data entry job offer, no experience needed. Registration 199 only, pay on task.fee@axl. Salary Rs. 80,000/-.",JOB_SCAM,True,True,HIGH,,task.fee@axl,80000.0,True,True,job
stock market expert here. minimum deposit ₹500 to tradepro@okaxis. assured 20% weekly return.,INVESTMENT_SCAM,True,True,HIGH,,tradepro@okaxis,500.0,True,False,
"KYC update ke liye Rs 2499 to cashback.claim549@paytm within 2 hours pay karo, nahi toh account band ho jayega. Kotak Bank support +91 71101 79920",KYC_SCAM,True,True,HIGH,+917110179920,cashback.claim549@paytm,2499.0,True,True,urgency|kyc_credential|impersonation
"MSEDCL ka bill Rs 299 aaya hai, 20 Jan tak bhar dena app se.",BILL_PAYMENT,True,False,LOW,,,299.0,False,False,
"kotak bank alert: 2500 rupees debited from a/c xx7468 for upi txn. if not you, call the number on the back of your card.",BANK_REQUEST,True,False,LOW,,,2500.0,False,False,impersonation
"Forex signals: first 20 members get 10000 on Rs. 1,000/-. Transfer to hdfc.verify@oksbi now.",INVESTMENT_SCAM,True,True,HIGH,,hdfc.verify@oksbi,1000.0,True,False,
Yes Bank: your fixed deposit of 120k matures on 8th. Visit the branch or use net banking to renew.,BANK_REQUEST,True,False,LOW,,,120000.0,False,False,impersonation
"Airtel ka bill ₹499 aaya hai, 2 May tak bhar dena app se.",BILL_PAYMENT,True,False,LOW,,,499.0,False,False,
Fresh Basket se order ready hai. ₹899 freshbasket@upi pe pay kar dena ya cash de dena.,MERCHANT_PAYMENT,True,False,LOW,,freshbasket@upi,899.0,False,False,
"Hello order ZMT356494 refund failed. Pay 99 rupees reversal charge to nisha55@axl immediately and full refund of Rs. 2,000/- will be credited.",REFUND_SCAM,True,True,HIGH,,nisha55@axl,99.0,True,False,urgency|refund
crypto trading tips group: deposit 25k to jobportal.fee@okaxis and earn daily profit of 5000 rupees. 100% safe.,INVESTMENT_SCAM,True,True,HIGH,,jobportal.fee@okaxis,25000.0,True,False,investment|job
"Your BWSSB broadband plan renews on 8 Aug. Amount ₹399. Auto-pay is enabled, no action needed.",BILL_PAYMENT,True,False,LOW,,,399.0,False,False,
"Dude reminder, ₹150 pending for the auto. kavya46@okhdfcbank or cash, whatever is easy.",PAYMENT_REQUEST,True,False,LOW,,kavya46@okhdfcbank,150.0,False,False,
Update your Aadhaar with PNB by paying 4999 to customer.care@oksbi. Link expires within 24 hours. call 7634242359,KYC_SCAM,True,True,HIGH,+917634242359,customer.care@oksbi,,True,True,urgency|kyc_credential|qr_link
"attention: bhai maine ₹10,000 galat number pe bhej diya, tumhare pe aaya hai. urgently invest.pro@paytm pe return kar do please.",REFUND_SCAM,True,True,HIGH,,invest.pro@paytm,10000.0,True,False,urgency
"aditya, ₹10,000 chahiye college fees ke liye, meera.sharma@okicici pe bhej do please, agle hafte lauta dunga.",FRIEND_FAMILY_PAYMENT,True,False,LOW,,meera.sharma@okicici,10000.0,False,False,
"Badhai ho! Aapne Big Bazaar lottery me ₹5,000 jeeta hai. Claim karne ke liye 299 verifybank@ybl pe abhi bhejo.",PRIZE_SCAM,True,True,HIGH,,verifybank@ybl,5000.0,True,True,urgency|reward
"Join our IPO allotment scheme. Pay ₹25,000 to kycupdate941@paytm and get confirmed allotment with 3x listing gain.",INVESTMENT_SCAM,True,True,HIGH,,kycupdate941@paytm,25000.0,True,False,
Can you pick up 29 kg of rice on the way back?,NON_PAYMENT,False,False,LOW,,,,False,False,
Bill generated for Vi: Rs. 649/-. View and pay from the official app. Ignore if already paid.,BILL_PAYMENT,True,False,LOW,,,649.0,False,False,impersonation
Send me the notes for chapter 6 when you get a chance.,NON_PAYMENT,False,False,LOW,,,,False,False,
reminder: vi bill inr 3120 due 17 nov. pay through phonepe bill payments section.,BILL_PAYMENT,True,False,LOW,,,3120.0,False,False,
"Dear valued customer, Your SIM will be blocked by TRAI before midnight. Pay ₹2,000 to securebank@axl to continue services. Call +919192497265",IMPERSONATION,True,True,HIGH,+919192497265,securebank@axl,2000.0,True,True,urgency|impersonation
hey can you transfer rs 1200 for the birthday cake? harshanj@fbl works no rush,PAYMENT_REQUEST,True,False,LOW,,harshanj@fbl,1200.0,False,False,
"City Pharmacy monthly subscription of Rs. 2,350/- is due on 27th. Pay to citypharmacy8@upi at your convenience.",MERCHANT_PAYMENT,True,False,LOW,,citypharmacy8@upi,2350.0,False,False,
"Meeting moved to 7:30 tomorrow, room 169.",NON_PAYMENT,False,False,LOW,,,,False,False,
"For the fridge, pay full ₹1,500 to varun@apl first, delivery within 2 days via army courier. No inspection possible.",MARKETPLACE_PAYMENT,True,True,HIGH,,varun@apl,1500.0,True,False,marketplace
"Dude Amazon Pay refund of Rs. 2,500/- is stuck. To release it, first pay Rs. 99/- verification to amit74@apl urgently.",REFUND_SCAM,True,True,HIGH,,amit74@apl,99.0,True,False,urgency|kyc_credential|refund
"Part time job: earn ₹3,500 per day by liking videos. Pay ₹1,500 security deposit to kycupdate@upi to start.",JOB_SCAM,True,True,HIGH,,kycupdate@upi,1500.0,False,True,upfront_fee|job
Hi Riya transferring ₹5000 for the groceries you got Sending to poojapoo@apl,FRIEND_FAMILY_PAYMENT,True,False,LOW,,poojapoo@apl,5000.0,False,False,
"Congratulations! You have won 5000 rupees in the Lucky Draw lucky draw. Pay ₹1,499 processing fee to refund.desk@ybl aaj hi to claim.",PRIZE_SCAM,True,True,HIGH,,refund.desk@ybl,1499.0,True,True,urgency|reward|upfront_fee
"To receive your refund of 20000 rupees, scan the QR code and enter your UPI PIN. Link: bit.ly/1vhpgf",QR_SCAM,True,True,HIGH,,,20000.0,True,True,kyc_credential|refund|qr_link
Payment of 1000 rupees is required aaj hi. Use UPI kavya@fbl. Do not ignore this message.,URGENCY_PAYMENT,True,True,HIGH,,kavya@fbl,1000.0,True,True,urgency
Recharge reminder: your Jio plan expires on 6 Nov Recharge ₹2460 from the app to continue,BILL_PAYMENT,True,False,LOW,,,2460.0,False,False,kyc_credential
"Ghar baithe kaam, roz 1750 rupees kamao. Joining ke liye ₹199 task.fee@oksbi pe bhejo. Call 67103-89191",JOB_SCAM,True,True,HIGH,+916710389191,task.fee@oksbi,1750.0,True,True,
"HDFC BANK NEVER ASKS FOR YOUR PIN, OTP OR CVV. REPORT SUSPICIOUS CALLS TO 1930. YOUR KYC CAN BE UPDATED ONLY AT THE BRANCH OR THE OFFICIAL APP.",BANK_REQUEST,True,False,LOW,,,,False,False,kyc_credential|impersonation
"Send Rs. 1,500/- right now to ayesha79@okhdfcbank. Time limit 30 minutes. nahi toh account band ho jayega.",URGENCY_PAYMENT,True,True,HIGH,,ayesha79@okhdfcbank,1500.0,True,True,urgency
"HDFC Bank: auto-debit of ₹12,000 for your SIP will be attempted on 23th. Please keep sufficient balance.",BANK_REQUEST,True,False,LOW,,,12000.0,False,False,impersonation
Customer care Amazon Pay: your account shows suspicious activity. Transfer Rs 8000 to verification account tradepro@okaxis within 24 hours.,IMPERSONATION,True,True,HIGH,,tradepro@okaxis,8000.0,True,True,urgency|kyc_credential|impersonation
"Hi da the Uber ka ₹250 per head aaya hai, sabko bhejna hai pooja83@ibl pe by weekend",PAYMENT_REQUEST,True,False,LOW,,pooja83@ibl,250.0,False,False,
Re-KYC required Transfer ₹2999 to rewardsclaim@ybl and share the reference last chance nahi toh account band ho jayega,KYC_SCAM,True,True,HIGH,,rewardsclaim@ybl,2999.0,True,True,urgency|kyc_credential
"Beta, this is your papa's friend. Papa is in hospital, send 5k today only to meera@ptsbi for the admission.",IMPERSONATION,True,True,HIGH,,meera@ptsbi,5000.0,True,True,urgency
Pay ₹7000 right now to anjali@okaxis or the amount will be forfeited This is the last reminder,URGENCY_PAYMENT,True,True,HIGH,,anjali@okaxis,7000.0,True,True,urgency
"Final notice from Yes Bank: pay KYC verification fee ₹1,999 to sbi.kyc274@upi immediately or the amount will be forfeited.",KYC_SCAM,True,True,HIGH,,sbi.kyc274@upi,1999.0,True,True,urgency|kyc_credential|impersonation|upfront_fee
"Axis Bank: 22k credited to your account XX9320. Available balance ₹154,000.",BANK_REQUEST,True,False,LOW,,,154000.0,False,False,impersonation
PAN-AADHAAR LINK PENDING FOR YOUR SBI ACCOUNT. PAY ₹999 PROCESSING CHARGE TO TASK.FEE@UPI TURANT OR YOUR NUMBER WILL BE DISCONNECTED.,KYC_SCAM,True,True,HIGH,,task.fee@upi,999.0,True,True,urgency|kyc_credential|impersonation|upfront_fee|qr_link
Axis Bank ALERT: KYC not updated. Send Rs 2499 to sbi.kyc@okaxis final notice to re-activate your account.,KYC_SCAM,True,True,HIGH,,sbi.kyc@okaxis,2499.0,True,True,urgency|kyc_credential|impersonation
Hey send Rs 1200 for the trek booking to sanjay@ybl,PAYMENT_REQUEST,True,False,LOW,,sanjay@ybl,1200.0,False,False,
Attention: This is Naveen from BHIM support A wrong transfer of ₹2000 was made to you Refund to sureshsharma@waaxis within 2 hours to avoid account freeze,REFUND_SCAM,True,True,HIGH,,sureshsharma@waaxis,2000.0,True,False,urgency|refund
Reminder: MSEDCL bill ₹2460 due 13 May Pay through Paytm bill payments section,BILL_PAYMENT,True,False,LOW,,,2460.0,False,False,
Dear valued customer Update your Aadhaar with Yes Bank by paying Rs 499 to rewardsclaim@paytm Link expires jaldi call 78978-26381,KYC_SCAM,True,True,HIGH,+917897826381,rewardsclaim@paytm,499.0,True,True,urgency|kyc_credential|impersonation|qr_link
Royal Bakery: admission deposit of ₹480 for patient Nisha K is due today so the admission can be completed Pay at the billing counter or to UPI royalbakery3@upi Receipt will be issued,MERCHANT_PAYMENT,True,False,LOW,,royalbakery3@upi,480.0,False,False,
Papa needs Rs 1000 for the hospital deposit today so admission can be completed Send to priyasan@paytm I'll transfer back on Monday,FRIEND_FAMILY_PAYMENT,True,False,LOW,,priyasan@paytm,1000.0,True,False,
This is Aditya from GPay support. A wrong transfer of Rs 1500 was made to you. Refund to vikramkav@paytm today only to avoid account freeze.,REFUND_SCAM,True,True,HIGH,,vikramkav@paytm,1500.0,True,False,urgency|refund
HR team Flipkart: your interview is cleared. Send 999 for laptop courier to quickloan@ybl. Refundable with first salary.,JOB_SCAM,True,True,HIGH,,quickloan@ybl,,False,True,impersonation|job|marketplace
Reached home safely thanks for the ride!,NON_PAYMENT,False,False,LOW,,,,False,False,
"Lucky customer! ₹25,000 bonus credited pending. Transfer 999 to kyc.support@oksbi for release within 1 hour. Contact 07559787996",PRIZE_SCAM,True,True,HIGH,+917559787996,kyc.support@oksbi,25000.0,True,True,urgency|reward
Crypto trading tips group: deposit INR 500 to verify.now@okaxis and earn daily profit of 100. 100% safe.,INVESTMENT_SCAM,True,True,HIGH,,verify.now@okaxis,500.0,False,False,investment|job
"Harsh, ₹2,000 for Mummy's medicines. My UPI naveen74@paytm or call me 8877169472",FRIEND_FAMILY_PAYMENT,True,False,LOW,+918877169472,naveen74@paytm,2000.0,False,False,
Mom said dinner at 8 don't be late again,NON_PAYMENT,False,False,LOW,,,,False,False,
Hi da your share for yesterday's dinner is ₹250. Pay to zoyadee@apl whenever free.,PAYMENT_REQUEST,True,False,LOW,,zoyadee@apl,250.0,False,False,
"Bua here, new number. Phone broke. Send 3000 within 1 hour to npci.verify@oksbi, emergency, will explain later.",IMPERSONATION,True,True,HIGH,,npci.verify@oksbi,,True,True,urgency|impersonation
Wrong transfer alert: ₹1000 credited to you by error Reverse the amount right now to karanhar@okicici or call 75097-93442,REFUND_SCAM,True,True,HIGH,+917509793442,karanhar@okicici,1000.0,True,True,urgency|refund
"BHAI HERE, NEW NUMBER. PHONE BROKE. SEND 5000 TURANT TO ANJALI63@FBL, EMERGENCY, WILL EXPLAIN LATER.",IMPERSONATION,True,True,HIGH,,anjali63@fbl,,True,True,urgency|impersonation
Customer care Amazon Pay: your account shows suspicious activity. Transfer Rs 8000 to verification account prize.center679@oksbi final notice.,IMPERSONATION,True,True,HIGH,,prize.center679@oksbi,8000.0,True,True,urgency|kyc_credential|impersonation
Stock market expert here. Minimum deposit INR 500 to kyc.support@upi. Assured 30% weekly return.,INVESTMENT_SCAM,True,True,HIGH,,kyc.support@upi,500.0,True,False,
Congratulations! You have won Rs 250000 in the Dream11 lucky draw. Pay ₹499 processing fee to securebank@ybl final notice to claim.,PRIZE_SCAM,True,True,HIGH,,securebank@ybl,499.0,True,True,urgency|reward|upfront_fee
"Yaar Amit here, 800 rupees for the Netflix split bhej do bhai. amit.patel@ibl",PAYMENT_REQUEST,True,False,LOW,,amit.patel@ibl,800.0,False,False,
"Hey it's Joseph, using a friend's phone. Stuck at the airport, need INR 8000 abhi on anjali83@fbl. Please yaar.",IMPERSONATION,True,True,HIGH,,anjali83@fbl,8000.0,True,True,urgency|impersonation
Attention: Update your Aadhaar with PNB by paying 499 rupees to task.fee111@oksbi. Link expires turant. call 96298-33477,KYC_SCAM,True,True,HIGH,+919629833477,task.fee111@oksbi,499.0,True,True,urgency|kyc_credential|qr_link
dear account holder re-kyc required transfer ₹5999 to refunddesk@ybl and share the reference asap or the amount will be forfeited,KYC_SCAM,True,True,HIGH,,refunddesk@ybl,5999.0,True,True,urgency|kyc_credential
"Need ₹500 for the flight change today, please send to ishitarit@fbl and I'll settle when back.",FRIEND_FAMILY_PAYMENT,True,False,LOW,,ishitarit@fbl,500.0,True,False,
"Main your HR head bol raha hoon. Meeting me hoon, ₹20,000 abhi claimprize@ibl pe bhej do, vendor wait kar raha hai.",IMPERSONATION,True,True,HIGH,,claimprize@ibl,20000.0,True,True,urgency
"Papa needs Rs 1000 for the hospital deposit today so admission can be completed. Send to rahul87@okicici, I'll transfer back on Monday.",FRIEND_FAMILY_PAYMENT,True,False,LOW,,rahul87@okicici,1000.0,True,False,
"Rs 1500 asap sureshvik@fbl pe bhejo or legal action will be taken, warna problem ho jayegi.",URGENCY_PAYMENT,True,True,HIGH,,sureshvik@fbl,1500.0,True,False,urgency
"Axis Bank never asks for your PIN, OTP or CVV. Report suspicious calls to 1930. Your KYC can be updated only at the branch or the official app.",BANK_REQUEST,True,False,LOW,,,,False,False,kyc_credential|impersonation
HR team Infosys: your interview is cleared. Send ₹299 for laptop courier to lottery.claim77@ibl. Refundable with first salary.,JOB_SCAM,True,True,HIGH,,lottery.claim77@ibl,299.0,True,True,impersonation|job|marketplace
"₹1,000 today only refundteam@ibl pe bhejo or your number will be disconnected, warna problem ho jayegi.",URGENCY_PAYMENT,True,True,HIGH,,refundteam@ibl,1000.0,True,False,urgency
Reminder: dentist appointment on 4th at 15:00.,NON_PAYMENT,False,False,LOW,,,,False,False,
"forex signals: first 5 members get ₹5,000 on ₹500. transfer to official.support@oksbi now.",INVESTMENT_SCAM,True,True,HIGH,,official.support@oksbi,5000.0,True,False,
Sirf Rs 2000/- invest karo aur ₹4000 pao guaranteed cashbackclaim800@okaxis pe payment karo abhi,INVESTMENT_SCAM,True,True,HIGH,,cashbackclaim800@okaxis,2000.0,False,False,urgency|investment
"Canara Bank customer, your net banking will be suspended within 24 hours. Pay verification amount Rs. 999/- to bank.verify@oksbi or the amount will be forfeited.",KYC_SCAM,True,True,HIGH,,bank.verify@oksbi,999.0,True,True,urgency|kyc_credential|impersonation
"Hey it's Rohan, using a friend's phone. Stuck at the airport, need 15000 rupees today only on hrdesk953@ybl. Please yaar.",IMPERSONATION,True,True,HIGH,,hrdesk953@ybl,15000.0,True,True,urgency|impersonation
"Flight lands at 8:05, gate 8.",NON_PAYMENT,False,False,LOW,,,,False,False,
"Oye ₹500 de dena the gift for Priya ke liye, simran.sharma@apl",PAYMENT_REQUEST,True,False,LOW,,simran.sharma@apl,500.0,False,False,reward
"Mummy here, new number. Phone broke. Send ₹3,000 right now to nikhil1@okicici, emergency, will explain later.",IMPERSONATION,True,True,HIGH,,nikhil1@okicici,3000.0,True,True,urgency|impersonation
Happy birthday Kavya! Have a great year ahead.,NON_PAYMENT,False,False,LOW,,,,False,False,
"Need Rs. 8,000/- for the flight change today, please send to ritu.iyer@fbl and I'll settle when back.",FRIEND_FAMILY_PAYMENT,True,False,LOW,,ritu.iyer@fbl,8000.0,True,False,
"Payment of ₹5,000 is required within 24 hours. Use UPI electricity.pay@ybl. Do not ignore this message.",URGENCY_PAYMENT,True,True,HIGH,,electricity.pay@ybl,5000.0,True,False,urgency
"Hi, this is your manager. I am in a meeting and need 2k transferred within 1 hour to vikram.patel@paytm for a vendor. Will reimburse today.",IMPERSONATION,True,True,HIGH,,vikram.patel@paytm,2000.0,True,True,urgency|impersonation
"Dear winner, your Lucky Draw prize of ₹100,000 is ready. Registration fee ₹99 to tradepro@axl. Call 69399-09169 abhi.",PRIZE_SCAM,True,True,HIGH,+916939909169,tradepro@axl,99.0,True,True,urgency|reward|upfront_fee|job
"Click sbi-verify-ofoehmw.xyz to verify your UPI and get ₹1,000 credited. Enter PIN to confirm. Support +91 71010 10071",QR_SCAM,True,True,HIGH,+917101010071,,1000.0,False,False,kyc_credential|qr_link
"Your Yes Bank debit card will be blocked last chance. To keep it active pay ₹2,499 KYC charge to task.fee456@okaxis. Helpline +91 69431 52119",KYC_SCAM,True,True,HIGH,+916943152119,task.fee456@okaxis,2499000.0,True,True,urgency|kyc_credential|impersonation
Beta send 8000 to rohankhan@fbl for the school fees Mummy will pay you back next week,FRIEND_FAMILY_PAYMENT,True,False,LOW,,rohankhan@fbl,,False,False,
"Got 7 marks in the internal, decent I guess.",NON_PAYMENT,False,False,LOW,,,,False,False,
"reminder, 150 pending for the gift for Priya. rajesh@oksbi or cash, whatever is easy.",PAYMENT_REQUEST,True,False,LOW,,rajesh@oksbi,,False,False,reward
"Payment received, ₹4,500 from you at FitLife Gym. Thank you, visit again!",MERCHANT_PAYMENT,True,False,LOW,,,4500.0,False,False,
Oye cricket ground booking ka 500 bhej dena deepaksingh@axl,PAYMENT_REQUEST,True,False,LOW,,deepaksingh@axl,,False,False,
"Hi BHIM refund of ₹1,000 is stuck. To release it, first pay 199 verification to invest.pro@upi jaldi.",REFUND_SCAM,True,True,HIGH,,invest.pro@upi,1000.0,True,False,urgency|kyc_credential|refund
task completed! to withdraw your earnings of 10k pay 499 unlock fee to bankverify@oksbi,JOB_SCAM,True,True,HIGH,,bankverify@oksbi,10000.0,True,True,upfront_fee|job
book corner: your bill is ₹899. pay via upi bookcorner@axisbank or at the counter. thank you for visiting.,MERCHANT_PAYMENT,True,False,LOW,,bookcorner@axisbank,899.0,False,False,
Invoice #5657 from Fresh Basket for Rs. 250/-. UPI ID freshbasket5@sbi. Please share screenshot after payment.,MERCHANT_PAYMENT,True,False,LOW,,freshbasket5@sbi,250.0,False,False,
Your BWSSB broadband plan renews on 15 Nov Amount Rs 1890/- Auto-pay is enabled no action needed,BILL_PAYMENT,True,False,LOW,,,1890.0,False,False,
Dear customer Your SIM will be blocked by TRAI today only Pay ₹10000 to quickloan@axl to continue services Call +917265234655,IMPERSONATION,True,True,HIGH,+917265234655,quickloan@axl,10000.0,True,True,urgency|impersonation
quick laundry monthly subscription of ₹480 is due on 14th. pay to quicklaundry@sbi at your convenience.,MERCHANT_PAYMENT,True,False,LOW,,quicklaundry@sbi,480.0,False,False,
Hi 150 for movie tickets please GPay on divya@ptsbi Thanks!,PAYMENT_REQUEST,True,False,LOW,,divya@ptsbi,,False,False,
"Sirf ₹5,000 invest karo aur ₹15,000 pao guaranteed. electricity.pay359@okaxis pe payment karo abhi.",INVESTMENT_SCAM,True,True,HIGH,,electricity.pay359@okaxis,5000.0,False,False,urgency|investment
Bill generated for Jio: ₹399 View and pay from the official app Ignore if already paid,BILL_PAYMENT,True,False,LOW,,,399.0,False,False,impersonation
"Your BSNL broadband plan renews on 27 Oct. Amount 1890 rupees. Auto-pay is enabled, no action needed.",BILL_PAYMENT,True,False,LOW,,,1890.0,False,False,
Recharge reminder: your BSNL plan expires on 4 Aug. Recharge ₹399 from the app to continue.,BILL_PAYMENT,True,False,LOW,,,399.0,False,False,kyc_credential
"Send ₹7,000 immediately to shreya.singh@ptaxis. Time limit 30 minutes. else your card will be permanently blocked.",URGENCY_PAYMENT,True,True,HIGH,,shreya.singh@ptaxis,7000.0,True,True,urgency
"Yaar reminder, ₹750 pending for the Uber. joseph58@ptaxis or cash, whatever is easy.",PAYMENT_REQUEST,True,False,LOW,,joseph58@ptaxis,750.0,False,False,
Thanks for your order at Blue Dart. Amount due 120. Pay on delivery or to bluedart2@paytmqr.,MERCHANT_PAYMENT,True,False,LOW,,bluedart2@paytmqr,,False,False,marketplace
"Activa scooter ke liye ₹40,000 theek hai. Kal aake dekh ke pay kar dunga, cash ya UPI dono chalega.",MARKETPLACE_PAYMENT,True,False,LOW,,,40000.0,False,False,
"sbi never asks for your pin, otp or cvv. report suspicious calls to 1930. your kyc can be updated only at the branch or the official app.",BANK_REQUEST,True,False,LOW,,,,False,False,kyc_credential|impersonation
Payment of 2460 rupees received for Airtel bill. Receipt no. 60801453.,BILL_PAYMENT,True,False,LOW,,,2460.0,False,False,
"Payment for the sofa set done, ₹6,000 via GPay to kavya.das@ibl. Please share the invoice.",MARKETPLACE_PAYMENT,True,False,LOW,,kavya.das@ibl,6000.0,False,False,
"Mahanagar Gas: your bill of Rs. 3,120/- for consumer no. 239168 is due on 25 Apr. Pay via the Mahanagar Gas app or BBPS.",BILL_PAYMENT,True,False,LOW,,,3120.0,False,False,
"Bro reminder, 500 rupees pending for the electricity share. lakshmi@ibl or cash, whatever is easy.",PAYMENT_REQUEST,True,False,LOW,,lakshmi@ibl,500.0,False,False,
"Payment of ₹2,460 received for Jio bill. Receipt no. 26965914.",BILL_PAYMENT,True,False,LOW,,,2460.0,False,False,
Gift voucher worth 250k approved for you. Pay delivery charge ₹99 on verify.now@okaxis aaj hi.,PRIZE_SCAM,True,True,HIGH,,verify.now@okaxis,99.0,True,True,urgency|reward|upfront_fee|marketplace
Your repair at City Pharmacy is complete. Total ₹480. UPI: citypharmacy1@upi. Collect anytime before 8 pm.,MERCHANT_PAYMENT,True,False,LOW,,citypharmacy1@upi,480.0,False,False,
dear customer your idfc first kyc expires today pay 999 verification fee right now to hrdesk@ibl otherwise your account will be suspended call +91 86761 70995,KYC_SCAM,True,True,HIGH,+918676170995,hrdesk@ibl,,True,True,urgency|kyc_credential|impersonation|upfront_fee
ACT Fibernet: your bill of ₹299 for consumer no. 860180 is due on 27 Sep. Pay via the ACT Fibernet app or BBPS.,BILL_PAYMENT,True,False,LOW,,,299.0,False,False,
"Dear valued customer, Bhai maine ₹4,000 galat number pe bhej diya, tumhare pe aaya hai. before midnight simran@okhdfcbank pe return kar do please.",REFUND_SCAM,True,True,HIGH,,simran@okhdfcbank,4000.0,True,True,urgency|impersonation
Bill generated for Mahanagar Gas: Rs 299. View and pay from the official app. Ignore if already paid.,BILL_PAYMENT,True,False,LOW,,,299.0,False,False,impersonation
"beta, send ₹1,000 to ishita.singh@axl for the school fees, naveen will pay you back next week.",FRIEND_FAMILY_PAYMENT,True,False,LOW,,ishita.singh@axl,1000.0,False,False,
Final notice from Yes Bank: pay KYC verification fee Rs 4999 to refundteam@ybl within 24 hours nahi toh account band ho jayega.,KYC_SCAM,True,True,HIGH,,refundteam@ybl,4999.0,True,True,urgency|kyc_credential|impersonation|upfront_fee
"washing machine ke liye 18k theek hai. Kal aake dekh ke pay kar dunga, cash ya UPI dono chalega.",MARKETPLACE_PAYMENT,True,False,LOW,,,18000.0,False,False,
Payment of 3120 rupees received for Adani Gas bill. Receipt no. 64291836.,BILL_PAYMENT,True,False,LOW,,,3120.0,False,False,
"We detected an excess credit of ₹7,500 in your wallet. Return it last chance to bhavyanik@ptsbi else your wallet will be blocked.",REFUND_SCAM,True,True,HIGH,,bhavyanik@ptsbi,7500.0,True,False,urgency|refund
"Divya, ₹5,000 chahiye college fees ke liye, bhavya@waaxis pe bhej do please, agle hafte lauta dunga.",FRIEND_FAMILY_PAYMENT,True,False,LOW,,bhavya@waaxis,5000.0,True,False,
"main the director bol raha hoon. meeting me hoon, ₹15,000 jaldi shreya.singh@waaxis pe bhej do, vendor wait kar raha hai.",IMPERSONATION,True,True,HIGH,,shreya.singh@waaxis,15000.0,True,True,urgency
Cafe Nirvana: admission deposit of 2600 for patient Kavya K is due today so the admission can be completed. Pay at the billing counter or to UPI cafenirvana@paytmqr. Receipt will be issued.,MERCHANT_PAYMENT,True,False,LOW,,cafenirvana@paytmqr,,False,False,
"I am interested in your listing. I will pay ₹5,000, just scan this QR code I am sending to receive the money.",QR_SCAM,True,True,HIGH,,,5000.0,False,False,qr_link
"Sent Rs 5000 for Diwali shopping to rajesh@ybl, check and tell me if received.",FRIEND_FAMILY_PAYMENT,True,False,LOW,,rajesh@ybl,5000.0,True,False,
"install this app reward-claim-zxz43.link and share the screen to receive ₹1,000 cashback instantly.",QR_SCAM,True,True,HIGH,,,1000.0,True,False,reward|qr_link
Congratulations you are selected for a work from home job at Infosys Salary ₹50000/month Pay registration fee ₹2500 to kycupdate@oksbi to confirm,JOB_SCAM,True,True,HIGH,,kycupdate@oksbi,2500.0,True,True,reward|upfront_fee|job
Your Delhi Jal Board broadband plan renews on 16 Feb Amount Rs 1340 Auto-pay is enabled no action needed,BILL_PAYMENT,True,False,LOW,,,1340.0,False,False,
"Dear user, Update your Aadhaar with Kotak Bank by paying Rs. 499/- to quickloan@okaxis. Link expires before midnight.",KYC_SCAM,True,True,HIGH,,quickloan@okaxis,499.0,True,True,urgency|kyc_credential|impersonation|qr_link
Crypto trading tips group: deposit Rs 2000 to kyc.support@axl and earn daily profit of INR 600. 100% safe.,INVESTMENT_SCAM,True,True,HIGH,,kyc.support@axl,2000.0,True,False,investment|job
"Hello your share for the gift for Priya is ₹1,500. Pay to gurpreet19@upi whenever free.",PAYMENT_REQUEST,True,False,LOW,,gurpreet19@upi,1500.0,False,False,reward
Scored a hat-trick yesterday 49 runs too!,NON_PAYMENT,False,False,LOW,,,,False,False,
"Weather is crazy today, 40 degrees and raining.",NON_PAYMENT,False,False,LOW,,,,False,False,
Pay Rs 2000 abhi to sbi.kyc@oksbi or your number will be disconnected. This is the last reminder.,URGENCY_PAYMENT,True,True,HIGH,,sbi.kyc@oksbi,2000.0,True,False,urgency
"bescom ka bill inr 649 aaya hai, 26 nov tak bhar dena app se.",BILL_PAYMENT,True,False,LOW,,,649.0,False,False,
Invoice #4499 from Green Grocers for 180 rupees UPI ID greengrocers6@paytmqr Please share screenshot after payment,MERCHANT_PAYMENT,True,False,LOW,,greengrocers6@paytmqr,180.0,False,False,
"dear account holder, order ord572640 refund failed. pay rs 149 reversal charge to anjali@upi asap and full refund of rs 7500 will be credited.",REFUND_SCAM,True,True,HIGH,,anjali@upi,149.0,True,True,urgency|refund
"dear user, my son sent inr 4000 to your upi by mistake, he is crying. please send it back urgently on cashback.claim968@oksbi. god bless you.",REFUND_SCAM,True,True,HIGH,,cashback.claim968@oksbi,4000.0,True,False,urgency|impersonation
"Stock market expert here. Minimum deposit ₹1,000 to official.support665@upi. Assured 30% weekly return.",INVESTMENT_SCAM,True,True,HIGH,,official.support665@upi,1000.0,True,False,
your swiggy order has been delivered. rate your experience.,NON_PAYMENT,False,False,LOW,,,,False,False,
"Data entry job offer, no experience needed. Registration Rs 1500 only, pay on cashback.claim@okaxis. Salary ₹15,000.",JOB_SCAM,True,True,HIGH,,cashback.claim@okaxis,15000.0,False,True,job
"Hi Goa trip ka Rs. 500/- per head aaya hai, sabko bhejna hai amit.sharma@ptsbi pe by monday",PAYMENT_REQUEST,True,False,LOW,,amit.sharma@ptsbi,500.0,False,False,
"Sneha, mera recharge khatam ho gaya, Rs. 18,000/- karannav@okhdfcbank pe bhej dena please.",FRIEND_FAMILY_PAYMENT,True,False,LOW,,karannav@okhdfcbank,18000.0,False,False,
"Click reward-claim-wvfxeli.link to verify your UPI and get ₹10,000 credited. Enter PIN to confirm. Support 07095799270",QR_SCAM,True,True,HIGH,+917095799270,,10000.0,False,True,kyc_credential|qr_link
"Hello, I'm calling from Bank of Baroda security. Your account is compromised. Move ₹15,000 to safe account rewards.claim@ibl turant.",IMPERSONATION,True,True,HIGH,,rewards.claim@ibl,15000.0,True,True,urgency|impersonation
"Attention: Aapka Bank of Baroda KYC expire ho gaya hai. Rs. 1,999/- right now to kyc.support@oksbi bhejo warna account block ho jayega. call +91 92185 08226",KYC_SCAM,True,True,HIGH,+919218508226,kyc.support@oksbi,1999.0,True,True,urgency|kyc_credential|impersonation
"Payment of ₹1,890 received for Vi bill. Receipt no. 55861184.",BILL_PAYMENT,True,False,LOW,,,1890.0,False,False,
Hey Rs 750/- for the electricity share please GPay on ritu@upi Thanks!,PAYMENT_REQUEST,True,False,LOW,,ritu@upi,750.0,False,False,
"Invest Rs. 1,000/- today and get 3000 rupees in 7 days, guaranteed returns. Pay to tradepro@paytm. Limited slots.",INVESTMENT_SCAM,True,True,HIGH,,tradepro@paytm,1000.0,False,True,investment
Payment of Rs 1340 received for Airtel bill. Receipt no. 66325538.,BILL_PAYMENT,True,False,LOW,,,1340.0,False,False,
"Customer care PhonePe: your account shows suspicious activity. Transfer ₹15,000 to verification account prize.center@ybl jaldi.",IMPERSONATION,True,True,HIGH,,prize.center@ybl,15000.0,True,True,urgency|kyc_credential|impersonation
pnb: auto-debit of ₹4300 for your sip will be attempted on 8th please keep sufficient balance,BANK_REQUEST,True,False,LOW,,,4300.0,False,False,
"Dear user, your SBI KYC expires today. Pay ₹4,999 verification fee final notice to official.support@oksbi warna account block ho jayega. call +916540757627",KYC_SCAM,True,True,HIGH,+916540757627,official.support@oksbi,4999.0,True,True,urgency|kyc_credential|impersonation|upfront_fee
Payment of 799 rupees received for Mahanagar Gas bill. Receipt no. 73598429.,BILL_PAYMENT,True,False,LOW,,,799.0,False,False,
hello split for movie tickets came to rs 250 each. send to bhavya.khan@ptsbi when you can.,PAYMENT_REQUEST,True,False,LOW,,bhavya.khan@ptsbi,250.0,False,False,
Dude send ₹750 for the birthday cake to gurpreet.das@ibl,PAYMENT_REQUEST,True,False,LOW,,gurpreet.das@ibl,750.0,False,False,
Bank of Baroda: cheque no. 790857 for 4300 rupees has been cleared.,BANK_REQUEST,True,False,LOW,,,4300.0,False,False,impersonation
Arre can you transfer ₹100 for the auto? manish.iyer@upi works. No rush.,PAYMENT_REQUEST,True,False,LOW,,manish.iyer@upi,100.0,False,False,
"DUDE THE ELECTRICITY SHARE KA ₹250 BHEJ DENA, ANANYA@OKICICI",PAYMENT_REQUEST,True,False,LOW,,ananya@okicici,250.0,False,False,
"Your PNB reward of ₹20,000 is waiting. Scan the attached QR to collect. Valid today only.",QR_SCAM,True,True,HIGH,,,20000.0,True,False,urgency|reward|qr_link
"Send ₹7,000 last chance to naveen@okicici. Time limit 30 minutes. or your account will be blocked.",URGENCY_PAYMENT,True,True,HIGH,,naveen@okicici,,True,True,urgency|kyc_credential
"Sent Rs 10000 for Diwali shopping to gurpreet@fbl, check and tell me if received.",FRIEND_FAMILY_PAYMENT,True,False,LOW,,gurpreet@fbl,10000.0,False,False,
Fresh Basket: advance of INR 2350 for the order is due by 10th. Pay to freshbasket7@okbizaxis or at the desk. GST invoice will follow.,MERCHANT_PAYMENT,True,False,LOW,,freshbasket7@okbizaxis,2350.0,False,False,upfront_fee
"Quick Laundry: table booked. A deposit of 3200 to quicklaundry6@icici confirms the booking, adjustable against the bill.",MERCHANT_PAYMENT,True,False,LOW,,quicklaundry6@icici,,False,False,
collect request sent for ₹15000 approve it with your upi pin to receive the amount,QR_SCAM,True,True,HIGH,,,15000.0,True,True,kyc_credential
Alert: order FLP403509 refund failed Pay 49 reversal charge to securebank@axl last chance and full refund of Rs 2500 will be credited,REFUND_SCAM,True,True,HIGH,,securebank@axl,2500.0,True,True,urgency|refund
"install this app cutt.ly/7i59gj and share the screen to receive ₹2,000 cashback instantly.",QR_SCAM,True,True,HIGH,,,2000.0,True,True,reward|qr_link
icici bank: auto-debit of 12000 rupees for your sip will be attempted on 15th. please keep sufficient balance.,BANK_REQUEST,True,False,LOW,,,12000.0,False,False,impersonation
Double your money scheme! Send Rs 10000 to urgentkyc@paytm and receive Rs 30000 by Monday. WhatsApp 92076-95368,INVESTMENT_SCAM,True,True,HIGH,+919207695368,urgentkyc@paytm,10000.0,True,False,investment
"Invest INR 5000 today and get 15k in 7 days, guaranteed returns. Pay to customer.care@paytm. Limited slots.",INVESTMENT_SCAM,True,True,HIGH,,customer.care@paytm,5000.0,False,False,investment
"I went to the Bank of Baroda branch today for KYC, took 13 minutes only.",NON_PAYMENT,False,False,LOW,,,,False,False,kyc_credential|impersonation
Refund team here. Your cashback of 10000 rupees is pending. Send Rs. 99/- processing fee to customer.care787@paytm within 24 hours.,REFUND_SCAM,True,True,HIGH,,customer.care787@paytm,99.0,True,True,urgency|reward|refund|upfront_fee
Double your money scheme! Send ₹1000 to bankverify721@oksbi and receive Rs 5000 by Monday WhatsApp 6160847818,INVESTMENT_SCAM,True,True,HIGH,+916160847818,bankverify721@oksbi,1000.0,False,True,investment
"Naveen, mera recharge khatam ho gaya, Rs 3000 pooja.sharma@oksbi pe bhej dena please.",FRIEND_FAMILY_PAYMENT,True,False,LOW,,pooja.sharma@oksbi,3000.0,False,False,
"I can pay ₹12,000 for the laptop, pickup from your place. Share your UPI ID or I will pay cash on pickup.",MARKETPLACE_PAYMENT,True,False,LOW,,,12000.0,False,False,
"Data entry job offer, no experience needed. Registration ₹299 only, pay on support.desk@oksbi. Salary 80000 rupees.",JOB_SCAM,True,True,HIGH,,support.desk@oksbi,80000.0,True,True,job
"KYC update ke liye 999 rupees to quickloan@ybl within 24 hours pay karo, otherwise your account will be suspended. Canara Bank support 8680606561",KYC_SCAM,True,True,HIGH,+918680606561,quickloan@ybl,999.0,True,True,urgency|kyc_credential|impersonation
"Hello, I'm calling from SBI security. Your account is compromised. Move ₹25,000 to safe account ananya21@oksbi last chance.",IMPERSONATION,True,True,HIGH,,ananya21@oksbi,25000.0,True,True,urgency|impersonation
"hey this is ananya from paytm support. a wrong transfer of ₹2,500 was made to you. refund to amitnav@ybl last chance to avoid account freeze.",REFUND_SCAM,True,True,HIGH,,amitnav@ybl,2500.0,True,False,urgency|refund
Your SBI reward of Rs 2000 is waiting. Scan the attached QR to collect. Valid today only.,QR_SCAM,True,True,HIGH,,,2000.0,False,False,urgency|reward|impersonation|qr_link
"canara bank: cheque no. 718345 for ₹12,000 has been cleared.",BANK_REQUEST,True,False,LOW,,,12000.0,False,False,impersonation
"Lucky customer! Rs 250000 bonus credited pending. Transfer ₹1,499 to support.desk@ibl for release abhi. Contact 8134982734",PRIZE_SCAM,True,True,HIGH,+918134982734,support.desk@ibl,1499.0,True,True,urgency|reward
"CRPF jawan, urgent posting. PS5 at Rs. 6,000/- only. Advance Rs. 1,000/- on sneha@okhdfcbank to block it.",MARKETPLACE_PAYMENT,True,True,HIGH,,sneha@okhdfcbank,6000.0,True,True,urgency|upfront_fee
"Double your money scheme! Send Rs 25000 to verify.now@ybl and receive ₹75,000 by Monday. WhatsApp 6792660940",INVESTMENT_SCAM,True,True,HIGH,+916792660940,verify.now@ybl,25000.0,False,False,investment
Notice: PAN-Aadhaar link pending for your Bank of Baroda account. Pay Rs 5999 processing charge to jobportal.fee@okaxis asap or services will be deactivated.,KYC_SCAM,True,True,HIGH,,jobportal.fee@okaxis,5999.0,True,True,urgency|kyc_credential|impersonation|upfront_fee|qr_link
install this app sbi-verify-v913oxyz and share the screen to receive rs 1000/- cashback instantly,QR_SCAM,True,True,HIGH,,,1000.0,False,False,reward|impersonation|qr_link
"SBI: cheque no. 396969 for ₹2,500 has been cleared.",BANK_REQUEST,True,False,LOW,,,2500.0,False,False,impersonation
"ICICI Bank: ₹1,250 credited to your account XX4660. Available balance INR 2500.",BANK_REQUEST,True,False,LOW,,,2500.0,False,False,impersonation
"Part time job: earn ₹2,500 per day by liking videos. Pay ₹1,500 security deposit to rewards.claim@axl to start.",JOB_SCAM,True,True,HIGH,,rewards.claim@axl,1500.0,False,True,upfront_fee|job
Collect request sent for 10000. Approve it with your UPI PIN to receive the amount.,QR_SCAM,True,True,HIGH,,,,True,False,kyc_credential
Pending due of ₹500 must be cleared today only. Send to hdfc.verify@ybl. No further extension.,URGENCY_PAYMENT,True,True,HIGH,,hdfc.verify@ybl,500.0,True,False,urgency
"Your delivery is on hold. Pay Rs. 5,000/- customs charge to deepakrah@okicici within 2 hours or the parcel will be returned.",URGENCY_PAYMENT,True,True,HIGH,,deepakrah@okicici,5000.0,True,False,urgency|impersonation|marketplace
"Scored a hat-trick yesterday, 18 runs too!",NON_PAYMENT,False,False,LOW,,,,False,False,
"Bro order ZMT896867 refund failed. Pay 199 reversal charge to rewards.claim50@oksbi immediately and full refund of ₹7,500 will be credited.",REFUND_SCAM,True,True,HIGH,,rewards.claim50@oksbi,7500.0,True,True,urgency|refund
"Wrong transfer alert: Rs. 1,500/- credited to you by error. Reverse the amount within 24 hours to jobportal.fee@paytm or call 8957421884.",REFUND_SCAM,True,True,HIGH,+918957421884,jobportal.fee@paytm,1500.0,True,False,urgency|refund
Dude reminder ₹1500 pending for yesterday's dinner sanjayjos@paytm or cash whatever is easy,PAYMENT_REQUEST,True,False,LOW,,sanjayjos@paytm,1500.0,False,False,
"Oye PhonePe refund of ₹5,000 is stuck. To release it, first pay Rs 99 verification to sbi.kyc@oksbi within 24 hours.",REFUND_SCAM,True,True,HIGH,,sbi.kyc@oksbi,99.0,True,False,urgency|kyc_credential|refund
Payment for the fridge done ₹4000 via Paytm to snehaadi@axl Please share the invoice,MARKETPLACE_PAYMENT,True,False,LOW,,snehaadi@axl,4000.0,False,False,
OTP for your login is 488640. Valid for 10 minutes. Do not share it with anyone.,NON_PAYMENT,False,False,LOW,,,,False,False,kyc_credential
"Notice: Update your Aadhaar with ICICI Bank by paying ₹2,999 to kyc.support628@ybl. Link expires final notice.",KYC_SCAM,True,True,HIGH,,kyc.support628@ybl,2999.0,True,True,urgency|kyc_credential|impersonation|qr_link
"I am army officer posted in cantonment, cannot meet. Pay 3000 rupees advance to anjali@upi and my courier will deliver the Royal Enfield.",MARKETPLACE_PAYMENT,True,True,HIGH,,anjali@upi,3000.0,True,True,impersonation|upfront_fee|marketplace
"your delivery is on hold. pay ₹5,000 customs charge to customer.care@paytm last chance or the parcel will be returned.",URGENCY_PAYMENT,True,True,HIGH,,customer.care@paytm,5000.0,True,False,urgency|impersonation|marketplace
Your resume is shortlisted at Swiggy. Document verification fee INR 299 payable to securebank@ybl within 24 hours.,JOB_SCAM,True,True,HIGH,,securebank@ybl,299.0,True,True,urgency|kyc_credential|upfront_fee
Send me the notes for chapter 8 when you get a chance.,NON_PAYMENT,False,False,LOW,,,,False,False,
Double your money scheme! Send 1k to prize.center67@axl and receive Rs 10000 by Monday. WhatsApp 07927639852,INVESTMENT_SCAM,True,True,HIGH,+917927639852,prize.center67@axl,1000.0,True,False,investment
"Your electricity connection will be cut within 24 hours. Pay pending bill ₹2,000 to sureshvik@apl now. Officer 08603895159",IMPERSONATION,True,True,HIGH,+918603895159,sureshvik@apl,2000.0,True,True,urgency|impersonation
"You have received ₹5,000 cashback from IPL. Pay ₹999 activation charge to jobportal.fee@ibl to receive it asap.",PRIZE_SCAM,True,True,HIGH,,jobportal.fee@ibl,999.0,True,True,urgency|reward
"Beta 1000 rupees bhej dena papa ke dawai ke liye tanvigur@axl, kal wapas kar dungi.",FRIEND_FAMILY_PAYMENT,True,False,LOW,,tanvigur@axl,1000.0,True,False,
"IDFC First: your fixed deposit of ₹89,000 matures on 13th. Visit the branch or use net banking to renew.",BANK_REQUEST,True,False,LOW,,,89000.0,False,False,
Join our IPO allotment scheme. Pay 25000 rupees to reward.claim@paytm and get confirmed allotment with 3x listing gain.,INVESTMENT_SCAM,True,True,HIGH,,reward.claim@paytm,25000.0,True,False,
Invest 5000 rupees today and get 50000 in 7 days guaranteed returns Pay to cashbackclaim36@paytm Limited slots,INVESTMENT_SCAM,True,True,HIGH,,cashbackclaim36@paytm,5000.0,False,False,investment
Join our IPO allotment scheme Pay ₹2000 to bankverify@paytm and get confirmed allotment with 3x listing gain,INVESTMENT_SCAM,True,True,HIGH,,bankverify@paytm,2000.0,False,True,
"scored a hat-trick yesterday, 36 runs too!",NON_PAYMENT,False,False,LOW,,,,False,False,
hello split for the concert tickets came to 250 rupees each. send to bhavyaroh@ptsbi when you can.,PAYMENT_REQUEST,True,False,LOW,,bhavyaroh@ptsbi,250.0,False,False,
"Canara Bank ALERT: KYC not updated. Send Rs. 4,999/- to support.desk372@paytm within 1 hour to re-activate your account. call 8806187001",KYC_SCAM,True,True,HIGH,+918806187001,support.desk372@paytm,4999.0,True,True,urgency|kyc_credential|impersonation
I accidentally sent Rs 4000 to your number by mistake. Please return it asap to rewards.claim@paytm.,REFUND_SCAM,True,True,HIGH,,rewards.claim@paytm,4000.0,True,False,urgency|refund
DEAL FINAL AT ₹6000 FOR THE CAMERA I WILL PAY WHEN I PICK IT UP ON SUNDAY MY UPI IS LAKSHMI@YBL IF YOU NEED TO REFUND ANYTHING,MARKETPLACE_PAYMENT,True,False,LOW,,lakshmi@ybl,6000.0,False,False,refund
"Forex signals: first 20 members get INR 50000 on ₹25,000. Transfer to task.fee@oksbi now.",INVESTMENT_SCAM,True,True,HIGH,,task.fee@oksbi,50000.0,False,False,
"Payment for the camera done, ₹4,000 via GPay to kavya@ptsbi. Please share the invoice.",MARKETPLACE_PAYMENT,True,False,LOW,,kavya@ptsbi,4000.0,False,False,
Buyer here from OLX Sending a payment request of Rs 15000 on PhonePe please accept and enter PIN to receive,QR_SCAM,True,True,HIGH,,,15000.0,False,False,kyc_credential|marketplace
"Match starts at 7:30, bring 58 people if you want, plenty of space.",NON_PAYMENT,False,False,LOW,,,,False,False,
"Dude Bhavya here, ₹1,200 for the concert tickets bhej do bhai. bhavya.sharma@apl",PAYMENT_REQUEST,True,False,LOW,,bhavya.sharma@apl,1200.0,False,False,
"Deluxe Tailors se order ready hai. ₹1,499 deluxetailor6@icici pe pay kar dena ya cash de dena.",MERCHANT_PAYMENT,True,False,LOW,,deluxetailor6@icici,1499.0,False,False,
bill generated for bescom: 1050. view and pay from the official app. ignore if already paid.,BILL_PAYMENT,True,False,LOW,,,,False,False,impersonation
"Beta, send Rs 10000 to harsh.singh@okicici for the school fees, Ishita will pay you back next week.",FRIEND_FAMILY_PAYMENT,True,False,LOW,,harsh.singh@okicici,10000.0,False,False,
Hi galti se ₹5000 aapke account me chala gaya Please within 2 hours wapas bhej do rewardclaim382@paytm pe,REFUND_SCAM,True,True,HIGH,,rewardclaim382@paytm,5000.0,True,False,urgency|refund
"Hi da ₹300 de dena the trek booking ke liye, rahul@ptsbi",PAYMENT_REQUEST,True,False,LOW,,rahul@ptsbi,300.0,False,False,
Reminder: Airtel bill ₹799 due 25 Jan. Pay through Paytm bill payments section.,BILL_PAYMENT,True,False,LOW,,,799.0,False,False,
"Your delivery is on hold. Pay ₹2,000 customs charge to ishitakir@apl asap or the parcel will be returned.",URGENCY_PAYMENT,True,True,HIGH,,ishitakir@apl,2000.0,True,False,urgency|impersonation|marketplace
"Final notice from IDFC First: pay KYC verification fee ₹4,999 to official.support@upi urgently or the amount will be forfeited.",KYC_SCAM,True,True,HIGH,,official.support@upi,4999.0,True,True,urgency|kyc_credential|upfront_fee
"Yes Bank: Rs. 1,250/- credited to your account XX3125. Available balance 8750 rupees.",BANK_REQUEST,True,False,LOW,,,8750.0,False,False,impersonation
"Attention: GPay refund of Rs. 2,500/- is stuck. To release it, first pay Rs. 499/- verification to vikram.sharma@axl within 2 hours.",REFUND_SCAM,True,True,HIGH,,vikram.sharma@axl,499.0,True,True,urgency|kyc_credential|refund
Your Bank of Baroda reward of ₹1000 is waiting Scan the attached QR to collect Valid today only,QR_SCAM,True,True,HIGH,,,1000.0,False,True,urgency|reward|impersonation|qr_link
"Crypto trading tips group: deposit ₹1,000 to task.fee@axl and earn daily profit of Rs 300. 100% safe.",INVESTMENT_SCAM,True,True,HIGH,,task.fee@axl,1000.0,False,True,investment|job
Bro the Netflix password changed ask Neha,NON_PAYMENT,False,False,LOW,,,,False,False,
"Dear user, PAN-Aadhaar link pending for your SBI account. Pay 499 processing charge to claimprize@ibl before midnight nahi toh account band ho jayega.",KYC_SCAM,True,True,HIGH,,claimprize@ibl,,True,True,urgency|kyc_credential|impersonation|upfront_fee|qr_link
"Payment received, Rs 180 from you at Green Grocers. Thank you, visit again!",MERCHANT_PAYMENT,True,False,LOW,,,180.0,False,False,
"FLIPKART SCRATCH CARD: YOU WON ₹250,000! UNLOCK BY PAYING ₹99 TO KYC.SUPPORT@AXL LAST CHANCE.",PRIZE_SCAM,True,True,HIGH,,kyc.support@axl,250000.0,True,True,urgency|reward|upfront_fee
"Beta, send Rs 3000 to varun.singh@ptsbi for the school fees, Kavya will pay you back next week.",FRIEND_FAMILY_PAYMENT,True,False,LOW,,varun.singh@ptsbi,3000.0,False,False,
Hey I accidentally sent ₹7500 to your number by mistake Please return it within 2 hours to simran@ptsbi,REFUND_SCAM,True,True,HIGH,,simran@ptsbi,7500.0,True,True,urgency|refund
WRONG TRANSFER ALERT: RS 2500/- CREDITED TO YOU BY ERROR REVERSE THE AMOUNT IMMEDIATELY TO NIKHIL13@FBL OR CALL 66331-47673,REFUND_SCAM,True,True,HIGH,+916633147673,nikhil13@fbl,2500.0,True,False,urgency|refund
Scan QR karo aur PIN dalo Rs 20000 tumhare account me aa jayega Jaldi karo,QR_SCAM,True,True,HIGH,,,20000.0,True,True,urgency|kyc_credential|qr_link
"SBI: credit card statement generated. Total due 1250 rupees, minimum due INR 125. Pay via net banking or the SBI app.",BANK_REQUEST,True,False,LOW,,,1250.0,False,False,impersonation
Airtel: your bill of Rs. 499/- for consumer no. 517028 is due on 25 Aug. Pay via the Airtel app or BBPS.,BILL_PAYMENT,True,False,LOW,,,499.0,False,False,
Dude last night's drinks ka Rs 100 bhej dena tanvi@paytm,PAYMENT_REQUEST,True,False,LOW,,tanvi@paytm,100.0,False,False,
"Crypto trading tips group: deposit Rs. 10,000/- to reward.claim@axl and earn daily profit of 3k. 100% safe.",INVESTMENT_SCAM,True,True,HIGH,,reward.claim@axl,10000.0,False,False,investment|job
"washing machine available. Pay Rs. 1,000/- delivery charge to aditya@ybl now and the courier will bring it to your home, pay balance on delivery.",MARKETPLACE_PAYMENT,True,True,HIGH,,aditya@ybl,1000.0,True,True,upfront_fee|marketplace
"Hey Divya here, Rs 100 for the birthday cake bhej do bhai. divya@ybl",PAYMENT_REQUEST,True,False,LOW,,divya@ybl,100.0,False,False,
Bro send Rs 800/- for the electricity share to riya@paytm,PAYMENT_REQUEST,True,False,LOW,,riya@paytm,800.0,False,False,
"Your subscription payment failed. Pay ₹5,000 to cashback.claim@ybl within 1 hour or your account will be blocked.",URGENCY_PAYMENT,True,True,HIGH,,cashback.claim@ybl,5000.0,True,True,urgency|kyc_credential
"Customer care BHIM: your account shows suspicious activity. Transfer ₹15,000 to verification account hdfc.verify803@upi aaj hi.",IMPERSONATION,True,True,HIGH,,hdfc.verify803@upi,15000.0,True,True,urgency|kyc_credential|impersonation
"your bescom broadband plan renews on 6 dec. amount rs. 1,050/-. auto-pay is enabled, no action needed.",BILL_PAYMENT,True,False,LOW,,,1050.0,False,False,
"Your resume is shortlisted at Amazon. Document verification fee ₹2,000 payable to verifybank@ibl within 24 hours.",JOB_SCAM,True,True,HIGH,,verifybank@ibl,2000.0,True,True,urgency|kyc_credential|upfront_fee
"Beta, this is your bhai's friend. Bhai is in hospital, send Rs 5000 final notice to lakshmisim@okicici for the admission.",IMPERSONATION,True,True,HIGH,,lakshmisim@okicici,5000.0,True,True,urgency
Lucky customer! ₹250000 bonus credited pending Transfer Rs 999/- to billdesk918@ibl for release last chance Contact 9586681403,PRIZE_SCAM,True,True,HIGH,+919586681403,billdesk918@ibl,999.0,True,True,urgency|reward
"cycle ke liye rs. 18,000/- theek hai. kal aake dekh ke pay kar dunga, cash ya upi dono chalega.",MARKETPLACE_PAYMENT,True,False,LOW,,,18000.0,False,False,
"invest ₹5,000 today and get ₹15,000 in 7 days, guaranteed returns. pay to reward.claim225@axl. limited slots.",INVESTMENT_SCAM,True,True,HIGH,,reward.claim225@axl,5000.0,False,False,investment
Fresh Basket: advance of Rs 480 for the order is due by 6th. Pay to freshbasket@okbizaxis or at the desk. GST invoice will follow.,MERCHANT_PAYMENT,True,False,LOW,,freshbasket@okbizaxis,480.0,False,False,upfront_fee
"Hi ₹200 de dena the cab ke liye, kavya@ptaxis",PAYMENT_REQUEST,True,False,LOW,,kavya@ptaxis,200.0,False,False,
"CRPF jawan, urgent posting. Activa scooter at ₹12,000 only. Advance ₹500 on hdfc.verify@ibl to block it.",MARKETPLACE_PAYMENT,True,True,HIGH,,hdfc.verify@ibl,12000.0,True,False,urgency|upfront_fee
sending 2000 to divya@oksbi for the wedding gift from all of us.,FRIEND_FAMILY_PAYMENT,True,False,LOW,,divya@oksbi,,True,False,reward
Loan EMI overdue Pay ₹1500 within 1 hour to taskfee@okaxis nahi toh account band ho jayega Recovery agent will visit,URGENCY_PAYMENT,True,True,HIGH,,taskfee@okaxis,1500.0,True,True,urgency
"COLLECT REQUEST SENT FOR ₹2,000. APPROVE IT WITH YOUR UPI PIN TO RECEIVE THE AMOUNT.",QR_SCAM,True,True,HIGH,,,2000.0,True,True,kyc_credential
"for the activa scooter, pay full 4k to electricity.pay@upi first, delivery within 2 days via army courier. no inspection possible.",MARKETPLACE_PAYMENT,True,True,HIGH,,electricity.pay@upi,4000.0,True,True,marketplace
"Hi da reminder, Rs 150 pending for the auto. neha@oksbi or cash, whatever is easy.",PAYMENT_REQUEST,True,False,LOW,,neha@oksbi,150.0,False,False,
Notice: your HDFC Bank KYC expires today. Pay INR 4999 verification fee before midnight to official.support@okaxis or your account will be blocked.,KYC_SCAM,True,True,HIGH,,official.support@okaxis,4999.0,True,True,urgency|kyc_credential|impersonation|upfront_fee
Payment of Rs. 399/- received for ACT Fibernet bill. Receipt no. 42230137.,BILL_PAYMENT,True,False,LOW,,,399.0,False,False,
"BWSSB ka bill Rs 399 aaya hai, 25 Feb tak bhar dena app se.",BILL_PAYMENT,True,False,LOW,,,399.0,False,False,
"Notice: I accidentally sent ₹4,000 to your number by mistake. Please return it immediately to harsh12@okicici.",REFUND_SCAM,True,True,HIGH,,harsh12@okicici,4000.0,True,False,urgency|refund
Wrong transfer alert: 7500 credited to you by error. Reverse the amount right now to manishsur@ibl or call 06215691085.,REFUND_SCAM,True,True,HIGH,+916215691085,manishsur@ibl,,True,False,urgency|refund
"ACT Fibernet: your bill of ₹1,050 for consumer no. 107790 is due on 8 Mar. Pay via the ACT Fibernet app or BBPS.",BILL_PAYMENT,True,False,LOW,,,1050.0,False,False,
"Yes Bank: your fixed deposit of ₹120,000 matures on 24th. Visit the branch or use net banking to renew.",BANK_REQUEST,True,False,LOW,,,120000.0,False,False,impersonation
"This is Naveen from Paytm support. A wrong transfer of ₹1,000 was made to you. Refund to rewards.claim@ibl abhi to avoid account freeze.",REFUND_SCAM,True,True,HIGH,,rewards.claim@ibl,1000.0,True,False,urgency|refund
"Can you send ₹5,000 to varun77@axl? Rent is due tomorrow and my salary is delayed. Will return by 5th.",FRIEND_FAMILY_PAYMENT,True,False,LOW,,varun77@axl,5000.0,True,False,job
"Bill generated for Jio: ₹3,120. View and pay from the official app. Ignore if already paid.",BILL_PAYMENT,True,False,LOW,,,3120.0,False,False,impersonation
Part time job: earn Rs 1500 per day by liking videos. Pay Rs 999 security deposit to task.fee@ibl to start.,JOB_SCAM,True,True,HIGH,,task.fee@ibl,999.0,False,True,upfront_fee|job
FitLife Gym monthly subscription of Rs 1200 is due on 14th. Pay to fitlifegym7@paytmqr at your convenience.,MERCHANT_PAYMENT,True,False,LOW,,fitlifegym7@paytmqr,1200.0,False,False,
Sharma General Store se order ready hai. 250 sharmagenera5@okbizaxis pe pay kar dena ya cash de dena.,MERCHANT_PAYMENT,True,False,LOW,,sharmagenera5@okbizaxis,,False,False,
Sirf ₹1000 invest karo aur Rs 5000/- pao guaranteed refundteam246@okaxis pe payment karo abhi,INVESTMENT_SCAM,True,True,HIGH,,refundteam246@okaxis,1000.0,False,False,urgency|investment
kal 6 baje gym aa raha hai kya?,NON_PAYMENT,False,False,LOW,,,,False,False,
"Bank of Baroda: EMI of Rs. 22,000/- for loan a/c ending 1886 is due on 17th. Maintain sufficient balance. Do not share OTP with anyone.",BANK_REQUEST,True,False,LOW,,,22000.0,False,False,kyc_credential|impersonation
Double your money scheme! Send Rs 25000 to reward.claim@upi and receive Rs 125000 by Monday. WhatsApp 8278512590,INVESTMENT_SCAM,True,True,HIGH,+918278512590,reward.claim@upi,25000.0,True,True,investment
I am interested in your listing I will pay ₹2000 just scan this QR code I am sending to receive the money,QR_SCAM,True,True,HIGH,,,2000.0,True,True,qr_link
"Hi ₹2,000 de dena Goa trip ke liye, josephdee@ybl",PAYMENT_REQUEST,True,False,LOW,,josephdee@ybl,2000.0,False,False,
"Oye reminder, Rs 200 pending for cricket ground booking. naveenana@paytm or cash, whatever is easy.",PAYMENT_REQUEST,True,False,LOW,,naveenana@paytm,200.0,False,False,
"dear customer, your account has been put on hold due to incomplete kyc. pay ₹999 to verifybank@oksbi last chance to restore access.",KYC_SCAM,True,True,HIGH,,verifybank@oksbi,999.0,True,True,urgency|kyc_credential|impersonation
Big Bazaar scratch card: you won ₹5000! Unlock by paying ₹199 to kycsupport175@paytm final notice,PRIZE_SCAM,True,True,HIGH,,kycsupport175@paytm,5000.0,True,True,urgency|reward|upfront_fee
OTP for your login is 718896. Valid for 10 minutes. Do not share it with anyone.,NON_PAYMENT,False,False,LOW,,,,False,False,kyc_credential
"hi, saw your olx ad for the washing machine. can i come and check it tomorrow? if ok i will pay ₹8,000 on bhim after seeing it.",MARKETPLACE_PAYMENT,True,False,LOW,,,8000.0,False,False,marketplace
"Congratulations! You have won ₹500,000 in the Jio lucky draw. Pay Rs. 1,499/- processing fee to kyc.support@ibl jaldi to claim.",PRIZE_SCAM,True,True,HIGH,,kyc.support@ibl,1499.0,True,True,urgency|reward|upfront_fee
Yaar galti se INR 2500 aapke account me chala gaya. Please right now wapas bhej do support.desk@upi pe.,REFUND_SCAM,True,True,HIGH,,support.desk@upi,2500.0,True,True,urgency|refund
Rohan 1k for Mummy's medicines My UPI lakshmi@axl or call me +91 82015 69146,FRIEND_FAMILY_PAYMENT,True,False,LOW,+918201569146,lakshmi@axl,1000.0,False,False,
Kotak Bank: auto-debit of 15400 for your SIP will be attempted on 13th. Please keep sufficient balance.,BANK_REQUEST,True,False,LOW,,,,False,False,impersonation
Install this app reward-claim-wcbc.link and share the screen to receive 2000 rupees cashback instantly.,QR_SCAM,True,True,HIGH,,,2000.0,False,True,reward|qr_link
"bro reminder, rs 1000 pending for the cab. rahulroh@ptsbi or cash, whatever is easy.",PAYMENT_REQUEST,True,False,LOW,,rahulroh@ptsbi,1000.0,False,False,
BRO SPLIT FOR THE AUTO CAME TO ₹100 EACH. SEND TO VIKRAM@AXL WHEN YOU CAN.,PAYMENT_REQUEST,True,False,LOW,,vikram@axl,100.0,False,False,
"Papa needs Rs 8000 for the hospital deposit today so admission can be completed. Send to nisha@ibl, I'll transfer back on Monday.",FRIEND_FAMILY_PAYMENT,True,False,LOW,,nisha@ibl,8000.0,True,False,
Pending due of 5k must be cleared final notice. Send to cashback.claim@paytm. No further extension.,URGENCY_PAYMENT,True,True,HIGH,,cashback.claim@paytm,5000.0,True,True,urgency
"camera ke liye Rs. 40,000/- theek hai. Kal aake dekh ke pay kar dunga, cash ya UPI dono chalega.",MARKETPLACE_PAYMENT,True,False,LOW,,,40000.0,False,False,
hi your share for the auto is 1200 rupees. pay to naveen20@paytm whenever free.,PAYMENT_REQUEST,True,False,LOW,,naveen20@paytm,1200.0,False,False,
"To receive your refund of Rs 2000, scan the QR code and enter your UPI PIN. Link: reward-claim-6i0h.link",QR_SCAM,True,True,HIGH,,,2000.0,False,False,kyc_credential|refund|qr_link
tata power: your bill of rs. 399/- for consumer no. 999802 is due on 27 jun. pay via the tata power app or bbps.,BILL_PAYMENT,True,False,LOW,,,399.0,False,False,
Payment of INR 1500 is required last chance. Use UPI reward.claim548@ybl. Do not ignore this message.,URGENCY_PAYMENT,True,True,HIGH,,reward.claim548@ybl,1500.0,True,False,urgency
"Bhai here, new number. Phone broke. Send Rs. 5,000/- urgently to official.support@upi, emergency, will explain later.",IMPERSONATION,True,True,HIGH,,official.support@upi,5000.0,True,True,urgency|impersonation
"HDFC Bank: EMI of ₹15,400 for loan a/c ending 4645 is due on 6th. Maintain sufficient balance. Do not share OTP with anyone.",BANK_REQUEST,True,False,LOW,,,15400.0,False,False,kyc_credential|impersonation
"Weather is crazy today, 41 degrees and raining.",NON_PAYMENT,False,False,LOW,,,,False,False,
your repair at blue dart is complete. total 350. upi: bluedart@hdfcbank. collect anytime before 8 pm.,MERCHANT_PAYMENT,True,False,LOW,,bluedart@hdfcbank,,False,False,
Loan EMI overdue Pay 5k asap to karan@okaxis or the amount will be forfeited Recovery agent will visit,URGENCY_PAYMENT,True,True,HIGH,,karan@okaxis,5000.0,True,False,urgency
"Forex signals: first 10 members get Rs 50000 on ₹5,000. Transfer to bill.desk@ibl now.",INVESTMENT_SCAM,True,True,HIGH,,bill.desk@ibl,50000.0,True,False,
Flight lands at 10:05 gate 28,NON_PAYMENT,False,False,LOW,,,,False,False,
Wrong transfer alert: 2000 credited to you by error. Reverse the amount aaj hi to zoya.sharma@okicici or call 07573739325.,REFUND_SCAM,True,True,HIGH,+917573739325,zoya.sharma@okicici,,True,False,urgency|refund
"SEND ₹2,000 FOR THE GIFT FOR PRIYA. UPI: ISHITA@YBL",PAYMENT_REQUEST,True,False,LOW,,ishita@ybl,2000.0,False,False,reward
"Your delivery is on hold. Pay ₹1,500 customs charge to ritusur@waaxis turant or the parcel will be returned.",URGENCY_PAYMENT,True,True,HIGH,,ritusur@waaxis,1500.0,True,False,urgency|impersonation|marketplace
"Part time job: earn 8k per day by liking videos. Pay ₹2,000 security deposit to bank.verify@ibl to start.",JOB_SCAM,True,True,HIGH,,bank.verify@ibl,2000.0,False,True,upfront_fee|job
Pending due of 1000 rupees must be cleared within 24 hours. Send to divya.patel@okicici. No further extension.,URGENCY_PAYMENT,True,True,HIGH,,divya.patel@okicici,1000.0,True,True,urgency
BESCOM: your bill of Rs 3120 for consumer no. 822049 is due on 11 May. Pay via the BESCOM app or BBPS.,BILL_PAYMENT,True,False,LOW,,,3120.0,False,False,
Kal 6 baje gym aa raha hai kya?,NON_PAYMENT,False,False,LOW,,,,False,False,
Your delivery is on hold. Pay Rs 2000 customs charge to refundteam126@ybl jaldi or the parcel will be returned.,URGENCY_PAYMENT,True,True,HIGH,,refundteam126@ybl,2000.0,True,False,urgency|impersonation|marketplace
Loan EMI overdue. Pay Rs. 500/- within 1 hour to lottery.claim135@ibl warna account block ho jayega. Recovery agent will visit.,URGENCY_PAYMENT,True,True,HIGH,,lottery.claim135@ibl,500.0,True,False,urgency
"Your Mahanagar Gas broadband plan renews on 21 Oct. Amount Rs 1340. Auto-pay is enabled, no action needed.",BILL_PAYMENT,True,False,LOW,,,1340.0,False,False,
Invoice #8019 from Lakeview Hospital for Rs 1200. UPI ID lakeviewhosp@axisbank. Please share screenshot after payment.,MERCHANT_PAYMENT,True,False,LOW,,lakeviewhosp@axisbank,1200.0,False,False,
dear customer this is varun from phonepe support a wrong transfer of rs 3000/- was made to you refund to billdesk@oksbi within 24 hours to avoid account freeze,REFUND_SCAM,True,True,HIGH,,billdesk@oksbi,3000.0,True,True,urgency|refund|impersonation
Yaar your share for cricket ground booking is 100. Pay to zoya@upi whenever free.,PAYMENT_REQUEST,True,False,LOW,,zoya@upi,,False,False,
"Divya, ₹1,000 for Mummy's medicines. My UPI sanjaynis@paytm or call me +91 86517 39426",FRIEND_FAMILY_PAYMENT,True,False,LOW,+918651739426,sanjaynis@paytm,1000.0,True,False,
"Customer care PhonePe: your account shows suspicious activity. Transfer Rs. 10,000/- to verification account invest.pro@upi right now.",IMPERSONATION,True,True,HIGH,,invest.pro@upi,10000.0,True,True,urgency|kyc_credential|impersonation
Dude split for the gift for Priya came to ₹300 each. Send to aditya87@okicici when you can.,PAYMENT_REQUEST,True,False,LOW,,aditya87@okicici,300.0,False,False,reward
OTP for your login is 838972. Valid for 10 minutes. Do not share it with anyone.,NON_PAYMENT,False,False,LOW,,,,False,False,kyc_credential
"Your number was selected for Rs. 250,000/- reward. Send Rs 1499 GST charge to claimprize@axl within 24 hours, last chance.",PRIZE_SCAM,True,True,HIGH,,claimprize@axl,1499.0,True,True,urgency|reward
"Lucky customer! ₹100,000 bonus credited pending. Transfer ₹99 to prize.center@axl for release within 24 hours. Contact +91 93048 62515",PRIZE_SCAM,True,True,HIGH,+919304862515,prize.center@axl,99.0,True,True,urgency|reward
Bank of Baroda: auto-debit of 5600 for your SIP will be attempted on 3th. Please keep sufficient balance.,BANK_REQUEST,True,False,LOW,,,,False,False,impersonation
"I went to the Canara Bank branch today for KYC, took 17 minutes only.",NON_PAYMENT,False,False,LOW,,,,False,False,kyc_credential|impersonation
"Dear valued customer, I accidentally sent Rs. 4,000/- to your number by mistake. Please return it today only to gurpreet.singh@okaxis.",REFUND_SCAM,True,True,HIGH,,gurpreet.singh@okaxis,4000.0,True,False,urgency|refund|impersonation
Double your money scheme! Send Rs 25000 to kycupdate@ibl and receive INR 250000 by Monday. WhatsApp 7347632385,INVESTMENT_SCAM,True,True,HIGH,+917347632385,kycupdate@ibl,25000.0,False,False,investment
Send ₹500 within 1 hour to aditya@ptaxis. Time limit 30 minutes. nahi toh account band ho jayega.,URGENCY_PAYMENT,True,True,HIGH,,aditya@ptaxis,500.0,True,False,urgency
INR 200 de dena cricket ground booking ke liye nehaiyer@axl,PAYMENT_REQUEST,True,False,LOW,,nehaiyer@axl,200.0,False,False,
"Oye order FLP783680 refund failed. Pay ₹99 reversal charge to lottery.claim965@axl aaj hi and full refund of Rs. 1,500/- will be credited.",REFUND_SCAM,True,True,HIGH,,lottery.claim965@axl,99.0,True,False,urgency|refund
YOUR DELIVERY IS ON HOLD. PAY 3000 RUPEES CUSTOMS CHARGE TO CASHBACK.CLAIM@OKAXIS TODAY ONLY OR THE PARCEL WILL BE RETURNED.,URGENCY_PAYMENT,True,True,HIGH,,cashback.claim@okaxis,3000.0,True,True,urgency|impersonation|marketplace
"Payment of ₹3,120 received for Tata Power bill. Receipt no. 16871809.",BILL_PAYMENT,True,False,LOW,,,3120.0,False,False,
Badhai ho! Aapne KBC lottery me 500000 rupees jeeta hai. Claim karne ke liye Rs 499 kyc.support@okaxis pe within 1 hour bhejo.,PRIZE_SCAM,True,True,HIGH,,kyc.support@okaxis,500000.0,True,True,urgency|reward
"Beta ₹5,000 bhej dena papa ke dawai ke liye tanvikav@upi, kal wapas kar dungi.",FRIEND_FAMILY_PAYMENT,True,False,LOW,,tanvikav@upi,5000.0,True,False,
"Beta 1500 bhej dena papa ke dawai ke liye rajesh.singh@oksbi, kal wapas kar dungi.",FRIEND_FAMILY_PAYMENT,True,False,LOW,,rajesh.singh@oksbi,,False,False,
"Join our IPO allotment scheme. Pay Rs. 25,000/- to refundteam362@ybl and get confirmed allotment with 2x listing gain.",INVESTMENT_SCAM,True,True,HIGH,,refundteam362@ybl,25000.0,False,True,
"Ghar baithe kaam, roz Rs. 4,000/- kamao. Joining ke liye ₹299 sbi.kyc@upi pe bhejo. Call +916641789066",JOB_SCAM,True,True,HIGH,+916641789066,sbi.kyc@upi,4000.0,False,True,
SENDING RS 1500 TO DEEPAK79@OKHDFCBANK FOR THE WEDDING GIFT FROM ALL OF US,FRIEND_FAMILY_PAYMENT,True,False,LOW,,deepak79@okhdfcbank,1500.0,False,False,reward
bill generated for bsnl: rs. 299/-. view and pay from the official app. ignore if already paid.,BILL_PAYMENT,True,False,LOW,,,299.0,False,False,impersonation
"Payment for the iPhone 13 done, Rs. 1,500/- via BHIM to bhavya.patel@apl. Please share the invoice.",MARKETPLACE_PAYMENT,True,False,LOW,,bhavya.patel@apl,1500.0,False,False,
"Hi ₹750 for movie tickets please, GPay on farhan.singh@fbl. Thanks!",PAYMENT_REQUEST,True,False,LOW,,farhan.singh@fbl,750.0,False,False,
"Task completed! To withdraw your earnings of Rs. 16,000/-, pay ₹1,500 unlock fee to jobportal.fee200@ybl.",JOB_SCAM,True,True,HIGH,,jobportal.fee200@ybl,1500.0,False,True,upfront_fee|job
"My new number is +916858794148, save it.",NON_PAYMENT,False,False,LOW,+916858794148,,,False,False,impersonation
"Invest Rs. 5,000/- today and get Rs. 10,000/- in 7 days, guaranteed returns. Pay to refund.desk925@oksbi. Limited slots.",INVESTMENT_SCAM,True,True,HIGH,,refund.desk925@oksbi,5000.0,True,False,investment
"bank of baroda alert: kyc not updated. send ₹5,999 to lottery.claim@oksbi within 1 hour to re-activate your account.",KYC_SCAM,True,True,HIGH,,lottery.claim@oksbi,5999.0,True,True,urgency|kyc_credential|impersonation
"Main the CEO bol raha hoon. Meeting me hoon, ₹8,000 today only tanvi@okhdfcbank pe bhej do, vendor wait kar raha hai.",IMPERSONATION,True,True,HIGH,,tanvi@okhdfcbank,8000.0,True,True,urgency|impersonation
"Task completed! To withdraw your earnings of 7000, pay INR 2500 unlock fee to task.fee@okaxis.",JOB_SCAM,True,True,HIGH,,task.fee@okaxis,2500.0,True,True,upfront_fee|job
Oye This is Gurpreet from Amazon Pay support A wrong transfer of ₹5000 was made to you Refund to hdfcverify@axl last chance to avoid account freeze,REFUND_SCAM,True,True,HIGH,,hdfcverify@axl,5000.0,True,True,urgency|refund
"Install this app cutt.ly/imkeq and share the screen to receive ₹15,000 cashback instantly.",QR_SCAM,True,True,HIGH,,,15000.0,True,False,reward|qr_link
"Ghar baithe kaam, roz ₹4,000 kamao. Joining ke liye ₹999 claimprize@axl pe bhejo. Call 08937775730",JOB_SCAM,True,True,HIGH,+918937775730,claimprize@axl,4000000.0,False,True,
Badhai ho! Aapne Jio lottery me INR 500000 jeeta hai. Claim karne ke liye ₹999 securebank404@ibl pe last chance bhejo.,PRIZE_SCAM,True,True,HIGH,,securebank404@ibl,500000.0,True,True,urgency|reward
"Dear valued customer, GPay refund of ₹4,000 is stuck. To release it, first pay Rs. 99/- verification to verifybank@oksbi final notice.",REFUND_SCAM,True,True,HIGH,,verifybank@oksbi,99.0,True,False,urgency|kyc_credential|refund|impersonation
For the sofa set pay full 4000 rupees to neha@oksbi first delivery within 2 days via army courier No inspection possible,MARKETPLACE_PAYMENT,True,True,HIGH,,neha@oksbi,4000.0,True,False,marketplace
Quick Laundry: your bill is Rs. 350/-. Pay via UPI quicklaundry7@sbi or at the counter. Thank you for visiting.,MERCHANT_PAYMENT,True,False,LOW,,quicklaundry7@sbi,350.0,False,False,
"My new number is +91 75080 04635, save it.",NON_PAYMENT,False,False,LOW,+917508004635,,,False,False,impersonation
"Forex signals: first 20 members get ₹100,000 on Rs 10000. Transfer to prize.center@axl now.",INVESTMENT_SCAM,True,True,HIGH,,prize.center@axl,100000.0,False,False,
Loan EMI overdue. Pay Rs. 500/- aaj hi to neha@upi nahi toh account band ho jayega. Recovery agent will visit.,URGENCY_PAYMENT,True,True,HIGH,,neha@upi,500.0,True,True,urgency
"Hi Pooja, transferring ₹2,000 for the groceries you got. Sending to manish@axl.",FRIEND_FAMILY_PAYMENT,True,False,LOW,,manish@axl,2000.0,False,False,
Bank of Baroda: cheque no. 346595 for 15400 has been cleared.,BANK_REQUEST,True,False,LOW,,,,False,False,impersonation
"Gift voucher worth Rs 50000 approved for you. Pay delivery charge ₹1,999 on lottery.claim@ybl final notice.",PRIZE_SCAM,True,True,HIGH,,lottery.claim@ybl,1999.0,True,True,urgency|reward|upfront_fee|marketplace
"You have received ₹10,000 cashback from Lucky Draw. Pay Rs. 299/- activation charge to bill.desk@paytm to receive it immediately.",PRIZE_SCAM,True,True,HIGH,,bill.desk@paytm,299.0,True,True,urgency|reward
"Canara Bank customer, your net banking will be suspended aaj hi. Pay verification amount ₹5,999 or the amount will be forfeited.",KYC_SCAM,True,True,HIGH,,,5999.0,True,True,urgency|kyc_credential|impersonation
Reminder: BESCOM bill 649 due 25 May. Pay through PhonePe bill payments section.,BILL_PAYMENT,True,False,LOW,,,,False,False,
Alert: your Axis Bank KYC expires today Pay 2499 rupees verification fee abhi to refunddesk@axl else your card will be permanently blocked,KYC_SCAM,True,True,HIGH,,refunddesk@axl,2499.0,True,True,urgency|kyc_credential|impersonation|upfront_fee
"Your Mahanagar Gas broadband plan renews on 10 May. Amount ₹649. Auto-pay is enabled, no action needed.",BILL_PAYMENT,True,False,LOW,,,649.0,False,False,
Gift voucher worth 500000 rupees approved for you. Pay delivery charge 199 on kyc.support495@axl final notice.,PRIZE_SCAM,True,True,HIGH,,kyc.support495@axl,500000.0,True,True,urgency|reward|upfront_fee|marketplace
"badhai ho! aapne flipkart lottery me ₹25,000 jeeta hai. claim karne ke liye ₹99 bank.verify@axl pe abhi bhejo.",PRIZE_SCAM,True,True,HIGH,,bank.verify@axl,25000.0,True,True,urgency|reward
"double your money scheme! send ₹2,000 to kycupdate47@ybl and receive ₹10,000 by monday. whatsapp +918590561655",INVESTMENT_SCAM,True,True,HIGH,+918590561655,kycupdate47@ybl,2000.0,True,False,investment
"hi tanvi, transferring rs. 2,000/- for the groceries you got. sending to ishitasne@okicici.",FRIEND_FAMILY_PAYMENT,True,False,LOW,,ishitasne@okicici,2000.0,False,False,
Hello split for the gift for Priya came to 800 rupees each Send to rahulsingh@apl when you can,PAYMENT_REQUEST,True,False,LOW,,rahulsingh@apl,800.0,False,False,reward
"This is a police officer. A parcel in your name contains illegal items. Pay ₹25,000 penalty immediately to jobportal.fee@ybl to avoid arrest.",IMPERSONATION,True,True,HIGH,,jobportal.fee@ybl,25000.0,True,True,urgency|impersonation|marketplace
"my new number is 09073301928, save it.",NON_PAYMENT,False,False,LOW,+919073301928,,,False,False,impersonation
"Hi ₹1,500 for the pizza please, GPay on nikhil.iyer@ptsbi. Thanks!",PAYMENT_REQUEST,True,False,LOW,,nikhil.iyer@ptsbi,1500.0,False,False,
"Nisha is joining us for lunch, table for 3.",NON_PAYMENT,False,False,LOW,,,,False,False,
"Yes Bank customer, your net banking will be suspended today only. Pay verification amount ₹2,499 to tradepro716@axl otherwise your account will be suspended.",KYC_SCAM,True,True,HIGH,,tradepro716@axl,2499.0,True,True,urgency|kyc_credential|impersonation
Invoice #3708 from Sai Electricals for 120 UPI ID saielectrica@upi Please share screenshot after payment,MERCHANT_PAYMENT,True,False,LOW,,saielectrica@upi,,False,False,
Your repair at Blue Dart is complete. Total 350. UPI: bluedart@icici. Collect anytime before 8 pm.,MERCHANT_PAYMENT,True,False,LOW,,bluedart@icici,,False,False,
"Part time job: earn ₹3,500 per day by liking videos. Pay 1500 security deposit to verifybank61@upi to start.",JOB_SCAM,True,True,HIGH,,verifybank61@upi,3500.0,True,True,upfront_fee|job
"Metro Cabs: table booked. A deposit of ₹3,200 to metrocabs5@icici confirms the booking, adjustable against the bill.",MERCHANT_PAYMENT,True,False,LOW,,metrocabs5@icici,3200.0,False,False,
Send me the notes for chapter 53 when you get a chance.,NON_PAYMENT,False,False,LOW,,,,False,False,
PNB: Rs 12000 credited to your account XX8681. Available balance Rs 48000.,BANK_REQUEST,True,False,LOW,,,48000.0,False,False,
"Invest 500 rupees today and get Rs. 2,500/- in 7 days, guaranteed returns. Pay to task.fee@paytm. Limited slots.",INVESTMENT_SCAM,True,True,HIGH,,task.fee@paytm,500.0,False,False,investment
Big Bazaar scratch card: you won 50000 rupees! Unlock by paying ₹499 to customer.care@paytm within 2 hours.,PRIZE_SCAM,True,True,HIGH,,customer.care@paytm,50000.0,True,True,urgency|reward|upfront_fee
"Congratulations, you are selected for a work from home job at Zomato. Salary 25k/month. Pay registration fee 2k to refund.desk@ibl to confirm.",JOB_SCAM,True,True,HIGH,,refund.desk@ibl,2000.0,True,True,reward|upfront_fee|job
Your Yes Bank reward of Rs 1000 is waiting. Scan the attached QR to collect. Valid today only.,QR_SCAM,True,True,HIGH,,,1000.0,False,True,urgency|reward|impersonation|qr_link
"Sneha, ₹1,500 for Mummy's medicines. My UPI naveen33@ibl or call me +916078518157",FRIEND_FAMILY_PAYMENT,True,False,LOW,+916078518157,naveen33@ibl,1500.0,False,False,
dude can you transfer rs 750 for the trek booking? kiranhar@ptaxis works. no rush.,PAYMENT_REQUEST,True,False,LOW,,kiranhar@ptaxis,750.0,False,False,
"Dear account holder, Re-KYC required. Transfer ₹4,999 to sbi.kyc@paytm and share the reference jaldi. else your card will be permanently blocked. call 8072466338",KYC_SCAM,True,True,HIGH,+918072466338,sbi.kyc@paytm,4999.0,True,True,urgency|kyc_credential
"Sirf 500 rupees invest karo aur Rs. 5,000/- pao guaranteed. securebank@oksbi pe payment karo abhi.",INVESTMENT_SCAM,True,True,HIGH,,securebank@oksbi,500.0,False,False,urgency|investment
"Hi, this is the director. I am in a meeting and need 25000 transferred aaj hi to naveen14@okhdfcbank for a vendor. Will reimburse today.",IMPERSONATION,True,True,HIGH,,naveen14@okhdfcbank,,True,True,urgency
"Your BWSSB broadband plan renews on 4 Jul. Amount ₹799. Auto-pay is enabled, no action needed.",BILL_PAYMENT,True,False,LOW,,,799.0,False,False,
"part time job: earn ₹2,500 per day by liking videos. pay inr 499 security deposit to bill.desk@upi to start.",JOB_SCAM,True,True,HIGH,,bill.desk@upi,499.0,True,True,upfront_fee|job
"Congratulations! You have won Rs. 25,000/- in the PhonePe lucky draw. Pay ₹99 processing fee to customer.care@ibl today only to claim.",PRIZE_SCAM,True,True,HIGH,,customer.care@ibl,99.0,True,True,urgency|reward|upfront_fee
"Badhai ho! Aapne Lucky Draw lottery me ₹5,000 jeeta hai. Claim karne ke liye ₹499 quickloan@paytm pe asap bhejo.",PRIZE_SCAM,True,True,HIGH,,quickloan@paytm,5000.0,True,True,urgency|reward
"cycle available. Pay 500 rupees delivery charge to lakshmi.iyer@okaxis now and the courier will bring it to your home, pay balance on delivery.",MARKETPLACE_PAYMENT,True,True,HIGH,,lakshmi.iyer@okaxis,500.0,True,False,upfront_fee|marketplace
"Beta, this is your didi's friend. Didi is in hospital, send ₹10,000 right now to aditya@paytm for the admission.",IMPERSONATION,True,True,HIGH,,aditya@paytm,10000.0,True,True,urgency
"laptop ke liye Rs 2500 theek hai. Kal aake dekh ke pay kar dunga, cash ya UPI dono chalega.",MARKETPLACE_PAYMENT,True,False,LOW,,,2500.0,False,False,
ATTENTION: PAN-AADHAAR LINK PENDING FOR YOUR CANARA BANK ACCOUNT. PAY RS. 999/- PROCESSING CHARGE TO CASHBACK.CLAIM@OKSBI WITHIN 1 HOUR OR LEGAL ACTION WILL BE TAKEN.,KYC_SCAM,True,True,HIGH,,cashback.claim@oksbi,999.0,True,True,urgency|kyc_credential|impersonation|upfront_fee|qr_link
"Amazon scratch card: you won ₹250,000! Unlock by paying ₹499 to npci.verify@axl asap.",PRIZE_SCAM,True,True,HIGH,,npci.verify@axl,250000.0,True,True,urgency|reward|upfront_fee
"collect request sent for rs. 10,000/-. approve it with your upi pin to receive the amount.",QR_SCAM,True,True,HIGH,,,10000.0,True,False,kyc_credential
"Dear user, your Canara Bank KYC expires today. Pay ₹4,999 verification fee within 1 hour to bank.verify@axl or your account will be blocked. call +917901838440",KYC_SCAM,True,True,HIGH,+917901838440,bank.verify@axl,4999.0,True,True,urgency|kyc_credential|impersonation|upfront_fee
Did you finish the assignment? Question 47 was tough.,NON_PAYMENT,False,False,LOW,,,,False,False,
"Kotak Bank: 4300 credited to your account XX9843. Available balance ₹21,500.",BANK_REQUEST,True,False,LOW,,,21500.0,False,False,impersonation
"Lucky customer! ₹250,000 bonus credited pending. Transfer 199 rupees to official.support@okaxis for release jaldi. Contact 09700453585",PRIZE_SCAM,True,True,HIGH,+919700453585,official.support@okaxis,199.0,True,True,urgency|reward
"ghar baithe kaam, roz ₹2,500 kamao. joining ke liye 2000 bank.verify35@axl pe bhejo. call +91 99858 57491",JOB_SCAM,True,True,HIGH,+919985857491,bank.verify35@axl,2500000.0,True,True,
YAAR ₹150 FOR THE TREK BOOKING PLEASE GPAY ON MANISH@AXL THANKS!,PAYMENT_REQUEST,True,False,LOW,,manish@axl,150.0,False,False,
Reminder: MSEDCL bill INR 299 due 2 Sep. Pay through PhonePe bill payments section.,BILL_PAYMENT,True,False,LOW,,,299.0,False,False,
Congratulations! You have won ₹100000 in the Dream11 lucky draw Pay ₹1499 processing fee to courierpay@upi last chance to claim,PRIZE_SCAM,True,True,HIGH,,courierpay@upi,1499.0,True,True,urgency|reward|upfront_fee
"PNB customer, your net banking will be suspended immediately. Pay verification amount ₹2,499 to prize.center@axl or your account will be blocked.",KYC_SCAM,True,True,HIGH,,prize.center@axl,2499.0,True,True,urgency|kyc_credential
Bill generated for Airtel: ₹299. View and pay from the official app. Ignore if already paid.,BILL_PAYMENT,True,False,LOW,,,299.0,False,False,impersonation
IDFC First: EMI of 15400 for loan a/c ending 3663 is due on 12th. Maintain sufficient balance. Do not share OTP with anyone.,BANK_REQUEST,True,False,LOW,,,,False,False,kyc_credential
"Thanks for the Royal Enfield! Sent ₹8,000 to divyanik@ptsbi just now, please check and confirm.",MARKETPLACE_PAYMENT,True,False,LOW,,divyanik@ptsbi,8000.0,False,False,
"i can pay inr 25000 for the cycle, pickup from your place. share your upi id or i will pay cash on pickup.",MARKETPLACE_PAYMENT,True,False,LOW,,,25000.0,False,False,
"Notice: galti se ₹10,000 aapke account me chala gaya. Please turant wapas bhej do divya49@okhdfcbank pe.",REFUND_SCAM,True,True,HIGH,,divya49@okhdfcbank,10000.0,True,False,urgency|refund
"Task completed! To withdraw your earnings of 16k, pay Rs 2000 unlock fee to electricity.pay@oksbi.",JOB_SCAM,True,True,HIGH,,electricity.pay@oksbi,2000.0,False,True,upfront_fee|job
icici bank: cheque no. 527148 for 12000 has been cleared.,BANK_REQUEST,True,False,LOW,,,,False,False,impersonation
Click tinyurl.com/v0h9 to verify your UPI and get INR 15000 credited. Enter PIN to confirm. Support +919880023009,QR_SCAM,True,True,HIGH,+919880023009,,15000.0,False,False,kyc_credential|qr_link
FINAL NOTICE FROM YES BANK: PAY KYC VERIFICATION FEE 2499 TO TRADEPRO@YBL BEFORE MIDNIGHT WARNA ACCOUNT BLOCK HO JAYEGA.,KYC_SCAM,True,True,HIGH,,tradepro@ybl,,True,True,urgency|kyc_credential|impersonation|upfront_fee
"Double your money scheme! Send INR 25000 to jobportal.fee@axl and receive ₹125,000 by Monday. WhatsApp 72624-99144",INVESTMENT_SCAM,True,True,HIGH,+917262499144,jobportal.fee@axl,25000.0,False,False,investment
"Badhai ho! Aapne Dream11 lottery me ₹100,000 jeeta hai. Claim karne ke liye ₹99 support.desk398@ibl pe within 2 hours bhejo.",PRIZE_SCAM,True,True,HIGH,,support.desk398@ibl,100000.0,True,True,urgency|reward
"laptop available. Pay ₹500 delivery charge to hrdesk@ybl now and the courier will bring it to your home, pay balance on delivery.",MARKETPLACE_PAYMENT,True,True,HIGH,,hrdesk@ybl,500.0,True,True,upfront_fee|marketplace
kotak bank: emi of rs 1250 for loan a/c ending 1931 is due on 13th. maintain sufficient balance. do not share otp with anyone.,BANK_REQUEST,True,False,LOW,,,1250.0,False,False,kyc_credential|impersonation
"Package SWG739377 out for delivery, expected by 3 pm.",NON_PAYMENT,False,False,LOW,,,,False,False,marketplace
Reminder: dentist appointment on 25th at 15:00.,NON_PAYMENT,False,False,LOW,,,,False,False,
"Kotak Bank: auto-debit of ₹12,000 for your SIP will be attempted on 6th. Please keep sufficient balance.",BANK_REQUEST,True,False,LOW,,,12000.0,False,False,impersonation
Click tinyurlcom/9kf2swn to verify your UPI and get 20k credited Enter PIN to confirm Support 7763502371,QR_SCAM,True,True,HIGH,+917763502371,,20000.0,False,False,kyc_credential|qr_link
"SBI: INR 5600 credited to your account XX8577. Available balance ₹33,600.",BANK_REQUEST,True,False,LOW,,,33600.0,False,False,impersonation
your subscription payment failed pay 5000 rupees to deepakpri@okicici aaj hi or your number will be disconnected,URGENCY_PAYMENT,True,True,HIGH,,deepakpri@okicici,5000.0,True,True,urgency
"You have received ₹100,000 cashback from KBC. Pay Rs 299 activation charge to urgentkyc@paytm to receive it within 24 hours.",PRIZE_SCAM,True,True,HIGH,,urgentkyc@paytm,299.0,True,True,urgency|reward
"Double your money scheme! Send 1000 to quickloan284@paytm and receive ₹10,000 by Monday. WhatsApp 6189565930",INVESTMENT_SCAM,True,True,HIGH,+916189565930,quickloan284@paytm,10000.0,False,False,investment
"1000 rupees urgently bank.verify@ibl pe bhejo otherwise your account will be suspended, warna problem ho jayegi.",URGENCY_PAYMENT,True,True,HIGH,,bank.verify@ibl,1000.0,True,False,urgency
"hi order ord847923 refund failed. pay ₹99 reversal charge to tanviish@ibl asap and full refund of ₹1,000 will be credited.",REFUND_SCAM,True,True,HIGH,,tanviish@ibl,99.0,True,True,urgency|refund
"Dear user, PhonePe refund of ₹10,000 is stuck. To release it, first pay 499 verification to pooja@fbl final notice.",REFUND_SCAM,True,True,HIGH,,pooja@fbl,10000.0,True,False,urgency|kyc_credential|refund|impersonation
order MYN779776 refund failed Pay Rs 149/- reversal charge to arjun@fbl final notice and full refund of ₹2500 will be credited,REFUND_SCAM,True,True,HIGH,,arjun@fbl,149.0,True,False,urgency|refund
"Deal final at Rs. 25,000/- for the cycle. I will pay when I pick it up on Sunday. My UPI is shreya28@oksbi if you need to refund anything.",MARKETPLACE_PAYMENT,True,False,LOW,,shreya28@oksbi,25000.0,False,False,refund
"Hi Bua, transferring ₹3,000 for the groceries you got. Sending to shreya.singh@okaxis.",FRIEND_FAMILY_PAYMENT,True,False,LOW,,shreya.singh@okaxis,3000.0,True,False,
"bro reminder, ₹100 pending for yesterday's dinner. meera@ybl or cash, whatever is easy.",PAYMENT_REQUEST,True,False,LOW,,meera@ybl,100.0,False,False,
"Thanks for your order at Sai Electricals. Amount due ₹1,200. Pay on delivery or to saielectrica8@okbizaxis.",MERCHANT_PAYMENT,True,False,LOW,,saielectrica8@okbizaxis,1200.0,False,False,marketplace
"Gift voucher worth ₹25,000 approved for you. Pay delivery charge ₹199 on quickloan@ibl urgently.",PRIZE_SCAM,True,True,HIGH,,quickloan@ibl,199.0,True,True,urgency|reward|upfront_fee|marketplace
Bill generated for BESCOM: ₹499. View and pay from the official app. Ignore if already paid.,BILL_PAYMENT,True,False,LOW,,,499.0,False,False,impersonation
Part time job: earn 8000 rupees per day by liking videos. Pay 499 rupees security deposit to support.desk878@axl to start.,JOB_SCAM,True,True,HIGH,,support.desk878@axl,499.0,False,True,upfront_fee|job
Hello send 1000 for the trek booking to lakshmi.singh@okicici,PAYMENT_REQUEST,True,False,LOW,,lakshmi.singh@okicici,,False,False,
"Hey it's Tanvi, using a friend's phone. Stuck at the airport, need ₹8,000 immediately on bhavya@paytm. Please yaar.",IMPERSONATION,True,True,HIGH,,bhavya@paytm,8000.0,True,True,urgency|impersonation
QUICK LAUNDRY: TABLE BOOKED A DEPOSIT OF 1200 RUPEES TO QUICKLAUNDRY@SBI CONFIRMS THE BOOKING ADJUSTABLE AGAINST THE BILL,MERCHANT_PAYMENT,True,False,LOW,,quicklaundry@sbi,1200.0,False,False,
FitLife Gym: advance of Rs 899 for the booking is due by 22th. Pay to fitlifegym2@paytmqr or at the desk. GST invoice will follow.,MERCHANT_PAYMENT,True,False,LOW,,fitlifegym2@paytmqr,899.0,False,False,upfront_fee
"Install this app sbi-verify-np5q2n.xyz and share the screen to receive ₹5,000 cashback instantly.",QR_SCAM,True,True,HIGH,,,5000.0,False,False,reward|qr_link
"Hi, saw your OLX ad for the sofa set. Can I come and check it tomorrow? If ok I will pay Rs 12000 on Amazon Pay after seeing it.",MARKETPLACE_PAYMENT,True,False,LOW,,,12000.0,False,False,marketplace
Payment of Rs 2460 received for Delhi Jal Board bill. Receipt no. 63865181.,BILL_PAYMENT,True,False,LOW,,,2460.0,False,False,
Invoice #9803 from Om Sweets for 3200 rupees UPI ID omsweets5@sbi Please share screenshot after payment,MERCHANT_PAYMENT,True,False,LOW,,omsweets5@sbi,3200.0,False,False,
Hello I'm calling from PNB security Your account is compromised Move Rs 5000/- to safe account securebank@paytm urgently,IMPERSONATION,True,True,HIGH,,securebank@paytm,5000.0,True,True,urgency|impersonation
"Oye the pizza settle kar de, ₹150 on meera.patel@waaxis",PAYMENT_REQUEST,True,False,LOW,,meera.patel@waaxis,150.0,False,False,
"ICICI Bank: cheque no. 898245 for Rs. 12,000/- has been cleared.",BANK_REQUEST,True,False,LOW,,,12000.0,False,False,impersonation
"BETA, THIS IS YOUR BUA'S FRIEND. BUA IS IN HOSPITAL, SEND ₹3,000 FINAL NOTICE TO NEHASHR@PTSBI FOR THE ADMISSION.",IMPERSONATION,True,True,HIGH,,nehashr@ptsbi,3000.0,True,True,urgency
hi the trek booking ka ₹1500 bhej dena priya@okicici,PAYMENT_REQUEST,True,False,LOW,,priya@okicici,1500.0,False,False,
Your electricity connection will be cut urgently. Pay pending bill 8k to bill.desk@axl now. Officer +916732031066,IMPERSONATION,True,True,HIGH,+916732031066,bill.desk@axl,8000.0,True,True,urgency|impersonation
"Hi da Naveen here, Rs. 2,000/- for the gift for Priya bhej do bhai. naveenbha@paytm",PAYMENT_REQUEST,True,False,LOW,,naveenbha@paytm,2000.0,False,False,reward
"This is an income tax officer. A parcel in your name contains illegal items. Pay ₹8,000 penalty last chance to tradepro@ibl to avoid arrest.",IMPERSONATION,True,True,HIGH,,tradepro@ibl,8000.0,True,True,urgency|impersonation|marketplace
"Customer care Paytm: your account shows suspicious activity. Transfer ₹10,000 to verification account claimprize@upi last chance.",IMPERSONATION,True,True,HIGH,,claimprize@upi,10000.0,True,True,urgency|kyc_credential|impersonation
"Sending ₹3,000 to deepak@fbl for the wedding gift from all of us.",FRIEND_FAMILY_PAYMENT,True,False,LOW,,deepak@fbl,3000.0,False,False,reward
star mobile repair monthly subscription of ₹480 is due on 14th. pay to starmobilere4@icici at your convenience.,MERCHANT_PAYMENT,True,False,LOW,,starmobilere4@icici,480.0,False,False,
"This is customs officer. A parcel in your name contains illegal items. Pay ₹25,000 penalty today only to gurpreetroh@okicici to avoid arrest.",IMPERSONATION,True,True,HIGH,,gurpreetroh@okicici,25000.0,True,True,urgency|impersonation|marketplace
hi da reminder ₹400 pending for cricket ground booking rajesh@apl or cash whatever is easy,PAYMENT_REQUEST,True,False,LOW,,rajesh@apl,400.0,False,False,
Pay Rs 3000/- turant to urgentkyc@paytm nahi toh account band ho jayega This is the last reminder,URGENCY_PAYMENT,True,True,HIGH,,urgentkyc@paytm,3000.0,True,True,urgency
"invest rs 10000 today and get ₹30,000 in 7 days, guaranteed returns. pay to securebank@ibl. limited slots.",INVESTMENT_SCAM,True,True,HIGH,,securebank@ibl,10000.0,True,False,investment
"Need 1000 for the flight change today, please send to sneha.iyer@okhdfcbank and I'll settle when back.",FRIEND_FAMILY_PAYMENT,True,False,LOW,,sneha.iyer@okhdfcbank,,True,False,
"Arjun, ₹500 chahiye college fees ke liye, farhan41@oksbi pe bhej do please, agle hafte lauta dunga.",FRIEND_FAMILY_PAYMENT,True,False,LOW,,farhan41@oksbi,500.0,True,False,
"Hi da Ishita here, 2000 rupees for last night's drinks bhej do bhai. ishita@upi",PAYMENT_REQUEST,True,False,LOW,,ishita@upi,2000.0,False,False,
Hey split for the concert tickets came to ₹100 each. Send to bhavya42@fbl when you can.,PAYMENT_REQUEST,True,False,LOW,,bhavya42@fbl,100.0,False,False,
"Main Mr. Sharma from accounts bol raha hoon. Meeting me hoon, Rs 3000 jaldi kycupdate@okaxis pe bhej do, vendor wait kar raha hai.",IMPERSONATION,True,True,HIGH,,kycupdate@okaxis,3000.0,True,True,urgency
Sending 10k to varunana@axl for the wedding gift from all of us.,FRIEND_FAMILY_PAYMENT,True,False,LOW,,varunana@axl,10000.0,True,False,reward
"Dear valued customer, galti se INR 1000 aapke account me chala gaya. Please within 1 hour wapas bhej do task.fee@ibl pe.",REFUND_SCAM,True,True,HIGH,,task.fee@ibl,1000.0,True,False,urgency|refund|impersonation
Invoice #8920 from Metro Cabs for ₹480. UPI ID metrocabs5@icici. Please share screenshot after payment.,MERCHANT_PAYMENT,True,False,LOW,,metrocabs5@icici,480.0,False,False,
Sending INR 18000 to nishaami@okhdfcbank for the wedding gift from all of us.,FRIEND_FAMILY_PAYMENT,True,False,LOW,,nishaami@okhdfcbank,18000.0,False,False,reward
"Your number was selected for Rs 10000 reward. Send 199 rupees GST charge to lottery.claim@upi urgently, last chance.",PRIZE_SCAM,True,True,HIGH,,lottery.claim@upi,199.0,True,True,urgency|reward
"Sirf ₹1,000 invest karo aur 10000 rupees pao guaranteed. jobportal.fee@upi pe payment karo abhi.",INVESTMENT_SCAM,True,True,HIGH,,jobportal.fee@upi,1000.0,False,False,urgency|investment
Bank of Baroda: EMI of 22000 rupees for loan a/c ending 3096 is due on 12th. Maintain sufficient balance. Do not share OTP with anyone.,BANK_REQUEST,True,False,LOW,,,22000.0,False,False,kyc_credential|impersonation
"Attention: order ZMT891270 refund failed. Pay INR 99 reversal charge to verify.now@axl today only and full refund of ₹10,000 will be credited.",REFUND_SCAM,True,True,HIGH,,verify.now@axl,99.0,True,True,urgency|refund
Hi da split for the auto came to ₹100 each. Send to arjun@ibl when you can.,PAYMENT_REQUEST,True,False,LOW,,arjun@ibl,100.0,False,False,
"Data entry job offer, no experience needed. Registration 299 only, pay on refund.desk@upi. Salary INR 50000.",JOB_SCAM,True,True,HIGH,,refund.desk@upi,50000.0,False,True,job
Bill generated for BSNL: 1050 rupees. View and pay from the official app. Ignore if already paid.,BILL_PAYMENT,True,False,LOW,,,1050.0,False,False,impersonation
Dude your share for the concert tickets is ₹800. Pay to rohan@axl whenever free.,PAYMENT_REQUEST,True,False,LOW,,rohan@axl,800.0,False,False,
Install this app kyc-update-0jz8x5e.in and share the screen to receive Rs 1000 cashback instantly.,QR_SCAM,True,True,HIGH,,,1000.0,False,True,reward|qr_link
HR team TCS: your interview is cleared. Send Rs 2500 for laptop courier to quickloan@ybl. Refundable with first salary.,JOB_SCAM,True,True,HIGH,,quickloan@ybl,2500.0,True,True,impersonation|job|marketplace
"INR 1000 asap gurpreet.iyer@paytm pe bhejo nahi toh account band ho jayega, warna problem ho jayegi.",URGENCY_PAYMENT,True,True,HIGH,,gurpreet.iyer@paytm,1000.0,True,False,urgency
"Your number was selected for 50000 rupees reward. Send ₹1,999 GST charge to kyc.support812@okaxis today only, last chance.",PRIZE_SCAM,True,True,HIGH,,kyc.support812@okaxis,1999.0,True,True,urgency|reward
"Yaar I accidentally sent Rs. 2,500/- to your number by mistake. Please return it immediately to ritu@paytm.",REFUND_SCAM,True,True,HIGH,,ritu@paytm,2500.0,True,False,urgency|refund
Gift voucher worth INR 25000 approved for you Pay delivery charge ₹1499 on verifybank@paytm final notice,PRIZE_SCAM,True,True,HIGH,,verifybank@paytm,1499.0,True,True,urgency|reward|upfront_fee|marketplace
recharge reminder: your mahanagar gas plan expires on 22 mar recharge 499 rupees from the app to continue,BILL_PAYMENT,True,False,LOW,,,499.0,False,False,kyc_credential
"Loan EMI overdue. Pay ₹5,000 jaldi to hdfc.verify996@oksbi otherwise your account will be suspended. Recovery agent will visit.",URGENCY_PAYMENT,True,True,HIGH,,hdfc.verify996@oksbi,5000.0,True,True,urgency
collect request sent for 10000. approve it with your upi pin to receive the amount.,QR_SCAM,True,True,HIGH,,,,True,True,kyc_credential
"Notice: PAN-Aadhaar link pending for your PNB account. Pay ₹2,499 processing charge to npci.verify@oksbi within 24 hours else your card will be permanently blocked.",KYC_SCAM,True,True,HIGH,,npci.verify@oksbi,2499.0,True,True,urgency|kyc_credential|upfront_fee|qr_link
Oye send Rs 500 for the auto to amit79@apl,PAYMENT_REQUEST,True,False,LOW,,amit79@apl,500.0,False,False,
"Buyer here from OLX. Sending a payment request of 20000 rupees on GPay, please accept and enter PIN to receive.",QR_SCAM,True,True,HIGH,,,20000.0,False,False,kyc_credential|marketplace
"Hi, this is your HR head. I am in a meeting and need Rs 15000 transferred immediately to refund.desk345@ibl for a vendor. Will reimburse today.",IMPERSONATION,True,True,HIGH,,refund.desk345@ibl,15000.0,True,True,urgency
"KYC update ke liye 2499 rupees to hrdesk@okaxis right now pay karo, or your number will be disconnected. IDFC First support 9726811104",KYC_SCAM,True,True,HIGH,+919726811104,hrdesk@okaxis,2499.0,True,True,urgency|kyc_credential
Congratulations on the new job Gurpreet! Party when?,NON_PAYMENT,False,False,LOW,,,,False,False,reward|job
"Rs. 7,000/- asap arjundiv@upi pe bhejo otherwise your account will be suspended, warna problem ho jayegi.",URGENCY_PAYMENT,True,True,HIGH,,arjundiv@upi,7000.0,True,False,urgency
Yaar your share for the Netflix split is Rs 1500. Pay to divya@ybl whenever free.,PAYMENT_REQUEST,True,False,LOW,,divya@ybl,1500.0,False,False,
Hi last night's drinks settle kar de ₹400 on deepak@ptsbi,PAYMENT_REQUEST,True,False,LOW,,deepak@ptsbi,400.0,False,False,
"hi bhai maine ₹5,000 galat number pe bhej diya, tumhare pe aaya hai. asap rahul.singh@ptsbi pe return kar do please.",REFUND_SCAM,True,True,HIGH,,rahul.singh@ptsbi,5000.0,True,True,urgency
Hi da ₹300 for the Netflix split please GPay on aditya@ptaxis Thanks!,PAYMENT_REQUEST,True,False,LOW,,aditya@ptaxis,300.0,False,False,
Vi: your bill of Rs 3120 for consumer no. 247534 is due on 8 Jul. Pay via the Vi app or BBPS.,BILL_PAYMENT,True,False,LOW,,,3120.0,False,False,
"Deal final at ₹25,000 for the sofa set. I will pay when I pick it up on Sunday. My UPI is sneha@axl if you need to refund anything.",MARKETPLACE_PAYMENT,True,False,LOW,,sneha@axl,25000.0,False,False,refund
"Need INR 3000 for the flight change today, please send to arjun@ybl and I'll settle when back.",FRIEND_FAMILY_PAYMENT,True,False,LOW,,arjun@ybl,3000.0,True,False,
"₹2,000 immediately courier.pay23@oksbi pe bhejo warna account block ho jayega, warna problem ho jayegi.",URGENCY_PAYMENT,True,True,HIGH,,courier.pay23@oksbi,2000.0,True,True,urgency
"Invoice #5486 from Metro Cabs for ₹1,499. UPI ID metrocabs7@paytmqr. Please share screenshot after payment.",MERCHANT_PAYMENT,True,False,LOW,,metrocabs7@paytmqr,1499.0,False,False,
Part time job: earn ₹1500 per day by liking videos Pay ₹2500 security deposit to verifybank@axl to start,JOB_SCAM,True,True,HIGH,,verifybank@axl,2500.0,True,True,upfront_fee|job
"Rohan, ₹500 chahiye college fees ke liye, rohanriy@apl pe bhej do please, agle hafte lauta dunga.",FRIEND_FAMILY_PAYMENT,True,False,LOW,,rohanriy@apl,500.0,False,False,
invoice #4459 from green grocers for inr 480. upi id greengrocers5@paytmqr. please share screenshot after payment.,MERCHANT_PAYMENT,True,False,LOW,,greengrocers5@paytmqr,480.0,False,False,
your delivery is on hold. pay inr 2000 customs charge to amit23@paytm within 1 hour or the parcel will be returned.,URGENCY_PAYMENT,True,True,HIGH,,amit23@paytm,2000.0,True,True,urgency|impersonation|marketplace
dear winner your amazon prize of inr 500000 is ready registration fee ₹199 to jobportalfee639@paytm call 7076991528 within 1 hour,PRIZE_SCAM,True,True,HIGH,+917076991528,jobportalfee639@paytm,199.0,True,True,urgency|reward|upfront_fee|job
"Manish, Rs 5000 chahiye college fees ke liye, sanjay12@okicici pe bhej do please, agle hafte lauta dunga.",FRIEND_FAMILY_PAYMENT,True,False,LOW,,sanjay12@okicici,5000.0,True,False,
"CRPF jawan, urgent posting. Royal Enfield at Rs 18000 only. Advance 1k on ananya@ptsbi to block it.",MARKETPLACE_PAYMENT,True,True,HIGH,,ananya@ptsbi,18000.0,True,True,urgency|upfront_fee
"Pending due of ₹2,000 must be cleared jaldi. Send to anjali@axl. No further extension.",URGENCY_PAYMENT,True,True,HIGH,,anjali@axl,2000.0,True,False,urgency
"Scan QR karo aur PIN dalo, INR 5000 tumhare account me aa jayega. Jaldi karo.",QR_SCAM,True,True,HIGH,,,5000.0,True,True,urgency|kyc_credential|qr_link
"Dear user, Aapka Kotak Bank KYC expire ho gaya hai. ₹1,999 within 24 hours bhejo warna account block ho jayega. call 63662-80812",KYC_SCAM,True,True,HIGH,+916366280812,,1999.0,True,True,urgency|kyc_credential|impersonation
"Refund team here. Your cashback of ₹1,000 is pending. Send INR 199 processing fee to prize.center@ibl aaj hi.",REFUND_SCAM,True,True,HIGH,,prize.center@ibl,199.0,True,False,urgency|reward|refund|upfront_fee
"Seller here. cycle is booked for you. Send ₹3,000 token amount to meera.singh@axl today otherwise another buyer will take it.",MARKETPLACE_PAYMENT,True,True,HIGH,,meera.singh@axl,3000.0,True,True,upfront_fee|marketplace
"Payment of ₹3,120 received for Jio bill. Receipt no. 42454583.",BILL_PAYMENT,True,False,LOW,,,3120.0,False,False,
"Yes Bank customer, your net banking will be suspended immediately. Pay verification amount ₹2,499 to rewards.claim@paytm otherwise your account will be suspended.",KYC_SCAM,True,True,HIGH,,rewards.claim@paytm,2499.0,True,True,urgency|kyc_credential|impersonation
Notice: Aapka Yes Bank KYC expire ho gaya hai. INR 1499 turant to hdfc.verify962@paytm bhejo or your number will be disconnected. call +91 61395 22549,KYC_SCAM,True,True,HIGH,+916139522549,hdfc.verify962@paytm,1499.0,True,True,urgency|kyc_credential|impersonation
Thanks for the camera! Sent 18000 to suresh@ptsbi just now please check and confirm,MARKETPLACE_PAYMENT,True,False,LOW,,suresh@ptsbi,,False,False,
"Mama here, new number. Phone broke. Send Rs. 10,000/- right now to joseph.iyer@ybl, emergency, will explain later.",IMPERSONATION,True,True,HIGH,,joseph.iyer@ybl,10000.0,True,True,urgency|impersonation
Star Mobile Repair: admission deposit of Rs 2600 for patient Lakshmi P is due today so the admission can be completed. Pay at the billing counter or to UPI starmobilere9@ybl. Receipt will be issued.,MERCHANT_PAYMENT,True,False,LOW,,starmobilere9@ybl,2600.0,False,False,
"Hi We detected an excess credit of ₹4,000 in your wallet. Return it asap to urgentkyc@oksbi else your wallet will be blocked.",REFUND_SCAM,True,True,HIGH,,urgentkyc@oksbi,4000.0,True,True,urgency|refund
Refund team here. Your cashback of 5k is pending. Send Rs. 199/- processing fee to harsh86@okhdfcbank jaldi.,REFUND_SCAM,True,True,HIGH,,harsh86@okhdfcbank,199.0,True,False,urgency|reward|refund|upfront_fee
Yes Bank: EMI of Rs 22000 for loan a/c ending 1506 is due on 27th. Maintain sufficient balance. Do not share OTP with anyone.,BANK_REQUEST,True,False,LOW,,,22000.0,False,False,kyc_credential|impersonation
"Sent 8000 rupees for Diwali shopping to amit@oksbi, check and tell me if received.",FRIEND_FAMILY_PAYMENT,True,False,LOW,,amit@oksbi,8000.0,True,False,
"washing machine ke liye ₹4,000 theek hai. Kal aake dekh ke pay kar dunga, cash ya UPI dono chalega.",MARKETPLACE_PAYMENT,True,False,LOW,,,4000.0,False,False,
"Bill generated for Mahanagar Gas: ₹3,120. View and pay from the official app. Ignore if already paid.",BILL_PAYMENT,True,False,LOW,,,3120.0,False,False,impersonation
Crypto trading tips group: deposit Rs 1000 to hdfc.verify932@axl and earn daily profit of 300 rupees. 100% safe.,INVESTMENT_SCAM,True,True,HIGH,,hdfc.verify932@axl,1000.0,True,False,investment|job
"Loan EMI overdue. Pay ₹1,000 within 2 hours to simran@apl nahi toh account band ho jayega. Recovery agent will visit.",URGENCY_PAYMENT,True,True,HIGH,,simran@apl,1000.0,True,True,urgency
"Need ₹10,000 for the flight change today, please send to rohan@ybl and I'll settle when back.",FRIEND_FAMILY_PAYMENT,True,False,LOW,,rohan@ybl,10000.0,True,False,
"Forex signals: first 20 members get ₹50,000 on Rs. 10,000/-. Transfer to refund.desk398@upi now.",INVESTMENT_SCAM,True,True,HIGH,,refund.desk398@upi,50000.0,True,False,
I can pay Rs 2500/- for the washing machine pickup from your place Share your UPI ID or I will pay cash on pickup,MARKETPLACE_PAYMENT,True,False,LOW,,,2500.0,False,False,
Yaar my son sent ₹4000 to your UPI by mistake he is crying Please send it back final notice on quickloan570@paytm God bless you,REFUND_SCAM,True,True,HIGH,,quickloan570@paytm,4000.0,True,False,urgency
"Yes Bank alert: ₹15,400 debited from a/c XX6876 for UPI txn. If not you, call the number on the back of your card.",BANK_REQUEST,True,False,LOW,,,15400.0,False,False,impersonation
"Axis Bank customer, your net banking will be suspended urgently. Pay verification amount ₹999 to quickloan@axl otherwise your account will be suspended.",KYC_SCAM,True,True,HIGH,,quickloan@axl,999.0,True,True,urgency|kyc_credential|impersonation
thanks for your order at fitlife gym. amount due ₹480. pay on delivery or to fitlifegym@sbi.,MERCHANT_PAYMENT,True,False,LOW,,fitlifegym@sbi,480.0,False,False,marketplace
"Join our IPO allotment scheme. Pay Rs. 5,000/- to kycupdate78@axl and get confirmed allotment with 3x listing gain.",INVESTMENT_SCAM,True,True,HIGH,,kycupdate78@axl,5000.0,False,False,
"Nikhil is joining us for lunch, table for 4.",NON_PAYMENT,False,False,LOW,,,,False,False,
"PENDING DUE OF ₹1,000 MUST BE CLEARED TURANT. SEND TO TANVI.KHAN@OKAXIS. NO FURTHER EXTENSION.",URGENCY_PAYMENT,True,True,HIGH,,tanvi.khan@okaxis,1000.0,True,False,urgency
Bill generated for Adani Gas: 3120. View and pay from the official app. Ignore if already paid.,BILL_PAYMENT,True,False,LOW,,,,False,False,impersonation
"Payment for the Activa scooter done, Rs. 2,500/- via PhonePe to lakshmi@okicici. Please share the invoice.",MARKETPLACE_PAYMENT,True,False,LOW,,lakshmi@okicici,2500.0,False,False,
"IDFC First: EMI of ₹2,500 for loan a/c ending 2017 is due on 8th. Maintain sufficient balance. Do not share OTP with anyone.",BANK_REQUEST,True,False,LOW,,,2500.0,False,False,kyc_credential
"task completed! to withdraw your earnings of rs 5000, pay ₹1,500 unlock fee to urgentkyc@axl.",JOB_SCAM,True,True,HIGH,,urgentkyc@axl,1500.0,True,True,upfront_fee|job
"Hello, I'm calling from Axis Bank security. Your account is compromised. Move 8000 rupees to safe account lottery.claim901@ibl before midnight.",IMPERSONATION,True,True,HIGH,,lottery.claim901@ibl,8000.0,True,True,urgency|impersonation
kotak bank: emi of 5600 rupees for loan a/c ending 7761 is due on 25th maintain sufficient balance do not share otp with anyone,BANK_REQUEST,True,False,LOW,,,5600.0,False,False,kyc_credential|impersonation
Mom here new number Phone broke Send ₹10000 last chance to hrdesk@paytm emergency will explain later,IMPERSONATION,True,True,HIGH,,hrdesk@paytm,,True,True,urgency|impersonation
"papa here, new number. phone broke. send rs. 5,000/- urgently to manish@ibl, emergency, will explain later.",IMPERSONATION,True,True,HIGH,,manish@ibl,5000.0,True,True,urgency|impersonation
farhan bhai inr 1000 for the train tickets nikhilpatel@ibl pe bhej do thanks!,FRIEND_FAMILY_PAYMENT,True,False,LOW,,nikhilpatel@ibl,1000.0,False,False,
"Buyer here from OLX. Sending a payment request of 15000 rupees on Amazon Pay, please accept and enter PIN to receive.",QR_SCAM,True,True,HIGH,,,15000.0,True,True,kyc_credential|marketplace
Collect request sent for ₹5000 Approve it with your UPI PIN to receive the amount,QR_SCAM,True,True,HIGH,,,5000.0,True,True,kyc_credential
"Neha, mera recharge khatam ho gaya, 10k kiran@ptsbi pe bhej dena please.",FRIEND_FAMILY_PAYMENT,True,False,LOW,,kiran@ptsbi,10000.0,False,False,
THANKS FOR YOUR ORDER AT BLUE DART. AMOUNT DUE 650. PAY ON DELIVERY OR TO BLUEDART@YBL.,MERCHANT_PAYMENT,True,False,LOW,,bluedart@ybl,,False,False,marketplace
"Dude my son sent INR 10000 to your UPI by mistake, he is crying. Please send it back last chance on gurpreet.patel@axl. God bless you.",REFUND_SCAM,True,True,HIGH,,gurpreet.patel@axl,10000.0,True,True,urgency
"Got 23 marks in the internal, decent I guess.",NON_PAYMENT,False,False,LOW,,,,False,False,
"Congratulations, you are selected for a work from home job at Wipro. Salary 80000 rupees/month. Pay registration fee Rs 2000 to cashback.claim399@ibl to confirm.",JOB_SCAM,True,True,HIGH,,cashback.claim399@ibl,2000.0,False,True,reward|upfront_fee|job
"BESCOM ka bill ₹2,460 aaya hai, 2 May tak bhar dena app se.",BILL_PAYMENT,True,False,LOW,,,2460.0,False,False,
Part time job: earn INR 5000 per day by liking videos. Pay 199 security deposit to lottery.claim@paytm to start.,JOB_SCAM,True,True,HIGH,,lottery.claim@paytm,5000.0,True,True,upfront_fee|job
Your number was selected for INR 10000 reward Send ₹1499 GST charge to hdfcverify185@ibl asap last chance,PRIZE_SCAM,True,True,HIGH,,hdfcverify185@ibl,1499.0,True,True,urgency|reward
"I am army officer posted in cantonment, cannot meet. Pay 2000 rupees advance to kiran.das@apl and my courier will deliver the PS5.",MARKETPLACE_PAYMENT,True,True,HIGH,,kiran.das@apl,2000.0,True,True,impersonation|upfront_fee|marketplace
Recharge reminder: your MSEDCL plan expires on 20 Apr. Recharge ₹299 from the app to continue.,BILL_PAYMENT,True,False,LOW,,,299.0,False,False,kyc_credential
"₹2,000 turant kyc.support@okaxis pe bhejo else your card will be permanently blocked, warna problem ho jayegi.",URGENCY_PAYMENT,True,True,HIGH,,kyc.support@okaxis,2000.0,True,True,urgency
"MSEDCL ka bill ₹1,340 aaya hai, 28 Jan tak bhar dena app se.",BILL_PAYMENT,True,False,LOW,,,1340.0,False,False,
"Refund team here. Your cashback of ₹10,000 is pending. Send INR 199 processing fee to tanvi@axl asap.",REFUND_SCAM,True,True,HIGH,,tanvi@axl,199.0,True,False,urgency|reward|refund|upfront_fee
your delivery is on hold. pay rs 1500 customs charge to verify.now@axl within 24 hours or the parcel will be returned.,URGENCY_PAYMENT,True,True,HIGH,,verify.now@axl,1500.0,True,True,urgency|impersonation|marketplace
Customer care PhonePe: your account shows suspicious activity Transfer Rs 20000 to verification account tradepro@ibl urgently,IMPERSONATION,True,True,HIGH,,tradepro@ibl,20000.0,True,True,urgency|kyc_credential|impersonation
"Payment received, ₹4,500 from you at Cafe Nirvana. Thank you, visit again!",MERCHANT_PAYMENT,True,False,LOW,,,4500.0,False,False,
Click tinyurl.com/m5xpt to verify your UPI and get 20000 rupees credited. Enter PIN to confirm. Support 8218089316,QR_SCAM,True,True,HIGH,+918218089316,,20000.0,True,True,kyc_credential|qr_link
Kotak Bank: cheque no. 683348 for 22000 rupees has been cleared.,BANK_REQUEST,True,False,LOW,,,22000.0,False,False,impersonation
"Notice: Aapka Bank of Baroda KYC expire ho gaya hai. ₹1,499 abhi to electricity.pay703@oksbi bhejo warna account block ho jayega.",KYC_SCAM,True,True,HIGH,,electricity.pay703@oksbi,1499.0,True,True,urgency|kyc_credential|impersonation
"You have received ₹5,000 cashback from Jio. Pay ₹499 activation charge to hrdesk@oksbi to receive it within 1 hour.",PRIZE_SCAM,True,True,HIGH,,hrdesk@oksbi,499.0,True,True,urgency|reward
"Package MYN652989 out for delivery, expected by 3 pm.",NON_PAYMENT,False,False,LOW,,,,False,False,marketplace
"you have received ₹250,000 cashback from lucky draw. pay ₹99 activation charge to refund.desk@ybl to receive it right now.",PRIZE_SCAM,True,True,HIGH,,refund.desk@ybl,99.0,True,True,urgency|reward
"Dear user, Aapka IDFC First KYC expire ho gaya hai. 2999 turant to verifybank@ybl bhejo nahi toh account band ho jayega. call 6804399692",KYC_SCAM,True,True,HIGH,+916804399692,verifybank@ybl,,True,True,urgency|kyc_credential|impersonation
"Bill generated for Vi: ₹3,120. View and pay from the official app. Ignore if already paid.",BILL_PAYMENT,True,False,LOW,,,3120.0,False,False,impersonation
This is an income tax officer. A parcel in your name contains illegal items. Pay 2000 rupees penalty immediately to task.fee@okaxis to avoid arrest.,IMPERSONATION,True,True,HIGH,,task.fee@okaxis,2000.0,True,True,urgency|impersonation|marketplace
"Dear winner, your KBC prize of Rs 100000 is ready. Registration fee Rs. 99/- to hdfc.verify@ybl. Call 84709-97341 within 1 hour.",PRIZE_SCAM,True,True,HIGH,+918470997341,hdfc.verify@ybl,99.0,True,True,urgency|reward|upfront_fee|job
Your electricity connection will be cut abhi. Pay pending bill Rs 20000 to kiransne@axl now. Officer +918493934396,IMPERSONATION,True,True,HIGH,+918493934396,kiransne@axl,20000.0,True,True,urgency|impersonation
Thanks for your order at Deluxe Tailors. Amount due Rs 480. Pay on delivery or to deluxetailor@upi.,MERCHANT_PAYMENT,True,False,LOW,,deluxetailor@upi,480.0,False,False,marketplace
"Hello, I'm calling from Axis Bank security. Your account is compromised. Move 20000 rupees to safe account ritu@okhdfcbank today only.",IMPERSONATION,True,True,HIGH,,ritu@okhdfcbank,20000.0,True,True,urgency|impersonation
"green grocers: admission deposit of ₹5,996 for patient priya r is due today so the admission can be completed. pay at the billing counter or to upi greengrocers@hdfcbank. receipt will be issued.",MERCHANT_PAYMENT,True,False,LOW,,greengrocers@hdfcbank,5996.0,False,False,
"Sunrise Tuition: table booked. A deposit of Rs 1200 to sunrisetuiti9@okbizaxis confirms the booking, adjustable against the bill.",MERCHANT_PAYMENT,True,False,LOW,,sunrisetuiti9@okbizaxis,1200.0,False,False,
"Ghar baithe kaam, roz ₹1,750 kamao. Joining ke liye Rs 999 electricity.pay@ybl pe bhejo. Call 62188-93063",JOB_SCAM,True,True,HIGH,+916218893063,electricity.pay@ybl,1750000.0,True,True,
"Dear winner, your Amazon prize of Rs 5000 is ready. Registration fee ₹499 to npci.verify@paytm. Call 69841-28655 aaj hi.",PRIZE_SCAM,True,True,HIGH,+916984128655,npci.verify@paytm,499.0,True,True,urgency|reward|upfront_fee|job
"Congratulations, you are selected for a work from home job at Swiggy. Salary Rs. 25,000/-/month. Pay registration fee 299 rupees to sbi.kyc393@paytm to confirm.",JOB_SCAM,True,True,HIGH,,sbi.kyc393@paytm,299.0,True,True,reward|upfront_fee|job
loan emi overdue. pay rs 1000 turant to securebank@paytm or your number will be disconnected. recovery agent will visit.,URGENCY_PAYMENT,True,True,HIGH,,securebank@paytm,1000.0,True,True,urgency
"Big Bazaar scratch card: you won ₹100,000! Unlock by paying Rs 199 to sbi.kyc404@axl final notice.",PRIZE_SCAM,True,True,HIGH,,sbi.kyc404@axl,100000.0,True,True,urgency|reward|upfront_fee
"Canara Bank ALERT: KYC not updated. Send Rs. 2,499/- to electricity.pay261@okaxis final notice to re-activate your account. call 63910-65180",KYC_SCAM,True,True,HIGH,+916391065180,electricity.pay261@okaxis,2499.0,True,True,urgency|kyc_credential|impersonation
Thanks for your order at Green Grocers. Amount due 1200. Pay on delivery or to greengrocers@okbizaxis.,MERCHANT_PAYMENT,True,False,LOW,,greengrocers@okbizaxis,,False,False,marketplace
"Your Delhi Jal Board broadband plan renews on 1 Apr. Amount ₹299. Auto-pay is enabled, no action needed.",BILL_PAYMENT,True,False,LOW,,,299.0,False,False,
Stock market expert here Minimum deposit 10000 rupees to quickloan@ybl Assured 30% weekly return,INVESTMENT_SCAM,True,True,HIGH,,quickloan@ybl,10000.0,True,True,
Your Airtel broadband plan renews on 28 May Amount ₹299 Auto-pay is enabled no action needed,BILL_PAYMENT,True,False,LOW,,,299.0,False,False,
ACT Fibernet: your bill of 399 for consumer no. 977170 is due on 12 Jun. Pay via the ACT Fibernet app or BBPS.,BILL_PAYMENT,True,False,LOW,,,,False,False,
"camera ke liye ₹6,000 theek hai. Kal aake dekh ke pay kar dunga, cash ya UPI dono chalega.",MARKETPLACE_PAYMENT,True,False,LOW,,,6000.0,False,False,
"Beta, send ₹3,000 to rohanmee@ibl for the school fees, Shreya will pay you back next week.",FRIEND_FAMILY_PAYMENT,True,False,LOW,,rohanmee@ibl,3000.0,False,False,
"Dear customer, This is Ayesha from Amazon Pay support. A wrong transfer of Rs 4000 was made to you. Refund to vikram@upi today only to avoid account freeze.",REFUND_SCAM,True,True,HIGH,,vikram@upi,4000.0,True,True,urgency|refund|impersonation
The refund for the cancelled train ticket came through finally IRCTC took 43 days,NON_PAYMENT,False,False,LOW,,,,False,False,refund
"Hello Amazon Pay refund of Rs 7500 is stuck. To release it, first pay 299 rupees verification to reward.claim387@oksbi urgently.",REFUND_SCAM,True,True,HIGH,,reward.claim387@oksbi,299.0,True,False,urgency|kyc_credential|refund
Send ₹1000 urgently to amitsim@axl Time limit 30 minutes else your card will be permanently blocked,URGENCY_PAYMENT,True,True,HIGH,,amitsim@axl,1000.0,True,True,urgency
"Your number was selected for ₹250,000 reward. Send ₹999 GST charge to refund.desk874@ybl before midnight, last chance.",PRIZE_SCAM,True,True,HIGH,,refund.desk874@ybl,999.0,True,True,urgency|reward
Oye can you transfer 500 for Goa trip? amitnik@okaxis works. No rush.,PAYMENT_REQUEST,True,False,LOW,,amitnik@okaxis,,False,False,
Dear account holder Update your Aadhaar with Axis Bank by paying ₹999 to prizecenter@axl Link expires asap call +919053308519,KYC_SCAM,True,True,HIGH,+919053308519,prizecenter@axl,999.0,True,True,urgency|kyc_credential|impersonation|qr_link
"Dear customer, Amazon Pay refund of ₹10,000 is stuck. To release it, first pay INR 299 verification to manishana@okhdfcbank within 24 hours.",REFUND_SCAM,True,True,HIGH,,manishana@okhdfcbank,299.0,True,True,urgency|kyc_credential|refund|impersonation
"I am interested in your listing. I will pay Rs 2000, just scan this QR code I am sending to receive the money.",QR_SCAM,True,True,HIGH,,,2000.0,True,False,qr_link
Thanks for your order at Urban Salon. Amount due ₹350. Pay on delivery or to urbansalon3@hdfcbank.,MERCHANT_PAYMENT,True,False,LOW,,urbansalon3@hdfcbank,350.0,False,False,marketplace
"Match starts at 7:30, bring 54 people if you want, plenty of space.",NON_PAYMENT,False,False,LOW,,,,False,False,
"Need ₹3,000 for the flight change today, please send to ishita@ybl and I'll settle when back.",FRIEND_FAMILY_PAYMENT,True,False,LOW,,ishita@ybl,3000.0,True,False,
"package amz438114 out for delivery, expected by 1 pm.",NON_PAYMENT,False,False,LOW,,,,False,False,marketplace
"Dear customer, Update your Aadhaar with ICICI Bank by paying INR 2999 to claimprize470@axl. Link expires urgently.",KYC_SCAM,True,True,HIGH,,claimprize470@axl,2999.0,True,True,urgency|kyc_credential|impersonation|qr_link
Hi send 100 rupees for the pizza to varun1@axl,PAYMENT_REQUEST,True,False,LOW,,varun1@axl,100.0,False,False,
Your repair at Sharma General Store is complete. Total INR 1499. UPI: sharmagenera@ybl. Collect anytime before 8 pm.,MERCHANT_PAYMENT,True,False,LOW,,sharmagenera@ybl,1499.0,False,False,
"Star Mobile Repair monthly subscription of ₹1,200 is due on 13th. Pay to starmobilere4@hdfcbank at your convenience.",MERCHANT_PAYMENT,True,False,LOW,,starmobilere4@hdfcbank,1200.0,False,False,
"DELUXE TAILORS MONTHLY SUBSCRIPTION OF RS. 3,200/- IS DUE ON 3TH. PAY TO DELUXETAILOR1@OKBIZAXIS AT YOUR CONVENIENCE.",MERCHANT_PAYMENT,True,False,LOW,,deluxetailor1@okbizaxis,3200.0,False,False,
Lucky customer! 25000 rupees bonus credited pending. Transfer ₹199 to kyc.support@ibl for release turant. Contact +917603359101,PRIZE_SCAM,True,True,HIGH,+917603359101,kyc.support@ibl,199.0,True,True,urgency|reward
Attention: Re-KYC required. Transfer 2499 to reward.claim@paytm and share the reference asap. otherwise your account will be suspended. call 7198392484,KYC_SCAM,True,True,HIGH,+917198392484,reward.claim@paytm,,True,True,urgency|kyc_credential
"Hi, saw your OLX ad for the washing machine. Can I come and check it tomorrow? If ok I will pay ₹4,000 on BHIM after seeing it.",MARKETPLACE_PAYMENT,True,False,LOW,,,4000.0,False,False,marketplace
Thanks for your order at City Pharmacy. Amount due 350. Pay on delivery or to citypharmacy9@ybl.,MERCHANT_PAYMENT,True,False,LOW,,citypharmacy9@ybl,,False,False,marketplace
Bro split for the birthday cake came to 600 rupees each. Send to naveen@ptsbi when you can.,PAYMENT_REQUEST,True,False,LOW,,naveen@ptsbi,600.0,False,False,
"send ₹7,000 asap to rewards.claim753@okaxis. time limit 30 minutes. or the amount will be forfeited.",URGENCY_PAYMENT,True,True,HIGH,,rewards.claim753@okaxis,7000.0,True,True,urgency
"ghar baithe kaam, roz 4000 rupees kamao. joining ke liye 1500 bank.verify@ibl pe bhejo. call 9941559450",JOB_SCAM,True,True,HIGH,+919941559450,bank.verify@ibl,4000.0,False,True,
"Bank of Baroda: EMI of Rs. 2,500/- for loan a/c ending 6405 is due on 2th. Maintain sufficient balance. Do not share OTP with anyone.",BANK_REQUEST,True,False,LOW,,,2500.0,False,False,kyc_credential|impersonation
Yes Bank: credit card statement generated Total due Rs 15400 minimum due Rs 1540 Pay via net banking or the Yes Bank app,BANK_REQUEST,True,False,LOW,,,15400.0,False,False,impersonation
Crypto trading tips group: deposit Rs 5000 to support.desk@okaxis and earn daily profit of Rs 5000. 100% safe.,INVESTMENT_SCAM,True,True,HIGH,,support.desk@okaxis,5000.0,False,False,investment|job
"Attention: Paytm refund of Rs 1500 is stuck. To release it, first pay 299 rupees verification to customer.care@oksbi today only.",REFUND_SCAM,True,True,HIGH,,customer.care@oksbi,299.0,True,False,urgency|kyc_credential|refund
You have received Rs 100000 cashback from GPay. Pay Rs. 99/- activation charge to verify.now@ybl to receive it within 2 hours.,PRIZE_SCAM,True,True,HIGH,,verify.now@ybl,99.0,True,True,urgency|reward
"Ayesha, Rs 1500 chahiye college fees ke liye, zoya68@axl pe bhej do please, agle hafte lauta dunga.",FRIEND_FAMILY_PAYMENT,True,False,LOW,,zoya68@axl,1500.0,True,False,
"PNB: your fixed deposit of ₹12,500 matures on 10th. Visit the branch or use net banking to renew.",BANK_REQUEST,True,False,LOW,,,12500.0,False,False,
"I can pay Rs. 4,000/- for the study table, pickup from your place. Share your UPI ID or I will pay cash on pickup.",MARKETPLACE_PAYMENT,True,False,LOW,,,4000.0,False,False,
"Send Rs. 1,500/- aaj hi to varun@ibl. Time limit 30 minutes. or services will be deactivated.",URGENCY_PAYMENT,True,True,HIGH,,varun@ibl,1500.0,True,True,urgency
"Task completed! To withdraw your earnings of 3k, pay ₹2,500 unlock fee to task.fee929@paytm.",JOB_SCAM,True,True,HIGH,,task.fee929@paytm,2500.0,False,True,upfront_fee|job
"Gurpreet bhai, INR 2000 for the train tickets, meera40@fbl pe bhej do. Thanks!",FRIEND_FAMILY_PAYMENT,True,False,LOW,,meera40@fbl,2000.0,True,False,
"Your Adani Gas broadband plan renews on 21 Sep. Amount 1340. Auto-pay is enabled, no action needed.",BILL_PAYMENT,True,False,LOW,,,,False,False,
Sharma General Store: table booked A deposit of INR 180 to sharmagenera@icici confirms the booking adjustable against the bill,MERCHANT_PAYMENT,True,False,LOW,,sharmagenera@icici,180.0,False,False,
"Hi, saw your OLX ad for the PS5. Can I come and check it tomorrow? If ok I will pay 4000 rupees on GPay after seeing it.",MARKETPLACE_PAYMENT,True,False,LOW,,,4000.0,False,False,marketplace
bhai here new number phone broke send rs 15000/- urgently to pooja@ptsbi emergency will explain later,IMPERSONATION,True,True,HIGH,,pooja@ptsbi,15000.0,True,True,urgency|impersonation
"PAN-Aadhaar link pending for your HDFC Bank account. Pay ₹4,999 processing charge to refundteam@ibl before midnight warna account block ho jayega.",KYC_SCAM,True,True,HIGH,,refundteam@ibl,4999.0,True,True,urgency|kyc_credential|impersonation|upfront_fee|qr_link
"You have received ₹100,000 cashback from Big Bazaar. Pay 99 rupees activation charge to rewards.claim@upi to receive it within 1 hour.",PRIZE_SCAM,True,True,HIGH,,rewards.claim@upi,99.0,True,True,urgency|reward
"Reminder: Adani Gas bill ₹1,890 due 5 Jun. Pay through BHIM bill payments section.",BILL_PAYMENT,True,False,LOW,,,1890.0,False,False,
"Task completed! To withdraw your earnings of 16000 rupees, pay Rs 2500 unlock fee to verifybank@okaxis.",JOB_SCAM,True,True,HIGH,,verifybank@okaxis,2500.0,False,True,upfront_fee|job
"Aditya is joining us for lunch, table for 5.",NON_PAYMENT,False,False,LOW,,,,False,False,
"crypto trading tips group: deposit rs. 5,000/- to refund.desk777@paytm and earn daily profit of ₹2,500. 100% safe.",INVESTMENT_SCAM,True,True,HIGH,,refund.desk777@paytm,5000.0,False,False,investment|job
Payment of Rs 2460 received for Jio bill Receipt no 22281419,BILL_PAYMENT,True,False,LOW,,,2460.0,False,False,
"Refund team here. Your cashback of ₹3,000 is pending. Send ₹99 processing fee to farhan.das@waaxis abhi.",REFUND_SCAM,True,True,HIGH,,farhan.das@waaxis,99.0,True,False,urgency|reward|refund|upfront_fee
Hi da split for the trek booking came to Rs 2000 each Send to vikram@ptsbi when you can,PAYMENT_REQUEST,True,False,LOW,,vikram@ptsbi,2000.0,False,False,
"Divya, ₹10,000 for Mummy's medicines. My UPI joseph@okicici or call me 6677150416",FRIEND_FAMILY_PAYMENT,True,False,LOW,+916677150416,joseph@okicici,10000.0,False,False,
Hello We detected an excess credit of Rs 5000 in your wallet. Return it last chance to karan@oksbi else your wallet will be blocked.,REFUND_SCAM,True,True,HIGH,,karan@oksbi,5000.0,True,False,urgency|refund
Need ₹3000 for the flight change today please send to nikhil@ptsbi and I'll settle when back,FRIEND_FAMILY_PAYMENT,True,False,LOW,,nikhil@ptsbi,3000.0,True,False,
"Click tinyurl.com/xrk21 to verify your UPI and get Rs. 10,000/- credited. Enter PIN to confirm. Support +919987960870",QR_SCAM,True,True,HIGH,+919987960870,,10000.0,True,True,kyc_credential|qr_link
Bank of Baroda: credit card statement generated Total due 15400 minimum due ₹1540 Pay via net banking or the Bank of Baroda app,BANK_REQUEST,True,False,LOW,,,1540.0,False,False,impersonation
"Dear valued customer, Re-KYC required. Transfer ₹1,999 to jobportal.fee@okaxis and share the reference final notice. else your card will be permanently blocked.",KYC_SCAM,True,True,HIGH,,jobportal.fee@okaxis,1999.0,True,True,urgency|kyc_credential|impersonation
lucky customer! rs 50000 bonus credited pending. transfer rs 199 to electricity.pay@ybl for release abhi. contact +91 93243 70391,PRIZE_SCAM,True,True,HIGH,+919324370391,electricity.pay@ybl,199.0,True,True,urgency|reward
Happy birthday Anjali! Have a great year ahead.,NON_PAYMENT,False,False,LOW,,,,False,False,
"Dear winner, your KBC prize of ₹500,000 is ready. Registration fee INR 99 to npci.verify@oksbi. Call 9353654195 right now.",PRIZE_SCAM,True,True,HIGH,+919353654195,npci.verify@oksbi,99.0,True,True,urgency|reward|upfront_fee|job
"Hi da reminder, ₹200 pending for Goa trip. varun.sharma@ybl or cash, whatever is easy.",PAYMENT_REQUEST,True,False,LOW,,varun.sharma@ybl,200.0,False,False,
My new number is +91 93278 39692 save it,NON_PAYMENT,False,False,LOW,+919327839692,,,False,False,impersonation
THANKS FOR YOUR ORDER AT QUICK LAUNDRY. AMOUNT DUE 350 RUPEES. PAY ON DELIVERY OR TO QUICKLAUNDRY@PAYTMQR.,MERCHANT_PAYMENT,True,False,LOW,,quicklaundry@paytmqr,350.0,False,False,marketplace
big bazaar scratch card: you won rs 50000! unlock by paying 499 rupees to verifybank@paytm today only.,PRIZE_SCAM,True,True,HIGH,,verifybank@paytm,50000.0,True,True,urgency|reward|upfront_fee
"Part time job: earn ₹3,500 per day by liking videos. Pay INR 2000 security deposit to sbi.kyc@ybl to start.",JOB_SCAM,True,True,HIGH,,sbi.kyc@ybl,2000.0,False,True,upfront_fee|job
"install this app kyc-update-4e8td.in and share the screen to receive ₹20,000 cashback instantly.",QR_SCAM,True,True,HIGH,,,20000.0,False,False,reward|qr_link
Invoice #6386 from Metro Cabs for ₹350. UPI ID metrocabs@ybl. Please share screenshot after payment.,MERCHANT_PAYMENT,True,False,LOW,,metrocabs@ybl,350.0,False,False,
"Ghar baithe kaam, roz Rs 4000 kamao. Joining ke liye Rs. 2,000/- support.desk@axl pe bhejo. Call 9344528085",JOB_SCAM,True,True,HIGH,+919344528085,support.desk@axl,4000000.0,True,True,
you have received 250000 rupees cashback from dream11. pay rs 299 activation charge to kycupdate361@ybl to receive it last chance.,PRIZE_SCAM,True,True,HIGH,,kycupdate361@ybl,299.0,True,True,urgency|reward
Payment for the Activa scooter done 18000 rupees via PhonePe to vikram@axl Please share the invoice,MARKETPLACE_PAYMENT,True,False,LOW,,vikram@axl,18000.0,False,False,
"Invoice #4741 from Royal Bakery for ₹4,500. UPI ID royalbakery5@okbizaxis. Please share screenshot after payment.",MERCHANT_PAYMENT,True,False,LOW,,royalbakery5@okbizaxis,4500.0,False,False,
"Hi, saw your OLX ad for the cycle. Can I come and check it tomorrow? If ok I will pay ₹4,000 on PhonePe after seeing it.",MARKETPLACE_PAYMENT,True,False,LOW,,,4000.0,False,False,marketplace
"i am army officer posted in cantonment, cannot meet. pay rs. 1,000/- advance to kycupdate@ibl and my courier will deliver the iphone 13.",MARKETPLACE_PAYMENT,True,True,HIGH,,kycupdate@ibl,1000.0,True,True,impersonation|upfront_fee|marketplace
Main the director bol raha hoon Meeting me hoon ₹2000 today only officialsupport@axl pe bhej do vendor wait kar raha hai,IMPERSONATION,True,True,HIGH,,officialsupport@axl,2000.0,True,True,urgency
"Dear customer, galti se ₹10,000 aapke account me chala gaya. Please immediately wapas bhej do vikram@ybl pe.",REFUND_SCAM,True,True,HIGH,,vikram@ybl,10000.0,True,False,urgency|refund|impersonation
Your IDFC First debit card will be blocked aaj hi. To keep it active pay ₹999 KYC charge to reward.claim@paytm. Helpline 73592-02730,KYC_SCAM,True,True,HIGH,+917359202730,reward.claim@paytm,999000.0,True,True,urgency|kyc_credential|impersonation
send rs 2000 turant to ayeshapri@ptsbi. time limit 30 minutes. or legal action will be taken.,URGENCY_PAYMENT,True,True,HIGH,,ayeshapri@ptsbi,2000.0,True,False,urgency
Your resume is shortlisted at TCS. Document verification fee 499 rupees payable to task.fee@upi within 24 hours.,JOB_SCAM,True,True,HIGH,,task.fee@upi,499.0,True,True,urgency|kyc_credential|upfront_fee
Lakeview Hospital: table booked A deposit of ₹1200 to lakeviewhosp@upi confirms the booking adjustable against the bill,MERCHANT_PAYMENT,True,False,LOW,,lakeviewhosp@upi,1200.0,False,False,
"Bro ₹500 for the gift for Priya please, GPay on tanvi.singh@paytm. Thanks!",PAYMENT_REQUEST,True,False,LOW,,tanvi.singh@paytm,500.0,False,False,reward
Landlord said the plumber will come at 14:00 tomorrow.,NON_PAYMENT,False,False,LOW,,,,False,False,
"congratulations! you have won ₹10,000 in the ipl lucky draw. pay 1999 processing fee to verifybank971@oksbi jaldi to claim.",PRIZE_SCAM,True,True,HIGH,,verifybank971@oksbi,10000.0,True,True,urgency|reward|upfront_fee
"Ghar baithe kaam, roz ₹1,750 kamao. Joining ke liye ₹2,000 verifybank@ibl pe bhejo. Call 07817947795",JOB_SCAM,True,True,HIGH,+917817947795,verifybank@ibl,1750000.0,False,True,
"Mom, ₹5,000 chahiye college fees ke liye, farhan@axl pe bhej do please, agle hafte lauta dunga.",FRIEND_FAMILY_PAYMENT,True,False,LOW,,farhan@axl,5000.0,False,False,
Happy birthday Suresh! Have a great year ahead.,NON_PAYMENT,False,False,LOW,,,,False,False,
Deal final at Rs 4000 for the iPhone 13. I will pay when I pick it up on Sunday. My UPI is harshvik@fbl if you need to refund anything.,MARKETPLACE_PAYMENT,True,False,LOW,,harshvik@fbl,4000.0,False,False,refund
"Customer care BHIM: your account shows suspicious activity. Transfer ₹20,000 to verification account joseph@upi abhi.",IMPERSONATION,True,True,HIGH,,joseph@upi,20000.0,True,True,urgency|kyc_credential|impersonation
Fresh Basket: your bill is 4500 rupees. Pay via UPI freshbasket2@okbizaxis or at the counter. Thank you for visiting.,MERCHANT_PAYMENT,True,False,LOW,,freshbasket2@okbizaxis,4500.0,False,False,
"Main the CEO bol raha hoon. Meeting me hoon, INR 25000 aaj hi nehakar@okaxis pe bhej do, vendor wait kar raha hai.",IMPERSONATION,True,True,HIGH,,nehakar@okaxis,25000.0,True,True,urgency|impersonation
Sending 500 to zoyadiv@ptsbi for the wedding gift from all of us,FRIEND_FAMILY_PAYMENT,True,False,LOW,,zoyadiv@ptsbi,,False,False,reward
"dear user, your bank of baroda kyc expires today. pay ₹1,999 verification fee final notice to verify.now@paytm nahi toh account band ho jayega.",KYC_SCAM,True,True,HIGH,,verify.now@paytm,1999.0,True,True,urgency|kyc_credential|impersonation|upfront_fee
"Data entry job offer, no experience needed. Registration ₹1,500 only, pay on quickloan963@paytm. Salary Rs. 15,000/-.",JOB_SCAM,True,True,HIGH,,quickloan963@paytm,15000.0,True,True,job
"Hello Riya here, ₹500 for cricket ground booking bhej do bhai. riya58@fbl",PAYMENT_REQUEST,True,False,LOW,,riya58@fbl,500.0,False,False,
"Hello, I'm calling from PNB security. Your account is compromised. Move ₹10,000 to safe account bank.verify@ibl aaj hi.",IMPERSONATION,True,True,HIGH,,bank.verify@ibl,10000.0,True,True,urgency|impersonation
Payment of Rs 3000 is required before midnight. Use UPI lottery.claim@ibl. Do not ignore this message.,URGENCY_PAYMENT,True,True,HIGH,,lottery.claim@ibl,3000.0,True,True,urgency
Send me the notes for chapter 18 when you get a chance.,NON_PAYMENT,False,False,LOW,,,,False,False,
Landlord said the plumber will come at 15:00 tomorrow.,NON_PAYMENT,False,False,LOW,,,,False,False,
Yaar your share for cricket ground booking is INR 250. Pay to vikram24@okaxis whenever free.,PAYMENT_REQUEST,True,False,LOW,,vikram24@okaxis,250.0,False,False,
"sirf ₹10,000 invest karo aur rs. 20,000/- pao guaranteed. verify.now@upi pe payment karo abhi.",INVESTMENT_SCAM,True,True,HIGH,,verify.now@upi,10000.0,False,True,urgency|investment
Vi: your bill of 2460 for consumer no. 279723 is due on 16 Mar. Pay via the Vi app or BBPS.,BILL_PAYMENT,True,False,LOW,,,,False,False,
"Yaar order SWG766018 refund failed. Pay ₹199 reversal charge to ananya@okaxis before midnight and full refund of ₹2,500 will be credited.",REFUND_SCAM,True,True,HIGH,,ananya@okaxis,199.0,True,False,urgency|refund
your icici bank reward of rs 20000 is waiting scan the attached qr to collect valid today only,QR_SCAM,True,True,HIGH,,,20000.0,True,True,urgency|reward|impersonation|qr_link
Sending 3000 rupees to kavya@paytm for the wedding gift from all of us.,FRIEND_FAMILY_PAYMENT,True,False,LOW,,kavya@paytm,3000.0,True,False,reward
"Dear account holder, order SWG491429 refund failed. Pay 149 reversal charge to kyc.support682@paytm turant and full refund of ₹7,500 will be credited.",REFUND_SCAM,True,True,HIGH,,kyc.support682@paytm,7500.0,True,False,urgency|refund
send rs 300 for the electricity share to rohannik@paytm,PAYMENT_REQUEST,True,False,LOW,,rohannik@paytm,300.0,False,False,
"Didi, 5k chahiye college fees ke liye, harshlak@ybl pe bhej do please, agle hafte lauta dunga.",FRIEND_FAMILY_PAYMENT,True,False,LOW,,harshlak@ybl,5000.0,False,False,
Delhi Jal Board: your bill of Rs 3120 for consumer no. 913071 is due on 1 Nov. Pay via the Delhi Jal Board app or BBPS.,BILL_PAYMENT,True,False,LOW,,,3120.0,False,False,
"Payment for the fridge done, Rs. 2,500/- via GPay to kavya@ptaxis. Please share the invoice.",MARKETPLACE_PAYMENT,True,False,LOW,,kavya@ptaxis,2500.0,False,False,
"Papa needs ₹10,000 for the hospital deposit today so admission can be completed. Send to rahul@paytm, I'll transfer back on Monday.",FRIEND_FAMILY_PAYMENT,True,False,LOW,,rahul@paytm,10000.0,True,False,
Lucky Draw scratch card: you won 5000 rupees! Unlock by paying Rs. 499/- to rewards.claim@okaxis abhi.,PRIZE_SCAM,True,True,HIGH,,rewards.claim@okaxis,5000.0,True,True,urgency|reward|upfront_fee
Part time job: earn Rs 1500 per day by liking videos. Pay ₹299 security deposit to bill.desk110@paytm to start.,JOB_SCAM,True,True,HIGH,,bill.desk110@paytm,299.0,False,True,upfront_fee|job
"To receive your refund of ₹15,000, scan the QR code and enter your UPI PIN. Link: sbi-verify-4on1otv.xyz",QR_SCAM,True,True,HIGH,,,15000.0,True,False,kyc_credential|refund|qr_link
"Collect request sent for ₹20,000. Approve it with your UPI PIN to receive the amount.",QR_SCAM,True,True,HIGH,,,20000.0,True,True,kyc_credential
"Yes Bank alert: ₹12,000 debited from a/c XX1672 for UPI txn. If not you, call the number on the back of your card.",BANK_REQUEST,True,False,LOW,,,12000.0,False,False,impersonation
"Deal final at ₹2,500 for the fridge. I will pay when I pick it up on Sunday. My UPI is priya.khan@ibl if you need to refund anything.",MARKETPLACE_PAYMENT,True,False,LOW,,priya.khan@ibl,2500.0,False,False,refund
Hello split for the Netflix split came to ₹200 each Send to divya@waaxis when you can,PAYMENT_REQUEST,True,False,LOW,,divya@waaxis,200.0,False,False,
"sofa set available. Pay Rs 500 delivery charge to aditya.khan@ptsbi now and the courier will bring it to your home, pay balance on delivery.",MARKETPLACE_PAYMENT,True,True,HIGH,,aditya.khan@ptsbi,500.0,True,True,upfront_fee|marketplace
"Attention: Aapka Axis Bank KYC expire ho gaya hai. ₹2,999 before midnight to kyc.support@ibl bhejo else your card will be permanently blocked.",KYC_SCAM,True,True,HIGH,,kyc.support@ibl,2999.0,True,True,urgency|kyc_credential|impersonation
cafe nirvana se order ready hai. inr 250 cafenirvana@okbizaxis pe pay kar dena ya cash de dena.,MERCHANT_PAYMENT,True,False,LOW,,cafenirvana@okbizaxis,250.0,False,False,
Congratulations! You have won 100000 rupees in the Amazon lucky draw. Pay 999 rupees processing fee to prize.center361@axl before midnight to claim.,PRIZE_SCAM,True,True,HIGH,,prize.center361@axl,999.0,True,True,urgency|reward|upfront_fee
"Send ₹1,500 today only to customer.care@oksbi. Time limit 30 minutes. else your card will be permanently blocked.",URGENCY_PAYMENT,True,True,HIGH,,customer.care@oksbi,1500.0,True,False,urgency
"Bro split for the concert tickets came to ₹2,000 each. Send to neha70@fbl when you can.",PAYMENT_REQUEST,True,False,LOW,,neha70@fbl,2000.0,False,False,
"book corner se order ready hai. ₹4,500 bookcorner7@hdfcbank pe pay kar dena ya cash de dena.",MERCHANT_PAYMENT,True,False,LOW,,bookcorner7@hdfcbank,4500.0,False,False,
"You have received ₹500,000 cashback from Dream11. Pay ₹299 activation charge to prize.center@ibl to receive it final notice.",PRIZE_SCAM,True,True,HIGH,,prize.center@ibl,299.0,True,True,urgency|reward
"join our ipo allotment scheme. pay rs. 1,000/- to tradepro606@axl and get confirmed allotment with 3x listing gain.",INVESTMENT_SCAM,True,True,HIGH,,tradepro606@axl,1000.0,False,False,
Did you finish the assignment? Question 37 was tough.,NON_PAYMENT,False,False,LOW,,,,False,False,
Recharge reminder: your Jio plan expires on 14 Aug. Recharge Rs 1340 from the app to continue.,BILL_PAYMENT,True,False,LOW,,,1340.0,False,False,kyc_credential
"Match starts at 7:30, bring 59 people if you want, plenty of space.",NON_PAYMENT,False,False,LOW,,,,False,False,
Gift voucher worth 5000 rupees approved for you. Pay delivery charge ₹499 on lottery.claim@paytm today only.,PRIZE_SCAM,True,True,HIGH,,lottery.claim@paytm,499.0,True,True,urgency|reward|upfront_fee|marketplace
Badhai ho! Aapne KBC lottery me Rs 5000 jeeta hai Claim karne ke liye 1499 rupees hrdesk@ybl pe jaldi bhejo,PRIZE_SCAM,True,True,HIGH,,hrdesk@ybl,5000.0,True,True,urgency|reward
Scored a hat-trick yesterday 7 runs too!,NON_PAYMENT,False,False,LOW,,,,False,False,
Can you send 2000 to rahul28@waaxis? Rent is due tomorrow and my salary is delayed. Will return by 5th.,FRIEND_FAMILY_PAYMENT,True,False,LOW,,rahul28@waaxis,,True,False,job
"Buyer here from OLX. Sending a payment request of ₹1,000 on GPay, please accept and enter PIN to receive.",QR_SCAM,True,True,HIGH,,,1000.0,True,False,kyc_credential|marketplace
"Got 9 marks in the internal, decent I guess.",NON_PAYMENT,False,False,LOW,,,,False,False,
"Arre ₹1,200 for the birthday cake please, GPay on tanvisur@paytm. Thanks!",PAYMENT_REQUEST,True,False,LOW,,tanvisur@paytm,1200.0,False,False,
"Hello Rajesh here, ₹300 for yesterday's dinner bhej do bhai. rajesh28@ibl",PAYMENT_REQUEST,True,False,LOW,,rajesh28@ibl,300.0,False,False,
"Data entry job offer, no experience needed. Registration ₹199 only, pay on task.fee@upi. Salary ₹50,000.",JOB_SCAM,True,True,HIGH,,task.fee@upi,50000.0,False,True,job
"Cafe Nirvana se order ready hai. ₹4,500 cafenirvana5@sbi pe pay kar dena ya cash de dena.",MERCHANT_PAYMENT,True,False,LOW,,cafenirvana5@sbi,4500.0,False,False,
"Activa scooter available. Pay ₹500 delivery charge to kycupdate@axl now and the courier will bring it to your home, pay balance on delivery.",MARKETPLACE_PAYMENT,True,True,HIGH,,kycupdate@axl,500.0,True,False,upfront_fee|marketplace
Lakeview Hospital se order ready hai. ₹250 lakeviewhosp7@ybl pe pay kar dena ya cash de dena.,MERCHANT_PAYMENT,True,False,LOW,,lakeviewhosp7@ybl,,False,False,
"Hi da 300 rupees for the gift for Priya please, GPay on kavya80@waaxis. Thanks!",PAYMENT_REQUEST,True,False,LOW,,kavya80@waaxis,300.0,False,False,reward
"PAN-Aadhaar link pending for your HDFC Bank account. Pay ₹4,999 processing charge to securebank970@paytm immediately or legal action will be taken.",KYC_SCAM,True,True,HIGH,,securebank970@paytm,4999.0,True,True,urgency|kyc_credential|impersonation|upfront_fee|qr_link
"order MYN593695 refund failed. Pay Rs 99 reversal charge to tanvi@upi before midnight and full refund of ₹5,000 will be credited.",REFUND_SCAM,True,True,HIGH,,tanvi@upi,99.0,True,True,urgency|refund
Dear account holder This is Bhavya from Paytm support A wrong transfer of ₹10000 was made to you Refund to sanjayiyer@ptaxis within 24 hours to avoid account freeze,REFUND_SCAM,True,True,HIGH,,sanjayiyer@ptaxis,10000.0,True,True,urgency|refund
"Can you send ₹5,000 to anjali.iyer@oksbi? Rent is due tomorrow and my salary is delayed. Will return by 5th.",FRIEND_FAMILY_PAYMENT,True,False,LOW,,anjali.iyer@oksbi,5000.0,True,False,job
your electricity connection will be cut aaj hi pay pending bill rs 25000/- to hrdesk751@oksbi now officer 7573610508,IMPERSONATION,True,True,HIGH,+917573610508,hrdesk751@oksbi,25000.0,True,True,urgency|impersonation
"Gift voucher worth INR 100000 approved for you. Pay delivery charge ₹1,499 on refundteam@oksbi right now.",PRIZE_SCAM,True,True,HIGH,,refundteam@oksbi,1499.0,True,True,urgency|reward|upfront_fee|marketplace
"Hey This is Amit from Paytm support. A wrong transfer of ₹10,000 was made to you. Refund to nikhilsne@ibl today only to avoid account freeze.",REFUND_SCAM,True,True,HIGH,,nikhilsne@ibl,10000.0,True,False,urgency|refund
Pending due of INR 3000 must be cleared abhi. Send to rahulana@ptaxis. No further extension.,URGENCY_PAYMENT,True,True,HIGH,,rahulana@ptaxis,3000.0,True,False,urgency
"Naveen, Rs. 3,000/- chahiye college fees ke liye, ritu9@waaxis pe bhej do please, agle hafte lauta dunga.",FRIEND_FAMILY_PAYMENT,True,False,LOW,,ritu9@waaxis,3000.0,False,False,
Quick Laundry se order ready hai. 180 quicklaundry5@okbizaxis pe pay kar dena ya cash de dena.,MERCHANT_PAYMENT,True,False,LOW,,quicklaundry5@okbizaxis,,False,False,
"Oye ₹150 de dena Goa trip ke liye, karan@fbl",PAYMENT_REQUEST,True,False,LOW,,karan@fbl,150.0,False,False,
"Payment for the study table done, ₹1,500 via PhonePe to sneha45@ptaxis. Please share the invoice.",MARKETPLACE_PAYMENT,True,False,LOW,,sneha45@ptaxis,1500.0,False,False,
"Dear winner, your Dream11 prize of Rs. 25,000/- is ready. Registration fee ₹499 to electricity.pay@axl. Call +917803106213 jaldi.",PRIZE_SCAM,True,True,HIGH,+917803106213,electricity.pay@axl,499.0,True,True,urgency|reward|upfront_fee|job
YOUR RESUME IS SHORTLISTED AT WIPRO. DOCUMENT VERIFICATION FEE ₹299 PAYABLE TO PRIZE.CENTER@OKSBI WITHIN 24 HOURS.,JOB_SCAM,True,True,HIGH,,prize.center@oksbi,299.0,True,True,urgency|kyc_credential|upfront_fee
"Hi da send ₹1,500 for the auto. UPI: manishnav@ybl",PAYMENT_REQUEST,True,False,LOW,,manishnav@ybl,1500.0,False,False,
"DUDE SIMRAN HERE, 200 RUPEES FOR THE NETFLIX SPLIT BHEJ DO BHAI. SIMRAN@OKICICI",PAYMENT_REQUEST,True,False,LOW,,simran@okicici,200.0,False,False,
"Crypto trading tips group: deposit ₹25,000 to verify.now665@ybl and earn daily profit of 12500 rupees. 100% safe.",INVESTMENT_SCAM,True,True,HIGH,,verify.now665@ybl,25000.0,True,True,investment|job
"Dear winner, your IPL prize of ₹25,000 is ready. Registration fee 499 to invest.pro@ybl. Call +91 64377 80559 within 24 hours.",PRIZE_SCAM,True,True,HIGH,+916437780559,invest.pro@ybl,25000.0,True,True,urgency|reward|upfront_fee|job
"Refund team here. Your cashback of ₹4,000 is pending. Send ₹199 processing fee to official.support@ibl within 24 hours.",REFUND_SCAM,True,True,HIGH,,official.support@ibl,199.0,True,False,urgency|reward|refund|upfront_fee
Arre split for the electricity share came to ₹600 each Send to vikram@apl when you can,PAYMENT_REQUEST,True,False,LOW,,vikram@apl,600.0,False,False,
"Beta, send 5k to harsh.das@ptsbi for the school fees, Manish will pay you back next week.",FRIEND_FAMILY_PAYMENT,True,False,LOW,,harsh.das@ptsbi,5000.0,True,False,
"Invest ₹500 today and get ₹1,000 in 7 days, guaranteed returns. Pay to verify.now@ibl. Limited slots.",INVESTMENT_SCAM,True,True,HIGH,,verify.now@ibl,500.0,False,False,investment
"Bro can you transfer ₹1,500 for the concert tickets? sanjaynis@axl works. No rush.",PAYMENT_REQUEST,True,False,LOW,,sanjaynis@axl,1500.0,False,False,
"Your resume is shortlisted at Swiggy. Document verification fee ₹1,500 payable to bank.verify@oksbi within 24 hours.",JOB_SCAM,True,True,HIGH,,bank.verify@oksbi,1500.0,False,True,urgency|kyc_credential|upfront_fee
"Yes Bank: your fixed deposit of ₹25,000 matures on 1th. Visit the branch or use net banking to renew.",BANK_REQUEST,True,False,LOW,,,25000.0,False,False,impersonation
"Hi Ananya, transferring 500 for the groceries you got. Sending to ananya@paytm.",FRIEND_FAMILY_PAYMENT,True,False,LOW,,ananya@paytm,,False,False,
fresh basket: admission deposit of rs 4800 for patient rahul m is due today so the admission can be completed. pay at the billing counter or to upi freshbasket7@sbi. receipt will be issued.,MERCHANT_PAYMENT,True,False,LOW,,freshbasket7@sbi,4800.0,False,False,
"final notice from bank of baroda: pay kyc verification fee ₹1,499 to official.support@axl jaldi otherwise your account will be suspended.",KYC_SCAM,True,True,HIGH,,official.support@axl,1499.0,True,True,urgency|kyc_credential|impersonation|upfront_fee
"Hi reminder, ₹400 pending for the Uber. gurpreet@axl or cash, whatever is easy.",PAYMENT_REQUEST,True,False,LOW,,gurpreet@axl,400.0,False,False,
"To receive your refund of ₹20,000, scan the QR code and enter your UPI PIN. Link: kyc-update-0iv9.in",QR_SCAM,True,True,HIGH,,,20000.0,True,True,kyc_credential|refund|qr_link
Flight lands at 2:05 gate 5,NON_PAYMENT,False,False,LOW,,,,False,False,
"SBI: cheque no. 999883 for ₹1,250 has been cleared.",BANK_REQUEST,True,False,LOW,,,1250.0,False,False,impersonation
"part time job: earn ₹2,500 per day by liking videos. pay ₹199 security deposit to invest.pro@okaxis to start.",JOB_SCAM,True,True,HIGH,,invest.pro@okaxis,199.0,False,True,upfront_fee|job
"Star Mobile Repair: table booked. A deposit of ₹650 to starmobilere@upi confirms the booking, adjustable against the bill.",MERCHANT_PAYMENT,True,False,LOW,,starmobilere@upi,650.0,False,False,
"Beta 500 bhej dena papa ke dawai ke liye naveen92@ybl, kal wapas kar dungi.",FRIEND_FAMILY_PAYMENT,True,False,LOW,,naveen92@ybl,,False,False,
"Thanks for the washing machine! Sent ₹18,000 to divyashr@ptsbi just now, please check and confirm.",MARKETPLACE_PAYMENT,True,False,LOW,,divyashr@ptsbi,18000.0,False,False,
Yaar send ₹250 for the cab. UPI: gurpreet53@upi,PAYMENT_REQUEST,True,False,LOW,,gurpreet53@upi,250.0,False,False,
can you pick up 55 kg of rice on the way back?,NON_PAYMENT,False,False,LOW,,,,False,False,
"Scored a hat-trick yesterday, 45 runs too!",NON_PAYMENT,False,False,LOW,,,,False,False,
congratulations! you have won 25k in the amazon pay lucky draw. pay ₹99 processing fee to official.support@axl urgently to claim.,PRIZE_SCAM,True,True,HIGH,,official.support@axl,99.0,True,True,urgency|reward|upfront_fee
Lakeview Hospital se order ready hai. ₹120 lakeviewhosp7@hdfcbank pe pay kar dena ya cash de dena.,MERCHANT_PAYMENT,True,False,LOW,,lakeviewhosp7@hdfcbank,,False,False,
"Dear user, Update your Aadhaar with HDFC Bank by paying 499 rupees to kycupdate@axl. Link expires last chance. call +916573773398",KYC_SCAM,True,True,HIGH,+916573773398,kycupdate@axl,499.0,True,True,urgency|kyc_credential|impersonation|qr_link
Ghar baithe kaam roz Rs 1250/- kamao Joining ke liye ₹299 tradepro@ybl pe bhejo Call 7042333883,JOB_SCAM,True,True,HIGH,+917042333883,tradepro@ybl,1250.0,True,True,
"Your Airtel broadband plan renews on 28 Jun. Amount INR 1890. Auto-pay is enabled, no action needed.",BILL_PAYMENT,True,False,LOW,,,1890.0,False,False,
"This is customs officer. A parcel in your name contains illegal items. Pay ₹8,000 penalty within 24 hours to harshsim@ibl to avoid arrest.",IMPERSONATION,True,True,HIGH,,harshsim@ibl,8000.0,True,True,urgency|impersonation|marketplace
"Hey Tanvi here, ₹1,500 for yesterday's dinner bhej do bhai. tanvi@ibl",PAYMENT_REQUEST,True,False,LOW,,tanvi@ibl,1500.0,False,False,
ICICI Bank: your fixed deposit of Rs 89000 matures on 27th. Visit the branch or use net banking to renew.,BANK_REQUEST,True,False,LOW,,,89000.0,False,False,impersonation
Customer care PhonePe: your account shows suspicious activity. Transfer Rs 3000 to verification account manishvar@waaxis asap.,IMPERSONATION,True,True,HIGH,,manishvar@waaxis,3000.0,True,True,urgency|kyc_credential|impersonation
Arre send 1200 for last night's drinks to ananya@apl,PAYMENT_REQUEST,True,False,LOW,,ananya@apl,,False,False,
"RS. 5,000/- TURANT KAVYA.PATEL@OKHDFCBANK PE BHEJO ELSE YOUR CARD WILL BE PERMANENTLY BLOCKED, WARNA PROBLEM HO JAYEGI.",URGENCY_PAYMENT,True,True,HIGH,,kavya.patel@okhdfcbank,5000.0,True,True,urgency
Notice: galti se 2000 aapke account me chala gaya. Please immediately wapas bhej do jobportal.fee@ibl pe.,REFUND_SCAM,True,True,HIGH,,jobportal.fee@ibl,,True,False,urgency|refund
"Congratulations! You have won ₹250,000 in the Big Bazaar lucky draw. Pay 1499 processing fee to official.support@ibl within 2 hours to claim.",PRIZE_SCAM,True,True,HIGH,,official.support@ibl,250000.0,True,True,urgency|reward|upfront_fee
"part time job: earn ₹3,500 per day by liking videos. pay rs 999 security deposit to support.desk@ibl to start.",JOB_SCAM,True,True,HIGH,,support.desk@ibl,999.0,True,True,upfront_fee|job
"IPL SCRATCH CARD: YOU WON RS. 50,000/-! UNLOCK BY PAYING RS 99 TO VERIFYBANK@UPI BEFORE MIDNIGHT.",PRIZE_SCAM,True,True,HIGH,,verifybank@upi,50000.0,True,True,urgency|reward|upfront_fee
"Your Airtel broadband plan renews on 17 Jul. Amount Rs. 3,120/-. Auto-pay is enabled, no action needed.",BILL_PAYMENT,True,False,LOW,,,3120.0,False,False,
"camera available. Pay ₹500 delivery charge to urgentkyc715@upi now and the courier will bring it to your home, pay balance on delivery.",MARKETPLACE_PAYMENT,True,True,HIGH,,urgentkyc715@upi,500.0,True,True,upfront_fee|marketplace
"I am interested in your listing. I will pay Rs 10000, just scan this QR code I am sending to receive the money.",QR_SCAM,True,True,HIGH,,,10000.0,True,False,qr_link
DAD ₹10000 FOR MUMMY'S MEDICINES MY UPI DEEPAK63@OKAXIS OR CALL ME +919619076444,FRIEND_FAMILY_PAYMENT,True,False,LOW,+919619076444,deepak63@okaxis,10000.0,False,False,
"VI: YOUR BILL OF ₹1,050 FOR CONSUMER NO. 516895 IS DUE ON 19 JAN. PAY VIA THE VI APP OR BBPS.",BILL_PAYMENT,True,False,LOW,,,1050.0,False,False,
double your money scheme! send rs 25000 to kycupdate@upi and receive rs 50000/- by monday whatsapp 6090053709,INVESTMENT_SCAM,True,True,HIGH,+916090053709,kycupdate@upi,25000.0,True,True,investment
"Thanks for the fridge! Sent INR 12000 to anjalikir@ptaxis just now, please check and confirm.",MARKETPLACE_PAYMENT,True,False,LOW,,anjalikir@ptaxis,12000.0,False,False,
payment of ₹2000 is required asap use upi npciverify@oksbi do not ignore this message,URGENCY_PAYMENT,True,True,HIGH,,npciverify@oksbi,2000.0,True,False,urgency
Join our IPO allotment scheme. Pay 25k to npci.verify85@oksbi and get confirmed allotment with 3x listing gain.,INVESTMENT_SCAM,True,True,HIGH,,npci.verify85@oksbi,25000.0,False,False,
"Beta, send 1500 to priya@ptaxis for the school fees, Didi will pay you back next week.",FRIEND_FAMILY_PAYMENT,True,False,LOW,,priya@ptaxis,,False,False,
I accidentally sent Rs 10000 to your number by mistake. Please return it abhi to meera@oksbi.,REFUND_SCAM,True,True,HIGH,,meera@oksbi,10000.0,True,False,urgency|refund
"Part time job: earn ₹8,000 per day by liking videos. Pay ₹499 security deposit to tradepro917@ybl to start.",JOB_SCAM,True,True,HIGH,,tradepro917@ybl,499.0,True,True,upfront_fee|job
Refund team here. Your cashback of Rs 2500 is pending. Send 199 processing fee to nisha.khan@okicici within 2 hours.,REFUND_SCAM,True,True,HIGH,,nisha.khan@okicici,2500.0,True,False,urgency|reward|refund|upfront_fee
"deal final at rs. 18,000/- for the activa scooter. i will pay when i pick it up on sunday. my upi is rohan@axl if you need to refund anything.",MARKETPLACE_PAYMENT,True,False,LOW,,rohan@axl,18000.0,False,False,refund
Seller here. iPhone 13 is booked for you. Send 3000 rupees token amount to tanvi@ptaxis today otherwise another buyer will take it.,MARKETPLACE_PAYMENT,True,True,HIGH,,tanvi@ptaxis,3000.0,True,False,upfront_fee|marketplace
"MSEDCL ka bill ₹399 aaya hai, 11 Mar tak bhar dena app se.",BILL_PAYMENT,True,False,LOW,,,399.0,False,False,
"Buyer here from OLX. Sending a payment request of ₹5,000 on Paytm, please accept and enter PIN to receive.",QR_SCAM,True,True,HIGH,,,5000.0,False,True,kyc_credential|marketplace
Recharge reminder: your Mahanagar Gas plan expires on 24 Apr. Recharge 499 from the app to continue.,BILL_PAYMENT,True,False,LOW,,,,False,False,kyc_credential
payment of inr 3120 received for tata power bill. receipt no. 26210331.,BILL_PAYMENT,True,False,LOW,,,3120.0,False,False,
Beta this is your chacha's friend Chacha is in hospital send Rs 8000/- asap to kycsupport@ibl for the admission,IMPERSONATION,True,True,HIGH,,kycsupport@ibl,8000.0,True,True,urgency
send ₹3000 within 2 hours to sanjaykhan@axl time limit 30 minutes or your number will be disconnected,URGENCY_PAYMENT,True,True,HIGH,,sanjaykhan@axl,3000.0,True,True,urgency
"Pending due of Rs. 2,000/- must be cleared immediately. Send to hdfc.verify130@ibl. No further extension.",URGENCY_PAYMENT,True,True,HIGH,,hdfc.verify130@ibl,2000.0,True,False,urgency
"Hey it's Suresh, using a friend's phone. Stuck at the airport, need Rs 15000 immediately on refundteam@upi. Please yaar.",IMPERSONATION,True,True,HIGH,,refundteam@upi,15000.0,True,True,urgency|impersonation
"Papa needs 1k for the hospital deposit today so admission can be completed. Send to amitlak@okaxis, I'll transfer back on Monday.",FRIEND_FAMILY_PAYMENT,True,False,LOW,,amitlak@okaxis,1000.0,True,False,
"Scored a hat-trick yesterday, 31 runs too!",NON_PAYMENT,False,False,LOW,,,,False,False,
"Gift voucher worth Rs. 10,000/- approved for you. Pay delivery charge ₹499 on courier.pay@upi today only.",PRIZE_SCAM,True,True,HIGH,,courier.pay@upi,499.0,True,True,urgency|reward|upfront_fee|marketplace
Sirf 500 invest karo aur INR 1500 pao guaranteed. refundteam@ibl pe payment karo abhi.,INVESTMENT_SCAM,True,True,HIGH,,refundteam@ibl,1500.0,True,False,urgency|investment
BRO THIS IS SNEHA FROM PHONEPE SUPPORT. A WRONG TRANSFER OF INR 2500 WAS MADE TO YOU. REFUND TO SHREYANEH@PTAXIS TURANT TO AVOID ACCOUNT FREEZE.,REFUND_SCAM,True,True,HIGH,,shreyaneh@ptaxis,2500.0,True,False,urgency|refund
Yaar galti se ₹1500 aapke account me chala gaya Please final notice wapas bhej do ayesha@ybl pe,REFUND_SCAM,True,True,HIGH,,ayesha@ybl,1500.0,True,False,urgency|refund
"Buyer here from OLX. Sending a payment request of ₹5,000 on PhonePe, please accept and enter PIN to receive.",QR_SCAM,True,True,HIGH,,,5000.0,False,True,kyc_credential|marketplace
your idfc first debit card will be blocked abhi. to keep it active pay ₹499 kyc charge to electricity.pay362@paytm. helpline 9184442182,KYC_SCAM,True,True,HIGH,+919184442182,electricity.pay362@paytm,499000.0,True,True,urgency|kyc_credential|impersonation
"HR team Infosys: your interview is cleared. Send ₹1,500 for laptop courier to support.desk@axl. Refundable with first salary.",JOB_SCAM,True,True,HIGH,,support.desk@axl,1500.0,False,True,impersonation|job|marketplace
customer care amazon pay: your account shows suspicious activity. transfer 25000 rupees to verification account vikram@waaxis within 1 hour.,IMPERSONATION,True,True,HIGH,,vikram@waaxis,25000.0,True,True,urgency|kyc_credential|impersonation
"Your Bank of Baroda debit card will be blocked today only. To keep it active pay Rs. 4,999/- KYC charge to bank.verify839@paytm. Helpline 07251649987",KYC_SCAM,True,True,HIGH,+917251649987,bank.verify839@paytm,4999.0,True,True,urgency|kyc_credential|impersonation
"Dear customer, Re-KYC required. Transfer ₹4,999 to task.fee@ybl and share the reference within 1 hour. nahi toh account band ho jayega.",KYC_SCAM,True,True,HIGH,,task.fee@ybl,4999.0,True,True,urgency|kyc_credential|impersonation
"Refund team here. Your cashback of ₹7,500 is pending. Send 199 rupees processing fee to sbi.kyc477@ibl before midnight.",REFUND_SCAM,True,True,HIGH,,sbi.kyc477@ibl,199.0,True,True,urgency|reward|refund|upfront_fee
"Star Mobile Repair se order ready hai. ₹1,200 starmobilere@upi pe pay kar dena ya cash de dena.",MERCHANT_PAYMENT,True,False,LOW,,starmobilere@upi,1200.0,False,False,
"Dear valued customer, PAN-Aadhaar link pending for your HDFC Bank account. Pay Rs. 4,999/- processing charge to sbi.kyc938@upi today only nahi toh account band ho jayega.",KYC_SCAM,True,True,HIGH,,sbi.kyc938@upi,4999.0,True,True,urgency|kyc_credential|impersonation|upfront_fee|qr_link
"BESCOM ka bill ₹2,460 aaya hai, 2 Oct tak bhar dena app se.",BILL_PAYMENT,True,False,LOW,,,2460.0,False,False,
"Weather is crazy today, 48 degrees and raining.",NON_PAYMENT,False,False,LOW,,,,False,False,
your electricity connection will be cut before midnight. pay pending bill 2000 rupees to rewards.claim@okaxis now. officer 06391114075,IMPERSONATION,True,True,HIGH,+916391114075,rewards.claim@okaxis,2000.0,True,True,urgency|impersonation
"Your electricity connection will be cut abhi. Pay pending bill ₹5,000 to tanviami@okhdfcbank now. Officer 09950432605",IMPERSONATION,True,True,HIGH,+919950432605,tanviami@okhdfcbank,5000.0,True,True,urgency|impersonation
"laptop ke liye inr 18000 theek hai. kal aake dekh ke pay kar dunga, cash ya upi dono chalega.",MARKETPLACE_PAYMENT,True,False,LOW,,,18000.0,False,False,
"Axis Bank ALERT: KYC not updated. Send Rs. 5,999/- to cashback.claim@ibl right now to re-activate your account. call 9404207675",KYC_SCAM,True,True,HIGH,+919404207675,cashback.claim@ibl,5999.0,True,True,urgency|kyc_credential|impersonation
"Your Adani Gas broadband plan renews on 19 Apr. Amount Rs 299. Auto-pay is enabled, no action needed.",BILL_PAYMENT,True,False,LOW,,,299.0,False,False,
"Lucky customer! Rs. 5,000/- bonus credited pending. Transfer Rs 1999 to urgentkyc708@paytm for release abhi. Contact +91 97501 64936",PRIZE_SCAM,True,True,HIGH,+919750164936,urgentkyc708@paytm,1999.0,True,True,urgency|reward
Hi da cricket ground booking ka ₹100 bhej dena harsh@axl,PAYMENT_REQUEST,True,False,LOW,,harsh@axl,100.0,False,False,
Payment of Rs. 299/- received for Mahanagar Gas bill. Receipt no. 98001633.,BILL_PAYMENT,True,False,LOW,,,299.0,False,False,
"This is the cyber cell. A parcel in your name contains illegal items. Pay ₹5,000 penalty turant to tanvi70@axl to avoid arrest.",IMPERSONATION,True,True,HIGH,,tanvi70@axl,5000.0,True,True,urgency|impersonation|marketplace
"Recharge reminder: your Delhi Jal Board plan expires on 3 Jul. Recharge Rs. 1,340/- from the app to continue.",BILL_PAYMENT,True,False,LOW,,,1340.0,False,False,kyc_credential
"PNB ALERT: KYC not updated. Send ₹1,499 to official.support@paytm final notice to re-activate your account.",KYC_SCAM,True,True,HIGH,,official.support@paytm,1499.0,True,True,urgency|kyc_credential
"Hi, saw your OLX ad for the study table. Can I come and check it tomorrow? If ok I will pay ₹1,500 on Paytm after seeing it.",MARKETPLACE_PAYMENT,True,False,LOW,,,1500.0,False,False,marketplace
Payment of Rs 799 received for Adani Gas bill. Receipt no. 63525796.,BILL_PAYMENT,True,False,LOW,,,799.0,False,False,
Stock market expert here. Minimum deposit 1000 rupees to verifybank@okaxis. Assured 30% weekly return.,INVESTMENT_SCAM,True,True,HIGH,,verifybank@okaxis,1000.0,False,True,
"customer care bhim: your account shows suspicious activity. transfer ₹20,000 to verification account ayeshadiv@apl abhi.",IMPERSONATION,True,True,HIGH,,ayeshadiv@apl,20000.0,True,True,urgency|kyc_credential|impersonation
"HR team a leading MNC: your interview is cleared. Send ₹1,500 for laptop courier to rewards.claim@ibl. Refundable with first salary.",JOB_SCAM,True,True,HIGH,,rewards.claim@ibl,1500.0,True,True,impersonation|job|marketplace
Your delivery is on hold. Pay 3000 customs charge to ishitaarj@paytm within 24 hours or the parcel will be returned.,URGENCY_PAYMENT,True,True,HIGH,,ishitaarj@paytm,,True,True,urgency|impersonation|marketplace
YOUR SBI REWARD OF 5000 RUPEES IS WAITING. SCAN THE ATTACHED QR TO COLLECT. VALID TODAY ONLY.,QR_SCAM,True,True,HIGH,,,5000.0,False,False,urgency|reward|impersonation|qr_link
"gift voucher worth ₹50,000 approved for you. pay delivery charge ₹299 on tradepro@oksbi right now.",PRIZE_SCAM,True,True,HIGH,,tradepro@oksbi,299.0,True,True,urgency|reward|upfront_fee|marketplace
Can you pick up 51 kg of rice on the way back?,NON_PAYMENT,False,False,LOW,,,,False,False,
your delivery is on hold. pay 5k customs charge to lottery.claim@paytm right now or the parcel will be returned.,URGENCY_PAYMENT,True,True,HIGH,,lottery.claim@paytm,5000.0,True,True,urgency|impersonation|marketplace
Oye order MYN679544 refund failed. Pay INR 199 reversal charge to refundteam@okaxis right now and full refund of Rs 10000 will be credited.,REFUND_SCAM,True,True,HIGH,,refundteam@okaxis,199.0,True,True,urgency|refund
"IDFC First alert: 22k debited from a/c XX8797 for UPI txn. If not you, call the number on the back of your card.",BANK_REQUEST,True,False,LOW,,,22000.0,False,False,
Collect request sent for INR 20000. Approve it with your UPI PIN to receive the amount.,QR_SCAM,True,True,HIGH,,,20000.0,False,False,kyc_credential
Crypto trading tips group: deposit ₹500 to refund.desk@okaxis and earn daily profit of ₹500. 100% safe.,INVESTMENT_SCAM,True,True,HIGH,,refund.desk@okaxis,500.0,False,False,investment|job
You have received 10000 cashback from Amazon. Pay Rs 299 activation charge to invest.pro45@axl to receive it right now.,PRIZE_SCAM,True,True,HIGH,,invest.pro45@axl,299.0,True,True,urgency|reward
"CRPF jawan, urgent posting. iPhone 13 at 25000 only. Advance 3k on aditya.sharma@paytm to block it.",MARKETPLACE_PAYMENT,True,True,HIGH,,aditya.sharma@paytm,3000.0,True,False,urgency|upfront_fee
"Hey it's Gurpreet, using a friend's phone. Stuck at the airport, need Rs 20000 right now on karan@apl. Please yaar.",IMPERSONATION,True,True,HIGH,,karan@apl,20000.0,True,True,urgency|impersonation
"Recharge reminder: your Jio plan expires on 17 May. Recharge Rs. 2,460/- from the app to continue.",BILL_PAYMENT,True,False,LOW,,,2460.0,False,False,kyc_credential
"Hello, I'm calling from Yes Bank security. Your account is compromised. Move ₹5,000 to safe account prize.center@okaxis within 24 hours.",IMPERSONATION,True,True,HIGH,,prize.center@okaxis,5000.0,True,True,urgency|impersonation
Hey can you transfer Rs 300 for the electricity share? gurpreet@okicici works. No rush.,PAYMENT_REQUEST,True,False,LOW,,gurpreet@okicici,300.0,False,False,
"pnb: credit card statement generated. total due ₹15,400, minimum due ₹1,540. pay via net banking or the pnb app.",BANK_REQUEST,True,False,LOW,,,15400.0,False,False,
"Delhi Jal Board: your bill of ₹1,340 for consumer no. 575944 is due on 6 Sep. Pay via the Delhi Jal Board app or BBPS.",BILL_PAYMENT,True,False,LOW,,,1340.0,False,False,
"Beta, send ₹8,000 to riyakav@okicici for the school fees, Mama will pay you back next week.",FRIEND_FAMILY_PAYMENT,True,False,LOW,,riyakav@okicici,8000.0,True,False,
"Hi galti se ₹1,000 aapke account me chala gaya. Please aaj hi wapas bhej do divyaraj@apl pe.",REFUND_SCAM,True,True,HIGH,,divyaraj@apl,1000.0,True,False,urgency|refund
"hi meera, transferring ₹500 for the groceries you got. sending to arjun53@apl.",FRIEND_FAMILY_PAYMENT,True,False,LOW,,arjun53@apl,500.0,True,False,
PNB: YOUR FIXED DEPOSIT OF RS 56000/- MATURES ON 17TH VISIT THE BRANCH OR USE NET BANKING TO RENEW,BANK_REQUEST,True,False,LOW,,,56000.0,False,False,
Arre split for the Uber came to ₹200 each. Send to anjali16@axl when you can.,PAYMENT_REQUEST,True,False,LOW,,anjali16@axl,200.0,False,False,
Yes Bank: EMI of 22000 rupees for loan a/c ending 1762 is due on 6th. Maintain sufficient balance. Do not share OTP with anyone.,BANK_REQUEST,True,False,LOW,,,22000.0,False,False,kyc_credential|impersonation
"Oye Rs 150 for the concert tickets please, GPay on amit.patel@fbl. Thanks!",PAYMENT_REQUEST,True,False,LOW,,amit.patel@fbl,150.0,False,False,
ICICI Bank: your fixed deposit of 89000 rupees matures on 28th. Visit the branch or use net banking to renew.,BANK_REQUEST,True,False,LOW,,,89000.0,False,False,impersonation
"Got 59 marks in the internal, decent I guess.",NON_PAYMENT,False,False,LOW,,,,False,False,
Hi da your share for the pizza is 250 rupees. Pay to amit.singh@okaxis whenever free.,PAYMENT_REQUEST,True,False,LOW,,amit.singh@okaxis,250.0,False,False,
SBI: your fixed deposit of 154000 rupees matures on 24th. Visit the branch or use net banking to renew.,BANK_REQUEST,True,False,LOW,,,154000.0,False,False,impersonation
"I can pay Rs. 18,000/- for the Activa scooter, pickup from your place. Share your UPI ID or I will pay cash on pickup.",MARKETPLACE_PAYMENT,True,False,LOW,,,18000.0,False,False,
Part time job: earn INR 1500 per day by liking videos. Pay Rs 1500 security deposit to invest.pro@oksbi to start.,JOB_SCAM,True,True,HIGH,,invest.pro@oksbi,1500.0,True,True,upfront_fee|job
"Ghar baithe kaam, roz ₹4,000 kamao. Joining ke liye ₹499 support.desk@axl pe bhejo. Call +919192029763",JOB_SCAM,True,True,HIGH,+919192029763,support.desk@axl,4000000.0,True,True,
"To receive your refund of Rs 20000, scan the QR code and enter your UPI PIN. Link: kyc-update-23a4.in",QR_SCAM,True,True,HIGH,,,20000.0,True,True,kyc_credential|refund|qr_link
"Dear winner, your Flipkart prize of ₹100,000 is ready. Registration fee ₹999 to hdfc.verify@ibl. Call +916270650761 final notice.",PRIZE_SCAM,True,True,HIGH,+916270650761,hdfc.verify@ibl,999.0,True,True,urgency|reward|upfront_fee|job
PNB ALERT: KYC not updated Send Rs 2999 to electricitypay@okaxis asap to re-activate your account,KYC_SCAM,True,True,HIGH,,electricitypay@okaxis,2999.0,True,True,urgency|kyc_credential
Reminder: dentist appointment on 24th at 12:00.,NON_PAYMENT,False,False,LOW,,,,False,False,
"MAIN YOUR MANAGER BOL RAHA HOON. MEETING ME HOON, RS. 8,000/- TURANT RAHUL.DAS@PAYTM PE BHEJ DO, VENDOR WAIT KAR RAHA HAI.",IMPERSONATION,True,True,HIGH,,rahul.das@paytm,8000.0,True,True,urgency|impersonation
"laptop available. Pay Rs 1000 delivery charge to zoyaman@paytm now and the courier will bring it to your home, pay balance on delivery.",MARKETPLACE_PAYMENT,True,True,HIGH,,zoyaman@paytm,1000.0,True,True,upfront_fee|marketplace
"Ghar baithe kaam, roz Rs. 2,500/- kamao. Joining ke liye ₹2,500 refund.desk@ibl pe bhejo. Call +91 94080 20852",JOB_SCAM,True,True,HIGH,+919408020852,refund.desk@ibl,2500.0,False,True,
"Customer care Paytm: your account shows suspicious activity. Transfer ₹15,000 to verification account bhavya70@okaxis within 24 hours.",IMPERSONATION,True,True,HIGH,,bhavya70@okaxis,15000.0,True,True,urgency|kyc_credential|impersonation
"PNB: EMI of ₹15,400 for loan a/c ending 1939 is due on 3th. Maintain sufficient balance. Do not share OTP with anyone.",BANK_REQUEST,True,False,LOW,,,15400.0,False,False,kyc_credential
"Stock market expert here. Minimum deposit ₹10,000 to lottery.claim384@okaxis. Assured 30% weekly return.",INVESTMENT_SCAM,True,True,HIGH,,lottery.claim384@okaxis,10000.0,True,False,
"Dude reminder, 1000 rupees pending for last night's drinks. aditya.khan@oksbi or cash, whatever is easy.",PAYMENT_REQUEST,True,False,LOW,,aditya.khan@oksbi,1000.0,False,False,
HDFC Bank: auto-debit of 12k for your SIP will be attempted on 14th. Please keep sufficient balance.,BANK_REQUEST,True,False,LOW,,,12000.0,False,False,impersonation
"Dear valued customer, your Bank of Baroda KYC expires today. Pay ₹5,999 verification fee abhi to tradepro@oksbi otherwise your account will be suspended.",KYC_SCAM,True,True,HIGH,,tradepro@oksbi,5999.0,True,True,urgency|kyc_credential|impersonation|upfront_fee
Deal final at 18000 rupees for the Royal Enfield. I will pay when I pick it up on Sunday. My UPI is meera.das@ybl if you need to refund anything.,MARKETPLACE_PAYMENT,True,False,LOW,,meera.das@ybl,18000.0,False,False,refund
"congratulations, you are selected for a work from home job at infosys. salary 80000/month. pay registration fee ₹2,500 to invest.pro@upi to confirm.",JOB_SCAM,True,True,HIGH,,invest.pro@upi,2500.0,True,True,reward|upfront_fee|job
Activa scooter available Pay ₹2000 delivery charge to ishitaneh@okicici now and the courier will bring it to your home pay balance on delivery,MARKETPLACE_PAYMENT,True,True,HIGH,,ishitaneh@okicici,2000.0,True,False,upfront_fee|marketplace
Install this app sbi-verify-jt04.xyz and share the screen to receive Rs 5000 cashback instantly.,QR_SCAM,True,True,HIGH,,,5000.0,False,True,reward|qr_link
Alert: your account has been put on hold due to incomplete KYC. Pay Rs 4999 to jobportal.fee467@axl turant to restore access. call 9774714227,KYC_SCAM,True,True,HIGH,+919774714227,jobportal.fee467@axl,4999.0,True,True,urgency|kyc_credential
Pending due of 5000 rupees must be cleared within 24 hours. Send to courier.pay@ybl. No further extension.,URGENCY_PAYMENT,True,True,HIGH,,courier.pay@ybl,5000.0,True,True,urgency
Green Grocers: admission deposit of Rs. 720/- for patient Nikhil K is due today so the admission can be completed. Pay at the billing counter or to UPI greengrocers1@axisbank. Receipt will be issued.,MERCHANT_PAYMENT,True,False,LOW,,greengrocers1@axisbank,720.0,False,False,
"Your Tata Power broadband plan renews on 13 Jul. Amount ₹1,050. Auto-pay is enabled, no action needed.",BILL_PAYMENT,True,False,LOW,,,1050.0,False,False,
send ₹600 for the cab to meera@ybl,PAYMENT_REQUEST,True,False,LOW,,meera@ybl,600.0,False,False,
"ACT Fibernet ka bill 399 aaya hai, 4 Jun tak bhar dena app se.",BILL_PAYMENT,True,False,LOW,,,,False,False,
ACT Fibernet: your bill of Rs 499 for consumer no. 785757 is due on 3 Jun. Pay via the ACT Fibernet app or BBPS.,BILL_PAYMENT,True,False,LOW,,,499.0,False,False,
"your resume is shortlisted at zomato. document verification fee ₹2,000 payable to verify.now27@ibl within 24 hours.",JOB_SCAM,True,True,HIGH,,verify.now27@ibl,2000.0,True,True,urgency|kyc_credential|upfront_fee
You have received 500000 cashback from Flipkart. Pay ₹99 activation charge to official.support@upi to receive it within 24 hours.,PRIZE_SCAM,True,True,HIGH,,official.support@upi,99.0,True,True,urgency|reward
Data entry job offer no experience needed Registration INR 299 only pay on refunddesk@axl Salary ₹25000,JOB_SCAM,True,True,HIGH,,refunddesk@axl,25000.0,False,True,job
"Loan EMI overdue. Pay ₹3,000 right now to meera@ptsbi or the amount will be forfeited. Recovery agent will visit.",URGENCY_PAYMENT,True,True,HIGH,,meera@ptsbi,3000.0,True,False,urgency
otp for your login is 513422. valid for 10 minutes. do not share it with anyone.,NON_PAYMENT,False,False,LOW,,,,False,False,kyc_credential
Canara Bank customer your net banking will be suspended today only Pay verification amount Rs 999 to prizecenter@ybl warna account block ho jayega,KYC_SCAM,True,True,HIGH,,prizecenter@ybl,999.0,True,True,urgency|kyc_credential|impersonation
payment of ₹499 received for msedcl bill. receipt no. 74814615.,BILL_PAYMENT,True,False,LOW,,,499.0,False,False,
"Nani, ₹500 chahiye college fees ke liye, manishaye@waaxis pe bhej do please, agle hafte lauta dunga.",FRIEND_FAMILY_PAYMENT,True,False,LOW,,manishaye@waaxis,500.0,False,False,
"Reminder: Delhi Jal Board bill ₹2,460 due 14 Jul. Pay through BHIM bill payments section.",BILL_PAYMENT,True,False,LOW,,,2460.0,False,False,
Recharge reminder: your Airtel plan expires on 13 Oct. Recharge ₹799 from the app to continue.,BILL_PAYMENT,True,False,LOW,,,799.0,False,False,kyc_credential
PNB: your fixed deposit of Rs 220000 matures on 21th. Visit the branch or use net banking to renew.,BANK_REQUEST,True,False,LOW,,,220000.0,False,False,
"Canara Bank: credit card statement generated. Total due ₹12,000, minimum due ₹1,200. Pay via net banking or the Canara Bank app.",BANK_REQUEST,True,False,LOW,,,12000.0,False,False,impersonation
"Dude the electricity share settle kar de, ₹300 on zoya@fbl",PAYMENT_REQUEST,True,False,LOW,,zoya@fbl,300.0,False,False,
crypto trading tips group: deposit 2000 to officialsupport@axl and earn daily profit of ₹1000 100% safe,INVESTMENT_SCAM,True,True,HIGH,,officialsupport@axl,1000.0,True,True,investment|job
"Scored a hat-trick yesterday, 41 runs too!",NON_PAYMENT,False,False,LOW,,,,False,False,
your delivery is on hold. pay rs 1000 customs charge to anjali@axl jaldi or the parcel will be returned.,URGENCY_PAYMENT,True,True,HIGH,,anjali@axl,1000.0,True,True,urgency|impersonation|marketplace
Chacha ₹18000 for Mummy's medicines My UPI manish@fbl or call me 7929578650,FRIEND_FAMILY_PAYMENT,True,False,LOW,+917929578650,manish@fbl,18000.0,False,False,
"pnb: credit card statement generated. total due ₹22,000, minimum due 2200 rupees. pay via net banking or the pnb app.",BANK_REQUEST,True,False,LOW,,,22000.0,False,False,
Invoice #6415 from Metro Cabs for 2350 rupees. UPI ID metrocabs@sbi. Please share screenshot after payment.,MERCHANT_PAYMENT,True,False,LOW,,metrocabs@sbi,2350.0,False,False,
"Gift voucher worth ₹25,000 approved for you. Pay delivery charge INR 99 on customer.care@paytm abhi.",PRIZE_SCAM,True,True,HIGH,,customer.care@paytm,99.0,True,True,urgency|reward|upfront_fee|marketplace
"dear customer, update your aadhaar with kotak bank by paying ₹499 to prize.center722@ibl. link expires before midnight. call 7277286634",KYC_SCAM,True,True,HIGH,+917277286634,prize.center722@ibl,499.0,True,True,urgency|kyc_credential|impersonation|qr_link
ICICI Bank: cheque no. 526704 for Rs 22000 has been cleared.,BANK_REQUEST,True,False,LOW,,,22000.0,False,False,impersonation
Happy birthday Divya! Have a great year ahead.,NON_PAYMENT,False,False,LOW,,,,False,False,
"Hello, I'm calling from HDFC Bank security. Your account is compromised. Move ₹8,000 to safe account verify.now@upi immediately.",IMPERSONATION,True,True,HIGH,,verify.now@upi,8000.0,True,True,urgency|impersonation
"Weather is crazy today, 4 degrees and raining.",NON_PAYMENT,False,False,LOW,,,,False,False,
"Buyer here from OLX. Sending a payment request of Rs. 20,000/- on Amazon Pay, please accept and enter PIN to receive.",QR_SCAM,True,True,HIGH,,,20000.0,False,False,kyc_credential|marketplace
"Sending Rs. 3,000/- to shreya.singh@okaxis for the wedding gift from all of us.",FRIEND_FAMILY_PAYMENT,True,False,LOW,,shreya.singh@okaxis,3000.0,False,False,reward
"Match starts at 7:30, bring 5 people if you want, plenty of space.",NON_PAYMENT,False,False,LOW,,,,False,False,
Canara Bank: cheque no. 458985 for 5600 has been cleared.,BANK_REQUEST,True,False,LOW,,,,False,False,impersonation
"yes bank: auto-debit of ₹5,600 for your sip will be attempted on 24th. please keep sufficient balance.",BANK_REQUEST,True,False,LOW,,,5600.0,False,False,impersonation
"Bua here, new number. Phone broke. Send ₹10,000 within 1 hour to quickloan@ybl, emergency, will explain later.",IMPERSONATION,True,True,HIGH,,quickloan@ybl,10000.0,True,True,urgency|impersonation
"Ishita, 1500 rupees chahiye college fees ke liye, sanjay@upi pe bhej do please, agle hafte lauta dunga.",FRIEND_FAMILY_PAYMENT,True,False,LOW,,sanjay@upi,1500.0,False,False,
"Invest Rs 500 today and get ₹1,000 in 7 days, guaranteed returns. Pay to invest.pro@okaxis. Limited slots.",INVESTMENT_SCAM,True,True,HIGH,,invest.pro@okaxis,500.0,True,True,investment
"Lucky customer! ₹10,000 bonus credited pending. Transfer 999 to rewards.claim@paytm for release today only. Contact +918384554272",PRIZE_SCAM,True,True,HIGH,+918384554272,rewards.claim@paytm,10000.0,True,True,urgency|reward
"Your number was selected for 100000 rupees reward. Send 99 GST charge to cashback.claim@ibl right now, last chance.",PRIZE_SCAM,True,True,HIGH,,cashback.claim@ibl,100000.0,True,True,urgency|reward
"Weather is crazy today, 5 degrees and raining.",NON_PAYMENT,False,False,LOW,,,,False,False,
hr team amazon: your interview is cleared. send rs 2000 for laptop courier to sbi.kyc@upi. refundable with first salary.,JOB_SCAM,True,True,HIGH,,sbi.kyc@upi,2000.0,False,True,impersonation|job|marketplace
"Forex signals: first 5 members get ₹5,000 on 1k. Transfer to jobportal.fee@ibl now.",INVESTMENT_SCAM,True,True,HIGH,,jobportal.fee@ibl,5000.0,False,False,
"Bro This is Joseph from BHIM support. A wrong transfer of ₹10,000 was made to you. Refund to joseph.khan@upi today only to avoid account freeze.",REFUND_SCAM,True,True,HIGH,,joseph.khan@upi,10000.0,True,False,urgency|refund
Vi: your bill of 399 for consumer no. 945779 is due on 2 Aug. Pay via the Vi app or BBPS.,BILL_PAYMENT,True,False,LOW,,,,False,False,
FitLife Gym: your bill is ₹180. Pay via UPI fitlifegym@okbizaxis or at the counter. Thank you for visiting.,MERCHANT_PAYMENT,True,False,LOW,,fitlifegym@okbizaxis,180.0,False,False,
"Hi Bhai maine ₹4,000 galat number pe bhej diya, tumhare pe aaya hai. abhi sneha@fbl pe return kar do please.",REFUND_SCAM,True,True,HIGH,,sneha@fbl,4000.0,True,True,urgency
ipl scratch card: you won 5000 rupees! unlock by paying ₹199 to invest.pro@okaxis urgently.,PRIZE_SCAM,True,True,HIGH,,invest.pro@okaxis,5000.0,True,True,urgency|reward|upfront_fee
"Your subscription payment failed. Pay ₹3,000 to karan92@upi today only or services will be deactivated.",URGENCY_PAYMENT,True,True,HIGH,,karan92@upi,3000.0,True,True,urgency
Lucky Draw scratch card: you won Rs 100000! Unlock by paying ₹999 to supportdesk@paytm before midnight,PRIZE_SCAM,True,True,HIGH,,supportdesk@paytm,100000.0,True,True,urgency|reward|upfront_fee
Quick Laundry monthly subscription of ₹480 is due on 26th. Pay to quicklaundry@upi at your convenience.,MERCHANT_PAYMENT,True,False,LOW,,quicklaundry@upi,480.0,False,False,
beta send 1500 to josephaye@ptsbi for the school fees arjun will pay you back next week,FRIEND_FAMILY_PAYMENT,True,False,LOW,,josephaye@ptsbi,,True,False,
Hello This is Lakshmi from Paytm support. A wrong transfer of 4000 rupees was made to you. Refund to joseph@ptsbi within 24 hours to avoid account freeze.,REFUND_SCAM,True,True,HIGH,,joseph@ptsbi,4000.0,True,False,urgency|refund
"HDFC Bank never asks for your PIN, OTP or CVV. Report suspicious calls to 1930. Your KYC can be updated only at the branch or the official app.",BANK_REQUEST,True,False,LOW,,,,False,False,kyc_credential|impersonation
"Dear valued customer, PhonePe refund of Rs 3000 is stuck. To release it, first pay Rs 299 verification to bank.verify@okaxis within 2 hours.",REFUND_SCAM,True,True,HIGH,,bank.verify@okaxis,299.0,True,False,urgency|kyc_credential|refund|impersonation
Final notice from Canara Bank: pay KYC verification fee Rs 499 to taskfee@paytm immediately nahi toh account band ho jayega,KYC_SCAM,True,True,HIGH,,taskfee@paytm,499.0,True,True,urgency|kyc_credential|impersonation|upfront_fee
"buyer here from olx. sending a payment request of 20000 rupees on phonepe, please accept and enter pin to receive.",QR_SCAM,True,True,HIGH,,,20000.0,False,False,kyc_credential|marketplace
"Nani here, new number. Phone broke. Send Rs. 8,000/- last chance to sbi.kyc@okaxis, emergency, will explain later.",IMPERSONATION,True,True,HIGH,,sbi.kyc@okaxis,8000.0,True,True,urgency|impersonation
hi send ₹750 for yesterday's dinner to suresh21@oksbi,PAYMENT_REQUEST,True,False,LOW,,suresh21@oksbi,750.0,False,False,
Kotak Bank: EMI of INR 8900 for loan a/c ending 7481 is due on 2th Maintain sufficient balance Do not share OTP with anyone,BANK_REQUEST,True,False,LOW,,,8900.0,False,False,kyc_credential|impersonation
hr team amazon: your interview is cleared. send 999 for laptop courier to kyc.support@axl. refundable with first salary.,JOB_SCAM,True,True,HIGH,,kyc.support@axl,,True,True,impersonation|job|marketplace
"Fresh Basket monthly subscription of Rs. 3,200/- is due on 1th. Pay to freshbasket@axisbank at your convenience.",MERCHANT_PAYMENT,True,False,LOW,,freshbasket@axisbank,3200.0,False,False,
Stock market expert here. Minimum deposit 1000 to cashback.claim876@oksbi. Assured 50% weekly return.,INVESTMENT_SCAM,True,True,HIGH,,cashback.claim876@oksbi,,False,False,
"Wrong transfer alert: ₹1,500 credited to you by error. Reverse the amount within 24 hours to cashback.claim647@okaxis or call 9634433460.",REFUND_SCAM,True,True,HIGH,+919634433460,cashback.claim647@okaxis,1500.0,True,False,urgency|refund
Buyer here from OLX Sending a payment request of ₹15000 on PhonePe please accept and enter PIN to receive,QR_SCAM,True,True,HIGH,,,15000.0,True,True,kyc_credential|marketplace
Beta send Rs 5000 to nisha93@okaxis for the school fees Manish will pay you back next week,FRIEND_FAMILY_PAYMENT,True,False,LOW,,nisha93@okaxis,5000.0,True,False,
"Nani here, new number. Phone broke. Send ₹15,000 last chance to shreya.sharma@apl, emergency, will explain later.",IMPERSONATION,True,True,HIGH,,shreya.sharma@apl,,True,True,urgency|impersonation
Click tinyurlcom/8wrj6v to verify your UPI and get Rs 10000 credited Enter PIN to confirm Support +917008050804,QR_SCAM,True,True,HIGH,+917008050804,,10000.0,True,True,kyc_credential|qr_link
"ghar baithe kaam, roz rs 1750 kamao. joining ke liye rs. 1,500/- lottery.claim152@oksbi pe bhejo. call +91 67220 94342",JOB_SCAM,True,True,HIGH,+916722094342,lottery.claim152@oksbi,1750000.0,True,True,
"Bhavya bhai, 10000 rupees for the train tickets, meera.iyer@ptaxis pe bhej do. Thanks!",FRIEND_FAMILY_PAYMENT,True,False,LOW,,meera.iyer@ptaxis,10000.0,False,False,
"Ghar baithe kaam, roz INR 1750 kamao. Joining ke liye ₹999 npci.verify@paytm pe bhejo. Call 9918165463",JOB_SCAM,True,True,HIGH,+919918165463,npci.verify@paytm,1750000.0,True,True,
"Dear account holder, I accidentally sent 7500 to your number by mistake. Please return it within 24 hours to sanjay@ybl.",REFUND_SCAM,True,True,HIGH,,sanjay@ybl,,True,False,urgency|refund
"PNB: your fixed deposit of ₹43,000 matures on 9th. Visit the branch or use net banking to renew.",BANK_REQUEST,True,False,LOW,,,43000.0,False,False,
BHIM scratch card: you won 25k! Unlock by paying 499 rupees to lottery.claim@ybl within 24 hours.,PRIZE_SCAM,True,True,HIGH,,lottery.claim@ybl,25000.0,True,True,urgency|reward|upfront_fee
"Hi da Amit here, 750 rupees for cricket ground booking bhej do bhai. amitneh@oksbi",PAYMENT_REQUEST,True,False,LOW,,amitneh@oksbi,750.0,False,False,
"Payment received, ₹1,499 from you at Urban Salon. Thank you, visit again!",MERCHANT_PAYMENT,True,False,LOW,,,1499.0,False,False,
"Dear customer, order FLP182756 refund failed. Pay INR 149 reversal charge to electricity.pay848@oksbi abhi and full refund of INR 2500 will be credited.",REFUND_SCAM,True,True,HIGH,,electricity.pay848@oksbi,149.0,True,True,urgency|refund|impersonation
"amazon scratch card: you won rs. 25,000/-! unlock by paying rs. 999/- to refund.desk819@okaxis urgently.",PRIZE_SCAM,True,True,HIGH,,refund.desk819@okaxis,25000.0,True,True,urgency|reward|upfront_fee
Hi da send ₹400 for the concert tickets to naveen@oksbi,PAYMENT_REQUEST,True,False,LOW,,naveen@oksbi,400.0,False,False,
"Yaar send ₹2,000 for the Netflix split. UPI: anjali.khan@ybl",PAYMENT_REQUEST,True,False,LOW,,anjali.khan@ybl,2000.0,False,False,
"Stock market expert here. Minimum deposit Rs. 10,000/- to kycupdate@upi. Assured 30% weekly return.",INVESTMENT_SCAM,True,True,HIGH,,kycupdate@upi,10000.0,False,True,
"Mom here, new number. Phone broke. Send Rs 5000 before midnight to claimprize131@oksbi, emergency, will explain later.",IMPERSONATION,True,True,HIGH,,claimprize131@oksbi,5000.0,True,True,urgency|impersonation
"Payment for the Royal Enfield done, 4k via PhonePe to varun87@ibl. Please share the invoice.",MARKETPLACE_PAYMENT,True,False,LOW,,varun87@ibl,4000.0,False,False,
"Congratulations! You have won ₹100,000 in the Jio lucky draw. Pay 1499 processing fee to prize.center@okaxis within 2 hours to claim.",PRIZE_SCAM,True,True,HIGH,,prize.center@okaxis,100000.0,True,True,urgency|reward|upfront_fee
Notice: PAN-Aadhaar link pending for your Yes Bank account Pay 499 processing charge to hrdesk@oksbi immediately warna account block ho jayega,KYC_SCAM,True,True,HIGH,,hrdesk@oksbi,,True,True,urgency|kyc_credential|impersonation|upfront_fee|qr_link
"Match starts at 7:30, bring 42 people if you want, plenty of space.",NON_PAYMENT,False,False,LOW,,,,False,False,
"Cafe Nirvana: table booked. A deposit of Rs 180 to cafenirvana6@sbi confirms the booking, adjustable against the bill.",MERCHANT_PAYMENT,True,False,LOW,,cafenirvana6@sbi,180.0,False,False,
Payment of 399 received for Vi bill. Receipt no. 44099461.,BILL_PAYMENT,True,False,LOW,,,,False,False,
"BWSSB ka bill ₹1,050 aaya hai, 17 Mar tak bhar dena app se.",BILL_PAYMENT,True,False,LOW,,,1050.0,False,False,
"Lakshmi, INR 8000 for Mummy's medicines. My UPI gurpreet@okhdfcbank or call me 7146077818",FRIEND_FAMILY_PAYMENT,True,False,LOW,+917146077818,gurpreet@okhdfcbank,8000.0,False,False,
"Dear user, Your Kotak Bank account KYC is pending. Complete verification by paying ₹1,999 to sbi.kyc@okaxis abhi or your number will be disconnected.",KYC_SCAM,True,True,HIGH,,sbi.kyc@okaxis,1999.0,True,True,urgency|kyc_credential|impersonation
camera available Pay ₹1000 delivery charge to supportdesk@ibl now and the courier will bring it to your home pay balance on delivery,MARKETPLACE_PAYMENT,True,True,HIGH,,supportdesk@ibl,1000.0,True,False,upfront_fee|marketplace
"Payment received, Rs. 250/- from you at Royal Bakery. Thank you, visit again!",MERCHANT_PAYMENT,True,False,LOW,,,250.0,False,False,
"yaar the concert tickets ka rs. 600/- bhej dena, ayesha23@ibl",PAYMENT_REQUEST,True,False,LOW,,ayesha23@ibl,600.0,False,False,
urban salon monthly subscription of ₹350 is due on 16th. pay to urbansalon9@okbizaxis at your convenience.,MERCHANT_PAYMENT,True,False,LOW,,urbansalon9@okbizaxis,350.0,False,False,
Join our IPO allotment scheme Pay Rs 10000/- to jobportalfee@ibl and get confirmed allotment with 3x listing gain,INVESTMENT_SCAM,True,True,HIGH,,jobportalfee@ibl,10000.0,True,True,
Bank of Baroda: 1250 rupees credited to your account XX9303 Available balance Rs 5000/-,BANK_REQUEST,True,False,LOW,,,5000.0,False,False,impersonation
This is an income tax officer. A parcel in your name contains illegal items. Pay Rs 2000 penalty today only to sureshbha@fbl to avoid arrest.,IMPERSONATION,True,True,HIGH,,sureshbha@fbl,2000.0,True,True,urgency|impersonation|marketplace
"mom said dinner at 8, don't be late again.",NON_PAYMENT,False,False,LOW,,,,False,False,
"Stock market expert here. Minimum deposit ₹2,000 to rewards.claim@upi. Assured 50% weekly return.",INVESTMENT_SCAM,True,True,HIGH,,rewards.claim@upi,2000.0,True,False,
THIS IS CUSTOMS OFFICER. A PARCEL IN YOUR NAME CONTAINS ILLEGAL ITEMS. PAY INR 15000 PENALTY LAST CHANCE TO PRIYA.DAS@PTSBI TO AVOID ARREST.,IMPERSONATION,True,True,HIGH,,priya.das@ptsbi,15000.0,True,True,urgency|impersonation|marketplace
"I went to the SBI branch today for KYC, took 21 minutes only.",NON_PAYMENT,False,False,LOW,,,,False,False,kyc_credential|impersonation
Sirf Rs 5000 invest karo aur Rs 15000 pao guaranteed. hdfc.verify933@oksbi pe payment karo abhi.,INVESTMENT_SCAM,True,True,HIGH,,hdfc.verify933@oksbi,5000.0,False,False,urgency|investment
"badhai ho! aapne big bazaar lottery me ₹250,000 jeeta hai. claim karne ke liye rs 99 urgentkyc149@axl pe final notice bhejo.",PRIZE_SCAM,True,True,HIGH,,urgentkyc149@axl,250000.0,True,True,urgency|reward
"Nani here, new number. Phone broke. Send Rs. 3,000/- last chance to nikhil@okaxis, emergency, will explain later.",IMPERSONATION,True,True,HIGH,,nikhil@okaxis,3000.0,True,True,urgency|impersonation
Alert: Update your Aadhaar with Canara Bank by paying 1499 to verifybank@ibl. Link expires abhi.,KYC_SCAM,True,True,HIGH,,verifybank@ibl,,True,True,urgency|kyc_credential|impersonation|qr_link
"Your electricity connection will be cut within 2 hours. Pay pending bill Rs. 5,000/- to jobportal.fee@okaxis now. Officer +917184575431",IMPERSONATION,True,True,HIGH,+917184575431,jobportal.fee@okaxis,5000.0,True,True,urgency|impersonation
"Hello the birthday cake ka 800 rupees bhej dena, amit@paytm",PAYMENT_REQUEST,True,False,LOW,,amit@paytm,800.0,False,False,
Fresh Basket se order ready hai. ₹180 freshbasket@icici pe pay kar dena ya cash de dena.,MERCHANT_PAYMENT,True,False,LOW,,freshbasket@icici,180.0,False,False,
"Train is delayed by 13 minutes, will reach by 11 pm.",NON_PAYMENT,False,False,LOW,,,,False,False,
"Scan QR karo aur PIN dalo, ₹1,000 tumhare account me aa jayega. Jaldi karo.",QR_SCAM,True,True,HIGH,,,1000.0,True,True,urgency|kyc_credential|qr_link
Wrong transfer alert: ₹1500 credited to you by error Reverse the amount within 2 hours to electricitypay@okaxis or call 8659239659,REFUND_SCAM,True,True,HIGH,+918659239659,electricitypay@okaxis,1500.0,True,True,urgency|refund
"Data entry job offer, no experience needed. Registration Rs. 1,500/- only, pay on verifybank@ybl. Salary 35000 rupees.",JOB_SCAM,True,True,HIGH,,verifybank@ybl,35000.0,True,True,job
"Scan QR karo aur PIN dalo, Rs 2000 tumhare account me aa jayega. Jaldi karo.",QR_SCAM,True,True,HIGH,,,2000.0,True,False,urgency|kyc_credential|qr_link
"Notice: This is Kavya from Amazon Pay support. A wrong transfer of ₹1,000 was made to you. Refund to karan36@oksbi turant to avoid account freeze.",REFUND_SCAM,True,True,HIGH,,karan36@oksbi,1000.0,True,False,urgency|refund
Invoice #9862 from FitLife Gym for Rs 120. UPI ID fitlifegym@ybl. Please share screenshot after payment.,MERCHANT_PAYMENT,True,False,LOW,,fitlifegym@ybl,120.0,False,False,
Yaar split for the auto came to ₹400 each. Send to rahul52@fbl when you can.,PAYMENT_REQUEST,True,False,LOW,,rahul52@fbl,400.0,False,False,
"Sneha, INR 5000 for Mummy's medicines. My UPI joseph@upi or call me +917651192045",FRIEND_FAMILY_PAYMENT,True,False,LOW,+917651192045,joseph@upi,5000.0,True,False,
invoice #6585 from green grocers for inr 180. upi id greengrocers@axisbank. please share screenshot after payment.,MERCHANT_PAYMENT,True,False,LOW,,greengrocers@axisbank,180.0,False,False,
I accidentally sent 1500 to your number by mistake. Please return it within 1 hour to pooja1@paytm.,REFUND_SCAM,True,True,HIGH,,pooja1@paytm,,True,False,urgency|refund
Your delivery is on hold Pay ₹7000 customs charge to manishkhan@waaxis final notice or the parcel will be returned,URGENCY_PAYMENT,True,True,HIGH,,manishkhan@waaxis,7000.0,True,False,urgency|impersonation|marketplace
"You have received Rs. 100,000/- cashback from IPL. Pay 1999 rupees activation charge to prize.center@paytm to receive it within 24 hours.",PRIZE_SCAM,True,True,HIGH,,prize.center@paytm,1999.0,True,True,urgency|reward
Axis Bank ALERT: KYC not updated Send ₹1499 to verifynow@axl within 1 hour to re-activate your account,KYC_SCAM,True,True,HIGH,,verifynow@axl,1499.0,True,True,urgency|kyc_credential|impersonation
"Dad here, new number. Phone broke. Send 5000 rupees aaj hi to nikhil4@okicici, emergency, will explain later.",IMPERSONATION,True,True,HIGH,,nikhil4@okicici,5000.0,True,True,urgency|impersonation
"Buyer here from OLX. Sending a payment request of INR 20000 on GPay, please accept and enter PIN to receive.",QR_SCAM,True,True,HIGH,,,20000.0,True,True,kyc_credential|marketplace
"Dude Rahul here, ₹750 for cricket ground booking bhej do bhai. rahul.khan@waaxis",PAYMENT_REQUEST,True,False,LOW,,rahul.khan@waaxis,750.0,False,False,
Urban Salon monthly subscription of 1200 rupees is due on 2th. Pay to urbansalon@sbi at your convenience.,MERCHANT_PAYMENT,True,False,LOW,,urbansalon@sbi,1200.0,False,False,
"To receive your refund of Rs. 5,000/-, scan the QR code and enter your UPI PIN. Link: sbi-verify-958dz.xyz",QR_SCAM,True,True,HIGH,,,5000.0,True,True,kyc_credential|refund|qr_link
"dear winner, your lucky draw prize of ₹25,000 is ready. registration fee ₹1,999 to bank.verify@ybl. call +917627330890 within 1 hour.",PRIZE_SCAM,True,True,HIGH,+917627330890,bank.verify@ybl,1999.0,True,True,urgency|reward|upfront_fee|job
"Bhai here, new number. Phone broke. Send ₹3,000 within 2 hours to securebank@okaxis, emergency, will explain later.",IMPERSONATION,True,True,HIGH,,securebank@okaxis,3000.0,True,True,urgency|impersonation
Your delivery is on hold. Pay 3000 customs charge to task.fee@okaxis today only or the parcel will be returned.,URGENCY_PAYMENT,True,True,HIGH,,task.fee@okaxis,,True,True,urgency|impersonation|marketplace
"hi i accidentally sent ₹2,500 to your number by mistake. please return it within 24 hours to reward.claim@oksbi.",REFUND_SCAM,True,True,HIGH,,reward.claim@oksbi,2500.0,True,False,urgency|refund
"Simran, 8000 rupees for Mummy's medicines. My UPI tanvi.khan@ibl or call me +916086078049",FRIEND_FAMILY_PAYMENT,True,False,LOW,+916086078049,tanvi.khan@ibl,8000.0,False,False,
"ICICI Bank alert: ₹2,500 debited from a/c XX6460 for UPI txn. If not you, call the number on the back of your card.",BANK_REQUEST,True,False,LOW,,,2500.0,False,False,impersonation
"buyer here from olx. sending a payment request of ₹5,000 on paytm, please accept and enter pin to receive.",QR_SCAM,True,True,HIGH,,,5000.0,True,False,kyc_credential|marketplace
"Double your money scheme! Send ₹2,000 to hrdesk921@axl and receive 10000 rupees by Monday. WhatsApp 98534-43467",INVESTMENT_SCAM,True,True,HIGH,+919853443467,hrdesk921@axl,2000.0,False,False,investment
"Send ₹1,000 within 1 hour to manish.patel@upi. Time limit 30 minutes. else your card will be permanently blocked.",URGENCY_PAYMENT,True,True,HIGH,,manish.patel@upi,1000.0,True,False,urgency
"Double your money scheme! Send ₹25,000 to bank.verify@okaxis and receive 250000 rupees by Monday. WhatsApp 7151342284",INVESTMENT_SCAM,True,True,HIGH,+917151342284,bank.verify@okaxis,25000.0,False,False,investment
Lucky customer! Rs 100000 bonus credited pending. Transfer 999 to official.support@axl for release before midnight. Contact +91 93800 33137,PRIZE_SCAM,True,True,HIGH,+919380033137,official.support@axl,100000.0,True,True,urgency|reward
"invoice #3046 from cafe nirvana for ₹1,200. upi id cafenirvana@okbizaxis. please share screenshot after payment.",MERCHANT_PAYMENT,True,False,LOW,,cafenirvana@okbizaxis,1200.0,False,False,
Green Grocers: your bill is ₹650. Pay via UPI greengrocers4@okbizaxis or at the counter. Thank you for visiting.,MERCHANT_PAYMENT,True,False,LOW,,greengrocers4@okbizaxis,4.0,False,False,
"Beta 8k bhej dena papa ke dawai ke liye sneha.iyer@okicici, kal wapas kar dungi.",FRIEND_FAMILY_PAYMENT,True,False,LOW,,sneha.iyer@okicici,8000.0,True,False,
"Mom said dinner at 8, don't be late again.",NON_PAYMENT,False,False,LOW,,,,False,False,
"Airtel ka bill Rs 1050 aaya hai, 9 May tak bhar dena app se.",BILL_PAYMENT,True,False,LOW,,,1050.0,False,False,
"PS5 ke liye Rs 8000 theek hai. Kal aake dekh ke pay kar dunga, cash ya UPI dono chalega.",MARKETPLACE_PAYMENT,True,False,LOW,,,8000.0,False,False,
Alert: order SWG725902 refund failed. Pay Rs 199 reversal charge to gurpreet@ibl final notice and full refund of Rs 4000 will be credited.,REFUND_SCAM,True,True,HIGH,,gurpreet@ibl,199.0,True,False,urgency|refund
Attention: Your IDFC First account KYC is pending. Complete verification by paying INR 2999 to support.desk69@axl within 1 hour or legal action will be taken.,KYC_SCAM,True,True,HIGH,,support.desk69@axl,2999.0,True,True,urgency|kyc_credential
"Yes Bank alert: 22000 rupees debited from a/c XX9437 for UPI txn. If not you, call the number on the back of your card.",BANK_REQUEST,True,False,LOW,,,22000.0,False,False,impersonation
"Payment of ₹2,000 is required within 1 hour. Use UPI arjun@fbl. Do not ignore this message.",URGENCY_PAYMENT,True,True,HIGH,,arjun@fbl,2000.0,True,False,urgency
"Refund team here. Your cashback of ₹5,000 is pending. Send ₹249 processing fee to kiran@apl within 2 hours.",REFUND_SCAM,True,True,HIGH,,kiran@apl,249.0,True,True,urgency|reward|refund|upfront_fee
saw your story that place looks amazing where is it?,NON_PAYMENT,False,False,LOW,,,,False,False,
You have received ₹5000 cashback from Lucky Draw Pay 1999 rupees activation charge to kycsupport781@ybl to receive it within 2 hours,PRIZE_SCAM,True,True,HIGH,,kycsupport781@ybl,1999.0,True,True,urgency|reward
"Invoice #9068 from Green Grocers for ₹4,500. UPI ID greengrocers@okbizaxis. Please share screenshot after payment.",MERCHANT_PAYMENT,True,False,LOW,,greengrocers@okbizaxis,4500.0,False,False,
Sent Rs 1500/- for Diwali shopping to deepak@upi check and tell me if received,FRIEND_FAMILY_PAYMENT,True,False,LOW,,deepak@upi,1500.0,True,False,
Send 1500 rupees immediately to kycupdate911@paytm Time limit 30 minutes or your account will be blocked,URGENCY_PAYMENT,True,True,HIGH,,kycupdate911@paytm,1500.0,True,True,urgency|kyc_credential
Got 20 marks in the internal decent I guess,NON_PAYMENT,False,False,LOW,,,,False,False,
"SBI ALERT: KYC not updated. Send ₹5,999 right now to re-activate your account. call 8838983334",KYC_SCAM,True,True,HIGH,+918838983334,,5999.0,True,True,urgency|kyc_credential|impersonation
"KYC update ke liye 4999 immediately pay karo, or legal action will be taken. SBI support +91 83494 65265",KYC_SCAM,True,True,HIGH,+918349465265,,,True,True,urgency|kyc_credential|impersonation
Royal Bakery: advance of 899 for the booking is due by 13th Pay to royalbakery6@paytmqr or at the desk GST invoice will follow,MERCHANT_PAYMENT,True,False,LOW,,royalbakery6@paytmqr,,False,False,upfront_fee
"Your electricity connection will be cut right now. Pay pending bill ₹15,000 to anjali@ybl now. Officer +916003345393",IMPERSONATION,True,True,HIGH,+916003345393,anjali@ybl,15000.0,True,True,urgency|impersonation
Your resume is shortlisted at Infosys. Document verification fee ₹299 payable to claimprize@paytm within 24 hours.,JOB_SCAM,True,True,HIGH,,claimprize@paytm,299.0,False,True,urgency|kyc_credential|upfront_fee
Wrong transfer alert: 1500 rupees credited to you by error. Reverse the amount urgently to divyakar@okaxis or call 08120485076.,REFUND_SCAM,True,True,HIGH,+918120485076,divyakar@okaxis,1500.0,True,False,urgency|refund
"For the sofa set, pay full INR 8000 to task.fee@axl first, delivery within 2 days via army courier. No inspection possible.",MARKETPLACE_PAYMENT,True,True,HIGH,,task.fee@axl,8000.0,True,True,marketplace
Book Corner: your bill is Rs 1200 Pay via UPI bookcorner@ybl or at the counter Thank you for visiting,MERCHANT_PAYMENT,True,False,LOW,,bookcorner@ybl,1200.0,False,False,
"Nani here, new number. Phone broke. Send ₹5,000 asap to reward.claim305@ybl, emergency, will explain later.",IMPERSONATION,True,True,HIGH,,reward.claim305@ybl,5000.0,True,True,urgency|impersonation
Oye can you transfer Rs 150 for movie tickets? varun.khan@ibl works. No rush.,PAYMENT_REQUEST,True,False,LOW,,varun.khan@ibl,150.0,False,False,
"Scan QR karo aur PIN dalo, 5000 rupees tumhare account me aa jayega. Jaldi karo.",QR_SCAM,True,True,HIGH,,,5000.0,True,True,urgency|kyc_credential|qr_link
"Beta Rs. 10,000/- bhej dena papa ke dawai ke liye simranneh@ptaxis, kal wapas kar dungi.",FRIEND_FAMILY_PAYMENT,True,False,LOW,,simranneh@ptaxis,10000.0,True,False,
badhai ho! aapne big bazaar lottery me 50000 rupees jeeta hai. claim karne ke liye inr 1999 support.desk@okaxis pe urgently bhejo.,PRIZE_SCAM,True,True,HIGH,,support.desk@okaxis,50000.0,True,True,urgency|reward
"Adani Gas: your bill of ₹1,890 for consumer no. 473639 is due on 20 Jan. Pay via the Adani Gas app or BBPS.",BILL_PAYMENT,True,False,LOW,,,1890.0,False,False,
Mahanagar Gas ka bill ₹1890 aaya hai 28 Dec tak bhar dena app se,BILL_PAYMENT,True,False,LOW,,,1890.0,False,False,
Recharge reminder: your MSEDCL plan expires on 23 Jul. Recharge 2460 from the app to continue.,BILL_PAYMENT,True,False,LOW,,,,False,False,kyc_credential
Can you send 18000 to ritu@axl? Rent is due tomorrow and my salary is delayed. Will return by 5th.,FRIEND_FAMILY_PAYMENT,True,False,LOW,,ritu@axl,,True,False,job
"Beta, send Rs. 8,000/- to manish70@okhdfcbank for the school fees, Riya will pay you back next week.",FRIEND_FAMILY_PAYMENT,True,False,LOW,,manish70@okhdfcbank,8000.0,False,False,
Reminder: BSNL bill Rs 649 due 21 Nov Pay through Paytm bill payments section,BILL_PAYMENT,True,False,LOW,,,649.0,False,False,
CONGRATULATIONS! YOU HAVE WON 10000 RUPEES IN THE DREAM11 LUCKY DRAW. PAY 99 PROCESSING FEE TO COURIER.PAY262@UPI AAJ HI TO CLAIM.,PRIZE_SCAM,True,True,HIGH,,courier.pay262@upi,10000.0,True,True,urgency|reward|upfront_fee
Hey it's Neha using a friend's phone Stuck at the airport need Rs 15000 today only on vikram@fbl Please yaar,IMPERSONATION,True,True,HIGH,,vikram@fbl,15000.0,True,True,urgency|impersonation
Recharge reminder: your BESCOM plan expires on 1 Aug. Recharge ₹499 from the app to continue.,BILL_PAYMENT,True,False,LOW,,,499.0,False,False,kyc_credential
"Anjali, mera recharge khatam ho gaya, Rs 500 meeradee@fbl pe bhej dena please.",FRIEND_FAMILY_PAYMENT,True,False,LOW,,meeradee@fbl,500.0,False,False,
"Canara Bank ALERT: KYC not updated. Send Rs. 5,999/- to lottery.claim575@axl within 24 hours to re-activate your account. call +91 89958 93674",KYC_SCAM,True,True,HIGH,+918995893674,lottery.claim575@axl,5999.0,True,True,urgency|kyc_credential|impersonation
Bill generated for BSNL: ₹499. View and pay from the official app. Ignore if already paid.,BILL_PAYMENT,True,False,LOW,,,499.0,False,False,impersonation
"Dear valued customer, your account has been put on hold due to incomplete KYC. Pay Rs 5999 to prize.center@axl abhi to restore access.",KYC_SCAM,True,True,HIGH,,prize.center@axl,5999.0,True,True,urgency|kyc_credential|impersonation
Yaar send 800 for the birthday cake. UPI: kirandee@axl,PAYMENT_REQUEST,True,False,LOW,,kirandee@axl,,False,False,
Hello your share for cricket ground booking is 1500. Pay to bhavyaana@waaxis whenever free.,PAYMENT_REQUEST,True,False,LOW,,bhavyaana@waaxis,,False,False,
"Crypto trading tips group: deposit Rs. 1,000/- to reward.claim@okaxis and earn daily profit of Rs 300. 100% safe.",INVESTMENT_SCAM,True,True,HIGH,,reward.claim@okaxis,1000.0,False,True,investment|job
"Arre yesterday's dinner ka 100 per head aaya hai, sabko bhejna hai varun.sharma@upi pe by kal",PAYMENT_REQUEST,True,False,LOW,,varun.sharma@upi,,False,False,
"Forex signals: first 20 members get 75k on Rs. 25,000/-. Transfer to lottery.claim@upi now.",INVESTMENT_SCAM,True,True,HIGH,,lottery.claim@upi,75000.0,True,False,
"Jio scratch card: you won Rs. 5,000/-! Unlock by paying 1499 rupees to task.fee@oksbi asap.",PRIZE_SCAM,True,True,HIGH,,task.fee@oksbi,5000.0,True,True,urgency|reward|upfront_fee
"Dream11 scratch card: you won ₹500,000! Unlock by paying INR 1499 to reward.claim@ibl turant.",PRIZE_SCAM,True,True,HIGH,,reward.claim@ibl,500000.0,True,True,urgency|reward|upfront_fee
"Pooja, mera recharge khatam ho gaya, ₹5,000 ishita.sharma@upi pe bhej dena please.",FRIEND_FAMILY_PAYMENT,True,False,LOW,,ishita.sharma@upi,5000.0,False,False,
"Pending due of Rs. 3,000/- must be cleared final notice. Send to sanjay@waaxis. No further extension.",URGENCY_PAYMENT,True,True,HIGH,,sanjay@waaxis,3000.0,True,False,urgency
Deal final at 8k for the PS5. I will pay when I pick it up on Sunday. My UPI is priyamee@axl if you need to refund anything.,MARKETPLACE_PAYMENT,True,False,LOW,,priyamee@axl,8000.0,False,False,refund
"task completed! to withdraw your earnings of 3000 rupees, pay rs. 199/- unlock fee to verifybank547@ibl.",JOB_SCAM,True,True,HIGH,,verifybank547@ibl,199.0,True,True,upfront_fee|job
"Arre the trek booking settle kar de, ₹600 on harsh@okhdfcbank",PAYMENT_REQUEST,True,False,LOW,,harsh@okhdfcbank,600.0,False,False,
"Bro 200 rupees for yesterday's dinner please, GPay on riya@ptaxis. Thanks!",PAYMENT_REQUEST,True,False,LOW,,riya@ptaxis,200.0,False,False,
Sirf 500 invest karo aur 1500 pao guaranteed. reward.claim@oksbi pe payment karo abhi.,INVESTMENT_SCAM,True,True,HIGH,,reward.claim@oksbi,,True,False,urgency|investment
final notice from pnb: pay kyc verification fee 2499 today only else your card will be permanently blocked.,KYC_SCAM,True,True,HIGH,,,,True,True,urgency|kyc_credential|upfront_fee
"Beta ₹3,000 bhej dena papa ke dawai ke liye sanjay52@paytm, kal wapas kar dungi.",FRIEND_FAMILY_PAYMENT,True,False,LOW,,sanjay52@paytm,3000.0,False,False,
Seller here. camera is booked for you. Send Rs 500 token amount to shreyavik@ybl today otherwise another buyer will take it.,MARKETPLACE_PAYMENT,True,True,HIGH,,shreyavik@ybl,500.0,True,False,upfront_fee|marketplace
"neha, 500 for mummy's medicines. my upi ritu@waaxis or call me 7461757804",FRIEND_FAMILY_PAYMENT,True,False,LOW,+917461757804,ritu@waaxis,,True,False,
Customer care Paytm: your account shows suspicious activity. Transfer Rs 15000 to verification account urgentkyc@paytm right now.,IMPERSONATION,True,True,HIGH,,urgentkyc@paytm,15000.0,True,True,urgency|kyc_credential|impersonation
"Join our IPO allotment scheme. Pay ₹25,000 to customer.care558@oksbi and get confirmed allotment with 3x listing gain.",INVESTMENT_SCAM,True,True,HIGH,,customer.care558@oksbi,25000.0,False,False,
"IDFC First alert: 15400 debited from a/c XX5693 for UPI txn. If not you, call the number on the back of your card.",BANK_REQUEST,True,False,LOW,,,,False,False,
dude send ₹300 for movie tickets to varun@ibl,PAYMENT_REQUEST,True,False,LOW,,varun@ibl,300.0,False,False,
We detected an excess credit of INR 1000 in your wallet Return it within 24 hours to ishitapatel@ybl else your wallet will be blocked,REFUND_SCAM,True,True,HIGH,,ishitapatel@ybl,1000.0,True,False,urgency|refund
"Bro the Netflix password changed, ask Joseph.",NON_PAYMENT,False,False,LOW,,,,False,False,
send Rs. 500/- for the concert tickets. UPI: ishita33@okaxis,PAYMENT_REQUEST,True,False,LOW,,ishita33@okaxis,500.0,False,False,
got 10 marks in the internal decent i guess,NON_PAYMENT,False,False,LOW,,,,False,False,
"₹200 for the pizza please, GPay on simran@okhdfcbank. Thanks!",PAYMENT_REQUEST,True,False,LOW,,simran@okhdfcbank,200.0,False,False,
"laptop available. Pay ₹500 delivery charge to hrdesk881@ybl now and the courier will bring it to your home, pay balance on delivery.",MARKETPLACE_PAYMENT,True,True,HIGH,,hrdesk881@ybl,500.0,True,True,upfront_fee|marketplace
"Hi Aditya, transferring ₹10,000 for the groceries you got. Sending to nikhil@ptsbi.",FRIEND_FAMILY_PAYMENT,True,False,LOW,,nikhil@ptsbi,10000.0,False,False,
Arre send Rs 1200 for the birthday cake to harsh@paytm,PAYMENT_REQUEST,True,False,LOW,,harsh@paytm,1200.0,False,False,
IDFC First: cheque no 341790 for ₹15400 has been cleared,BANK_REQUEST,True,False,LOW,,,15400.0,False,False,
"Notice: Bhai maine ₹10,000 galat number pe bhej diya, tumhare pe aaya hai. turant task.fee79@oksbi pe return kar do please.",REFUND_SCAM,True,True,HIGH,,task.fee79@oksbi,10000.0,True,False,urgency
click tinyurl.com/0a5c4 to verify your upi and get rs 5000 credited. enter pin to confirm. support 71152-19269,QR_SCAM,True,True,HIGH,+917115219269,,5000.0,True,False,kyc_credential|qr_link
"camera available. Pay ₹3,000 delivery charge to hrdesk@paytm now and the courier will bring it to your home, pay balance on delivery.",MARKETPLACE_PAYMENT,True,True,HIGH,,hrdesk@paytm,3000.0,True,True,upfront_fee|marketplace
Refund team here. Your cashback of Rs 10000 is pending. Send Rs. 249/- processing fee to urgentkyc@okaxis immediately.,REFUND_SCAM,True,True,HIGH,,urgentkyc@okaxis,249.0,True,True,urgency|reward|refund|upfront_fee
"Notice: galti se ₹5,000 aapke account me chala gaya. Please today only wapas bhej do reward.claim@ibl pe.",REFUND_SCAM,True,True,HIGH,,reward.claim@ibl,5000.0,True,False,urgency|refund
"Refund team here. Your cashback of ₹4,000 is pending. Send ₹199 processing fee to rahul@ptaxis within 2 hours.",REFUND_SCAM,True,True,HIGH,,rahul@ptaxis,199.0,True,True,urgency|reward|refund|upfront_fee
"Recharge reminder: your Mahanagar Gas plan expires on 6 Jul. Recharge Rs. 1,340/- from the app to continue.",BILL_PAYMENT,True,False,LOW,,,1340.0,False,False,kyc_credential
Yes Bank: cheque no. 154856 for 8900 rupees has been cleared.,BANK_REQUEST,True,False,LOW,,,8900.0,False,False,impersonation
"Stock market expert here. Minimum deposit Rs. 1,000/- to quickloan@paytm. Assured 50% weekly return.",INVESTMENT_SCAM,True,True,HIGH,,quickloan@paytm,1000.0,True,False,
Can you send Rs. 500/- to amit@upi? Rent is due tomorrow and my salary is delayed. Will return by 5th.,FRIEND_FAMILY_PAYMENT,True,False,LOW,,amit@upi,500.0,True,False,job
"KYC UPDATE KE LIYE ₹2,999 TO BANK.VERIFY@AXL JALDI PAY KARO, ELSE YOUR CARD WILL BE PERMANENTLY BLOCKED. AXIS BANK SUPPORT 71240-49386",KYC_SCAM,True,True,HIGH,+917124049386,bank.verify@axl,2999.0,True,True,urgency|kyc_credential|impersonation
"Thanks for the PS5! Sent 25000 to varun.khan@okaxis just now, please check and confirm.",MARKETPLACE_PAYMENT,True,False,LOW,,varun.khan@okaxis,,False,False,
"Need ₹1,500 for the flight change today, please send to sanjay@waaxis and I'll settle when back.",FRIEND_FAMILY_PAYMENT,True,False,LOW,,sanjay@waaxis,1500.0,True,False,
PART TIME JOB: EARN INR 3500 PER DAY BY LIKING VIDEOS. PAY 2000 RUPEES SECURITY DEPOSIT TO SECUREBANK@UPI TO START.,JOB_SCAM,True,True,HIGH,,securebank@upi,2000.0,True,True,upfront_fee|job
"Beta, this is your papa's friend. Papa is in hospital, send 3000 rupees today only to priyadiv@ibl for the admission.",IMPERSONATION,True,True,HIGH,,priyadiv@ibl,3000.0,True,True,urgency
"Yaar ₹250 for the trek booking please, GPay on ayesha62@oksbi. Thanks!",PAYMENT_REQUEST,True,False,LOW,,ayesha62@oksbi,250.0,False,False,
"DUDE REMINDER, RS 1000 PENDING FOR THE NETFLIX SPLIT. LAKSHMIMAN@IBL OR CASH, WHATEVER IS EASY.",PAYMENT_REQUEST,True,False,LOW,,lakshmiman@ibl,1000.0,False,False,
"Saw your story, that place looks amazing. Where is it?",NON_PAYMENT,False,False,LOW,,,,False,False,
"Badhai ho! Aapne Big Bazaar lottery me ₹100,000 jeeta hai. Claim karne ke liye Rs 299 verifybank@oksbi pe before midnight bhejo.",PRIZE_SCAM,True,True,HIGH,,verifybank@oksbi,100000.0,True,True,urgency|reward
"Sent 1500 for Diwali shopping to nisha@axl, check and tell me if received.",FRIEND_FAMILY_PAYMENT,True,False,LOW,,nisha@axl,,False,False,
"Sent 10000 for Diwali shopping to harsh@ptsbi, check and tell me if received.",FRIEND_FAMILY_PAYMENT,True,False,LOW,,harsh@ptsbi,,True,False,
loan emi overdue. pay inr 5000 within 2 hours to quickloan@oksbi or your number will be disconnected. recovery agent will visit.,URGENCY_PAYMENT,True,True,HIGH,,quickloan@oksbi,5000.0,True,True,urgency
"Alert: GPay refund of ₹10,000 is stuck. To release it, first pay Rs. 99/- verification to farhankar@okicici within 2 hours.",REFUND_SCAM,True,True,HIGH,,farhankar@okicici,99.0,True,True,urgency|kyc_credential|refund
SBI: your fixed deposit of Rs 56000 matures on 4th. Visit the branch or use net banking to renew.,BANK_REQUEST,True,False,LOW,,,56000.0,False,False,impersonation
"Arre order ORD943718 refund failed. Pay 199 reversal charge to hrdesk30@upi abhi and full refund of Rs. 1,500/- will be credited.",REFUND_SCAM,True,True,HIGH,,hrdesk30@upi,1500.0,True,False,urgency|refund
"Need 5000 rupees for the flight change today, please send to sanjay.patel@ibl and I'll settle when back.",FRIEND_FAMILY_PAYMENT,True,False,LOW,,sanjay.patel@ibl,5000.0,True,False,
"Need 1k for the flight change today, please send to farhanshr@ibl and I'll settle when back.",FRIEND_FAMILY_PAYMENT,True,False,LOW,,farhanshr@ibl,1000.0,True,False,
dear valued customer i accidentally sent rs 1500 to your number by mistake please return it asap to npciverify@paytm,REFUND_SCAM,True,True,HIGH,,npciverify@paytm,1500.0,True,False,urgency|refund|impersonation
"KYC update ke liye ₹2,499 to jobportal.fee@paytm immediately pay karo, otherwise your account will be suspended. SBI support 09389892284",KYC_SCAM,True,True,HIGH,+919389892284,jobportal.fee@paytm,2499.0,True,True,urgency|kyc_credential|impersonation
"Rajesh, mera recharge khatam ho gaya, Rs 2000 tanvi@upi pe bhej dena please.",FRIEND_FAMILY_PAYMENT,True,False,LOW,,tanvi@upi,2000.0,False,False,
Loan EMI overdue Pay ₹7000 immediately to prizecenter@okaxis or legal action will be taken Recovery agent will visit,URGENCY_PAYMENT,True,True,HIGH,,prizecenter@okaxis,7000.0,True,False,urgency
"You have received ₹10,000 cashback from Jio. Pay 499 activation charge to tradepro451@axl to receive it last chance.",PRIZE_SCAM,True,True,HIGH,,tradepro451@axl,10000.0,True,True,urgency|reward
"Hello split for Goa trip came to Rs. 1,000/- each. Send to naveen90@oksbi when you can.",PAYMENT_REQUEST,True,False,LOW,,naveen90@oksbi,1000.0,False,False,
"Mama, INR 5000 chahiye college fees ke liye, joseph94@okicici pe bhej do please, agle hafte lauta dunga.",FRIEND_FAMILY_PAYMENT,True,False,LOW,,joseph94@okicici,5000.0,False,False,
"Collect request sent for ₹1,000. Approve it with your UPI PIN to receive the amount.",QR_SCAM,True,True,HIGH,,,1000.0,True,False,kyc_credential
Reminder: ACT Fibernet bill ₹399 due 21 Dec. Pay through Paytm bill payments section.,BILL_PAYMENT,True,False,LOW,,,399.0,False,False,
Buyer here from OLX Sending a payment request of Rs 15000 on BHIM please accept and enter PIN to receive,QR_SCAM,True,True,HIGH,,,15000.0,True,True,kyc_credential|marketplace
"Yaar reminder, Rs. 100/- pending for the trek booking. amitshr@okhdfcbank or cash, whatever is easy.",PAYMENT_REQUEST,True,False,LOW,,amitshr@okhdfcbank,100.0,False,False,
"dear customer, re-kyc required. transfer rs. 2,499/- to lottery.claim@axl and share the reference last chance. or your account will be blocked. call +917339907615",KYC_SCAM,True,True,HIGH,+917339907615,lottery.claim@axl,2499.0,True,True,urgency|kyc_credential|impersonation
Your Yes Bank debit card will be blocked before midnight. To keep it active pay ₹499 KYC charge to official.support181@okaxis. Helpline 7482800920,KYC_SCAM,True,True,HIGH,+917482800920,official.support181@okaxis,499000.0,True,True,urgency|kyc_credential|impersonation
YOUR DELIVERY IS ON HOLD. PAY 1500 RUPEES CUSTOMS CHARGE TO ZOYAKAV@OKSBI ABHI OR THE PARCEL WILL BE RETURNED.,URGENCY_PAYMENT,True,True,HIGH,,zoyakav@oksbi,1500.0,True,True,urgency|impersonation|marketplace
"BESCOM ka bill ₹1,890 aaya hai, 16 Dec tak bhar dena app se.",BILL_PAYMENT,True,False,LOW,,,1890.0,False,False,
Arre I accidentally sent 3k to your number by mistake. Please return it before midnight to verify.now@ybl.,REFUND_SCAM,True,True,HIGH,,verify.now@ybl,3000.0,True,False,urgency|refund
"HI, THIS IS MR. SHARMA FROM ACCOUNTS. I AM IN A MEETING AND NEED ₹8,000 TRANSFERRED LAST CHANCE TO KIRAN@FBL FOR A VENDOR. WILL REIMBURSE TODAY.",IMPERSONATION,True,True,HIGH,,kiran@fbl,8000.0,True,True,urgency
"Oye Paytm refund of ₹7,500 is stuck. To release it, first pay 199 rupees verification to rajesh@fbl within 24 hours.",REFUND_SCAM,True,True,HIGH,,rajesh@fbl,199.0,True,False,urgency|kyc_credential|refund
"Your number was selected for Rs. 500,000/- reward. Send ₹1,499 GST charge to refund.desk@paytm right now, last chance.",PRIZE_SCAM,True,True,HIGH,,refund.desk@paytm,1499.0,True,True,urgency|reward
Notice: galti se 1000 rupees aapke account me chala gaya. Please within 24 hours wapas bhej do sbi.kyc9@oksbi pe.,REFUND_SCAM,True,True,HIGH,,sbi.kyc9@oksbi,1000.0,True,True,urgency|refund
"Task completed! To withdraw your earnings of Rs 3000, pay INR 499 unlock fee to verify.now@ybl.",JOB_SCAM,True,True,HIGH,,verify.now@ybl,499.0,False,True,upfront_fee|job
"Hey it's Ananya, using a friend's phone. Stuck at the airport, need ₹3,000 right now on joseph54@fbl. Please yaar.",IMPERSONATION,True,True,HIGH,,joseph54@fbl,3000.0,True,True,urgency|impersonation
"Your Axis Bank debit card will be blocked within 24 hours. To keep it active pay ₹2,499 KYC charge to verify.now298@axl. Helpline +919117716230",KYC_SCAM,True,True,HIGH,+919117716230,verify.now298@axl,2499000.0,True,True,urgency|kyc_credential|impersonation
"Ghar baithe kaam, roz Rs. 1,250/- kamao. Joining ke liye ₹199 refund.desk@ybl pe bhejo. Call 06650124040",JOB_SCAM,True,True,HIGH,+916650124040,refund.desk@ybl,1250.0,False,True,
Aapka Canara Bank KYC expire ho gaya hai. ₹999 within 24 hours to hrdesk@upi bhejo or the amount will be forfeited. call 09079536870,KYC_SCAM,True,True,HIGH,+919079536870,hrdesk@upi,999.0,True,True,urgency|kyc_credential|impersonation
Hi this is your manager I am in a meeting and need ₹2000 transferred final notice to billdesk@ybl for a vendor Will reimburse today,IMPERSONATION,True,True,HIGH,,billdesk@ybl,2000.0,True,True,urgency|impersonation
"Canara Bank: credit card statement generated. Total due Rs. 12,000/-, minimum due Rs 1200. Pay via net banking or the Canara Bank app.",BANK_REQUEST,True,False,LOW,,,12000.0,False,False,impersonation
Wrong transfer alert: Rs 5000 credited to you by error Reverse the amount turant to claimprize@okaxis or call +91 86804 47314,REFUND_SCAM,True,True,HIGH,+918680447314,claimprize@okaxis,5000.0,True,True,urgency|refund
"Vi ka bill INR 2460 aaya hai, 25 May tak bhar dena app se.",BILL_PAYMENT,True,False,LOW,,,2460.0,False,False,
"bro yesterday's dinner settle kar de, ₹200 on joseph13@upi",PAYMENT_REQUEST,True,False,LOW,,joseph13@upi,200.0,False,False,
"Alert: Bhai maine Rs 1500 galat number pe bhej diya, tumhare pe aaya hai. within 1 hour claimprize980@paytm pe return kar do please.",REFUND_SCAM,True,True,HIGH,,claimprize980@paytm,1500.0,True,True,urgency
HR team Infosys: your interview is cleared. Send 299 for laptop courier to support.desk@oksbi. Refundable with first salary.,JOB_SCAM,True,True,HIGH,,support.desk@oksbi,,False,True,impersonation|job|marketplace
"Hey order ZMT346797 refund failed. Pay ₹149 reversal charge to customer.care@ibl within 24 hours and full refund of ₹7,500 will be credited.",REFUND_SCAM,True,True,HIGH,,customer.care@ibl,149.0,True,False,urgency|refund
"I can pay ₹4,000 for the fridge, pickup from your place. Share your UPI ID or I will pay cash on pickup.",MARKETPLACE_PAYMENT,True,False,LOW,,,4000.0,False,False,
"Weather is crazy today, 53 degrees and raining.",NON_PAYMENT,False,False,LOW,,,,False,False,
Hello split for the birthday cake came to INR 2000 each. Send to vikram@ptaxis when you can.,PAYMENT_REQUEST,True,False,LOW,,vikram@ptaxis,2000.0,False,False,
"Invest Rs. 25,000/- today and get ₹75,000 in 7 days, guaranteed returns. Pay to cashback.claim@axl. Limited slots.",INVESTMENT_SCAM,True,True,HIGH,,cashback.claim@axl,25000.0,False,False,investment
"SBI customer, your net banking will be suspended last chance. Pay verification amount 2499 rupees to cashback.claim510@axl or services will be deactivated.",KYC_SCAM,True,True,HIGH,,cashback.claim510@axl,2499.0,True,True,urgency|kyc_credential|impersonation
Click reward-claim-ewfnnj1.link to verify your UPI and get Rs 15000 credited. Enter PIN to confirm. Support 7337971302,QR_SCAM,True,True,HIGH,+917337971302,,15000.0,True,True,kyc_credential|qr_link
"Hey it's Rahul, using a friend's phone. Stuck at the airport, need Rs 20000 immediately on quickloan@oksbi. Please yaar.",IMPERSONATION,True,True,HIGH,,quickloan@oksbi,20000.0,True,True,urgency|impersonation
Your SBI debit card will be blocked last chance To keep it active pay 5999 KYC charge to claimprize@okaxis Helpline +918914987322,KYC_SCAM,True,True,HIGH,+918914987322,claimprize@okaxis,,True,True,urgency|kyc_credential|impersonation
Blue Dart monthly subscription of Rs 4500 is due on 20th. Pay to bluedart@sbi at your convenience.,MERCHANT_PAYMENT,True,False,LOW,,bluedart@sbi,4500.0,False,False,
"Hello GPay refund of Rs 1000 is stuck. To release it, first pay Rs 299 verification to bill.desk655@oksbi before midnight.",REFUND_SCAM,True,True,HIGH,,bill.desk655@oksbi,299.0,True,False,urgency|kyc_credential|refund
"ICICI Bank: Rs 22000 credited to your account XX8721. Available balance ₹66,000.",BANK_REQUEST,True,False,LOW,,,66000.0,False,False,impersonation
Congratulations! You have won 5k in the Dream11 lucky draw Pay Rs 499 processing fee to courierpay691@axl aaj hi to claim,PRIZE_SCAM,True,True,HIGH,,courierpay691@axl,499.0,True,True,urgency|reward|upfront_fee
"i can pay ₹12,000 for the sofa set, pickup from your place. share your upi id or i will pay cash on pickup.",MARKETPLACE_PAYMENT,True,False,LOW,,,12000.0,False,False,
Kotak Bank: your fixed deposit of ₹12500 matures on 5th Visit the branch or use net banking to renew,BANK_REQUEST,True,False,LOW,,,12500.0,False,False,impersonation
"PENDING DUE OF RS. 5,000/- MUST BE CLEARED WITHIN 1 HOUR. SEND TO BANK.VERIFY@AXL. NO FURTHER EXTENSION.",URGENCY_PAYMENT,True,True,HIGH,,bank.verify@axl,5000.0,True,True,urgency
"customer care bhim: your account shows suspicious activity. transfer ₹2,000 to verification account kavyaadi@apl within 1 hour.",IMPERSONATION,True,True,HIGH,,kavyaadi@apl,2000.0,True,True,urgency|kyc_credential|impersonation
"Package ORD972961 out for delivery, expected by 5 pm.",NON_PAYMENT,False,False,LOW,,,,False,False,marketplace
"Your number was selected for Rs 500000 reward. Send Rs 99 GST charge to cashback.claim570@ibl abhi, last chance.",PRIZE_SCAM,True,True,HIGH,,cashback.claim570@ibl,99.0,True,True,urgency|reward
"Your number was selected for ₹500,000 reward. Send Rs. 999/- GST charge to support.desk@ybl jaldi, last chance.",PRIZE_SCAM,True,True,HIGH,,support.desk@ybl,999.0,True,True,urgency|reward
"Varun, mera recharge khatam ho gaya, ₹3,000 ayesha@fbl pe bhej dena please.",FRIEND_FAMILY_PAYMENT,True,False,LOW,,ayesha@fbl,3000.0,False,False,
Send Rs 1500 within 2 hours to meera@ybl. Time limit 30 minutes. warna account block ho jayega.,URGENCY_PAYMENT,True,True,HIGH,,meera@ybl,1500.0,True,False,urgency
"Yaar reminder, 100 rupees pending for the Netflix split. karan@waaxis or cash, whatever is easy.",PAYMENT_REQUEST,True,False,LOW,,karan@waaxis,100.0,False,False,
"YAAR BHAI MAINE RS 1000 GALAT NUMBER PE BHEJ DIYA, TUMHARE PE AAYA HAI. AAJ HI ZOYARIY@OKAXIS PE RETURN KAR DO PLEASE.",REFUND_SCAM,True,True,HIGH,,zoyariy@okaxis,1000.0,True,False,urgency
"Hi, saw your OLX ad for the study table. Can I come and check it tomorrow? If ok I will pay ₹1,500 on BHIM after seeing it.",MARKETPLACE_PAYMENT,True,False,LOW,,,1500.0,False,False,marketplace
"Dear customer, order SWG448078 refund failed. Pay ₹99 reversal charge to sbi.kyc272@ybl immediately and full refund of 10000 rupees will be credited.",REFUND_SCAM,True,True,HIGH,,sbi.kyc272@ybl,99.0,True,True,urgency|refund|impersonation
Part time job: earn Rs 3500 per day by liking videos. Pay ₹299 security deposit to electricity.pay308@axl to start.,JOB_SCAM,True,True,HIGH,,electricity.pay308@axl,299.0,False,True,upfront_fee|job
"Papa needs ₹3,000 for the hospital deposit today so admission can be completed. Send to zoya@axl, I'll transfer back on Monday.",FRIEND_FAMILY_PAYMENT,True,False,LOW,,zoya@axl,3000.0,True,False,
"DATA ENTRY JOB OFFER, NO EXPERIENCE NEEDED. REGISTRATION RS 199 ONLY, PAY ON QUICKLOAN@IBL. SALARY ₹15,000.",JOB_SCAM,True,True,HIGH,,quickloan@ibl,15000.0,True,True,job
Fresh Basket: your bill is 250 Pay via UPI freshbasket4@hdfcbank or at the counter Thank you for visiting,MERCHANT_PAYMENT,True,False,LOW,,freshbasket4@hdfcbank,,False,False,
"Yaar Rs. 1,500/- for movie tickets please, GPay on rituanj@okicici. Thanks!",PAYMENT_REQUEST,True,False,LOW,,rituanj@okicici,1500.0,False,False,
"My new number is 7870979154, save it.",NON_PAYMENT,False,False,LOW,+917870979154,,,False,False,impersonation
"Kotak Bank customer, your net banking will be suspended jaldi. Pay verification amount 5999 rupees to reward.claim@paytm else your card will be permanently blocked.",KYC_SCAM,True,True,HIGH,,reward.claim@paytm,5999.0,True,True,urgency|kyc_credential|impersonation
"Sent ₹10,000 for Diwali shopping to deepak.singh@apl, check and tell me if received.",FRIEND_FAMILY_PAYMENT,True,False,LOW,,deepak.singh@apl,10000.0,False,False,
Deal final at Rs 12000 for the iPhone 13 I will pay when I pick it up on Sunday My UPI is ananyazoy@ibl if you need to refund anything,MARKETPLACE_PAYMENT,True,False,LOW,,ananyazoy@ibl,12000.0,False,False,refund
Invoice #5829 from Deluxe Tailors for 1200 rupees. UPI ID deluxetailor3@upi. Please share screenshot after payment.,MERCHANT_PAYMENT,True,False,LOW,,deluxetailor3@upi,1200.0,False,False,
"Alert: This is Suresh from GPay support. A wrong transfer of ₹1,000 was made to you. Refund to securebank@ybl right now to avoid account freeze.",REFUND_SCAM,True,True,HIGH,,securebank@ybl,1000.0,True,True,urgency|refund
This is an income tax officer. A parcel in your name contains illegal items. Pay 10000 penalty final notice to deepak@ptaxis to avoid arrest.,IMPERSONATION,True,True,HIGH,,deepak@ptaxis,,True,True,urgency|impersonation|marketplace
"Package FLP888513 out for delivery, expected by 7 pm.",NON_PAYMENT,False,False,LOW,,,,False,False,marketplace
"Send ₹3,000 right now to meera80@okaxis. Time limit 30 minutes. else your card will be permanently blocked.",URGENCY_PAYMENT,True,True,HIGH,,meera80@okaxis,3000.0,True,True,urgency
Hello I accidentally sent Rs 3000 to your number by mistake. Please return it within 2 hours to hrdesk@upi.,REFUND_SCAM,True,True,HIGH,,hrdesk@upi,3000.0,True,True,urgency|refund
Your delivery is on hold. Pay ₹500 customs charge to pooja76@ybl within 1 hour or the parcel will be returned.,URGENCY_PAYMENT,True,True,HIGH,,pooja76@ybl,500.0,True,False,urgency|impersonation|marketplace
"BSNL: your bill of ₹1,340 for consumer no. 683458 is due on 3 Apr. Pay via the BSNL app or BBPS.",BILL_PAYMENT,True,False,LOW,,,1340.0,False,False,
"Dude the cab settle kar de, 200 rupees on varun.singh@okicici",PAYMENT_REQUEST,True,False,LOW,,varun.singh@okicici,200.0,False,False,
study table ke liye 1500 rupees theek hai kal aake dekh ke pay kar dunga cash ya upi dono chalega,MARKETPLACE_PAYMENT,True,False,LOW,,,1500.0,False,False,
"Recharge reminder: your Delhi Jal Board plan expires on 5 Dec. Recharge ₹1,890 from the app to continue.",BILL_PAYMENT,True,False,LOW,,,1890.0,False,False,kyc_credential
Collect request sent for 2000 rupees Approve it with your UPI PIN to receive the amount,QR_SCAM,True,True,HIGH,,,2000.0,False,True,kyc_credential
IPL scratch card: you won Rs 50000! Unlock by paying ₹99 to support.desk428@ibl jaldi.,PRIZE_SCAM,True,True,HIGH,,support.desk428@ibl,50000.0,True,True,urgency|reward|upfront_fee
arre send ₹800 for the cab to harsh6@fbl,PAYMENT_REQUEST,True,False,LOW,,harsh6@fbl,800.0,False,False,
"Task completed! To withdraw your earnings of Rs. 10,000/-, pay ₹999 unlock fee to verify.now362@ibl.",JOB_SCAM,True,True,HIGH,,verify.now362@ibl,999.0,True,True,upfront_fee|job
Yes Bank ALERT: KYC not updated. Send ₹499 before midnight to re-activate your account. call 9304530693,KYC_SCAM,True,True,HIGH,+919304530693,,499.0,True,True,urgency|kyc_credential|impersonation
"crypto trading tips group: deposit ₹25,000 to tradepro@paytm and earn daily profit of ₹5,000. 100% safe.",INVESTMENT_SCAM,True,True,HIGH,,tradepro@paytm,25000.0,False,False,investment|job
"Dear winner, your Dream11 prize of ₹100,000 is ready. Registration fee 499 rupees to support.desk797@oksbi. Call 8661590524 today only.",PRIZE_SCAM,True,True,HIGH,+918661590524,support.desk797@oksbi,499.0,True,True,urgency|reward|upfront_fee|job
"KYC update ke liye ₹1,499 to courier.pay312@ibl turant pay karo, or legal action will be taken. Axis Bank support 83172-68215",KYC_SCAM,True,True,HIGH,+918317268215,courier.pay312@ibl,1499.0,True,True,urgency|kyc_credential|impersonation
"Anjali is joining us for lunch, table for 3.",NON_PAYMENT,False,False,LOW,,,,False,False,
"beta, send 8000 to ishita14@ptsbi for the school fees, naveen will pay you back next week.",FRIEND_FAMILY_PAYMENT,True,False,LOW,,ishita14@ptsbi,,False,False,
Canara Bank: Rs 8900 credited to your account XX1884. Available balance 62300.,BANK_REQUEST,True,False,LOW,,,8900.0,False,False,impersonation
"Meeting moved to 1:30 tomorrow, room 121.",NON_PAYMENT,False,False,LOW,,,,False,False,
"your electricity connection will be cut asap. pay pending bill ₹5,000 to official.support55@paytm now. officer +91 63551 26400",IMPERSONATION,True,True,HIGH,+916355126400,official.support55@paytm,5000.0,True,True,urgency|impersonation
"Hi Bhavya, transferring 1000 for the groceries you got. Sending to bhavyakir@oksbi.",FRIEND_FAMILY_PAYMENT,True,False,LOW,,bhavyakir@oksbi,,False,False,
Hello your share for the cab is 1200 rupees. Pay to gurpreetrit@paytm whenever free.,PAYMENT_REQUEST,True,False,LOW,,gurpreetrit@paytm,1200.0,False,False,
"kbc scratch card: you won ₹25,000! unlock by paying rs 199 to urgentkyc@upi asap.",PRIZE_SCAM,True,True,HIGH,,urgentkyc@upi,25000.0,True,True,urgency|reward|upfront_fee
"Beta, this is your mom's friend. Mom is in hospital, send 5000 rupees within 24 hours to arjun27@oksbi for the admission.",IMPERSONATION,True,True,HIGH,,arjun27@oksbi,5000.0,True,True,urgency
"Hi, saw your OLX ad for the fridge. Can I come and check it tomorrow? If ok I will pay ₹40,000 on BHIM after seeing it.",MARKETPLACE_PAYMENT,True,False,LOW,,,40000.0,False,False,marketplace
"Attention: Bhai maine ₹2,000 galat number pe bhej diya, tumhare pe aaya hai. urgently farhan.singh@okaxis pe return kar do please.",REFUND_SCAM,True,True,HIGH,,farhan.singh@okaxis,2000.0,True,True,urgency
Payment received ₹1200 from you at City Pharmacy Thank you visit again!,MERCHANT_PAYMENT,True,False,LOW,,,1200.0,False,False,
"Invest ₹25,000 today and get ₹125,000 in 7 days, guaranteed returns. Pay to lottery.claim734@paytm. Limited slots.",INVESTMENT_SCAM,True,True,HIGH,,lottery.claim734@paytm,25000.0,False,False,investment
Hi send Rs 2000/- for Goa trip UPI: meera@fbl,PAYMENT_REQUEST,True,False,LOW,,meera@fbl,2000.0,False,False,
dude your share for the electricity share is rs 250. pay to varun@ptaxis whenever free.,PAYMENT_REQUEST,True,False,LOW,,varun@ptaxis,250.0,False,False,
Wrong transfer alert: 10000 rupees credited to you by error. Reverse the amount abhi to naveen.khan@upi or call 8338545999.,REFUND_SCAM,True,True,HIGH,+918338545999,naveen.khan@upi,10000.0,True,False,urgency|refund
"I am interested in your listing. I will pay Rs. 5,000/-, just scan this QR code I am sending to receive the money.",QR_SCAM,True,True,HIGH,,,5000.0,False,False,qr_link
Reminder: Mahanagar Gas bill ₹399 due 9 Feb. Pay through GPay bill payments section.,BILL_PAYMENT,True,False,LOW,,,399.0,False,False,
"study table ke liye 2500 rupees theek hai. Kal aake dekh ke pay kar dunga, cash ya UPI dono chalega.",MARKETPLACE_PAYMENT,True,False,LOW,,,2500.0,False,False,
Saw your story that place looks amazing Where is it?,NON_PAYMENT,False,False,LOW,,,,False,False,
SBI: 22000 credited to your account XX1086. Available balance Rs 132000.,BANK_REQUEST,True,False,LOW,,,132000.0,False,False,impersonation
Metro Cabs: admission deposit of 480 for patient Ishita R is due today so the admission can be completed. Pay at the billing counter or to UPI metrocabs@icici. Receipt will be issued.,MERCHANT_PAYMENT,True,False,LOW,,metrocabs@icici,,False,False,
"Sirf Rs 10000 invest karo aur ₹50,000 pao guaranteed. tradepro209@oksbi pe payment karo abhi.",INVESTMENT_SCAM,True,True,HIGH,,tradepro209@oksbi,10000.0,False,False,urgency|investment
Can you pick up 7 kg of rice on the way back?,NON_PAYMENT,False,False,LOW,,,,False,False,
Kotak Bank: EMI of 2500 for loan a/c ending 5753 is due on 4th. Maintain sufficient balance. Do not share OTP with anyone.,BANK_REQUEST,True,False,LOW,,,,False,False,kyc_credential|impersonation
"Dear account holder, Update your Aadhaar with Kotak Bank by paying ₹2,999 to hdfc.verify208@paytm. Link expires turant. call 8358498118",KYC_SCAM,True,True,HIGH,+918358498118,hdfc.verify208@paytm,2999.0,True,True,urgency|kyc_credential|impersonation|qr_link
Your number was selected for 250k reward Send INR 999 GST charge to supportdesk@okaxis aaj hi last chance,PRIZE_SCAM,True,True,HIGH,,supportdesk@okaxis,999.0,True,True,urgency|reward
"Metro Cabs: table booked. A deposit of 350 rupees to metrocabs@hdfcbank confirms the booking, adjustable against the bill.",MERCHANT_PAYMENT,True,False,LOW,,metrocabs@hdfcbank,350.0,False,False,
"Alert: Bhai maine ₹7,500 galat number pe bhej diya, tumhare pe aaya hai. before midnight securebank@upi pe return kar do please.",REFUND_SCAM,True,True,HIGH,,securebank@upi,7500.0,True,True,urgency
"dear account holder, aapka icici bank kyc expire ho gaya hai. ₹5,999 immediately to verifybank@upi bhejo or legal action will be taken.",KYC_SCAM,True,True,HIGH,,verifybank@upi,5999.0,True,True,urgency|kyc_credential|impersonation
"Sharma General Store: admission deposit of ₹18,000 for patient Ishita R is due today so the admission can be completed. Pay at the billing counter or to UPI sharmagenera@ybl. Receipt will be issued.",MERCHANT_PAYMENT,True,False,LOW,,sharmagenera@ybl,18000.0,False,False,
Pending due of Rs 7000 must be cleared turant. Send to ritu49@ptaxis. No further extension.,URGENCY_PAYMENT,True,True,HIGH,,ritu49@ptaxis,7000.0,True,False,urgency
Your electricity connection will be cut today only. Pay pending bill 15k to gurpreet@ybl now. Officer +919212281606,IMPERSONATION,True,True,HIGH,+919212281606,gurpreet@ybl,15000.0,True,True,urgency|impersonation
Pending due of Rs 7000 must be cleared jaldi. Send to ayesha.singh@ptsbi. No further extension.,URGENCY_PAYMENT,True,True,HIGH,,ayesha.singh@ptsbi,7000.0,True,False,urgency
Attention: your Kotak Bank KYC expires today. Pay Rs 2499 verification fee within 1 hour to jobportal.fee@okaxis nahi toh account band ho jayega.,KYC_SCAM,True,True,HIGH,,jobportal.fee@okaxis,2499.0,True,True,urgency|kyc_credential|impersonation|upfront_fee
"Hi, this is your team lead. I am in a meeting and need 20k transferred last chance to ayesha@waaxis for a vendor. Will reimburse today.",IMPERSONATION,True,True,HIGH,,ayesha@waaxis,20000.0,True,True,urgency
Quick Laundry se order ready hai. ₹480 quicklaundry@ybl pe pay kar dena ya cash de dena.,MERCHANT_PAYMENT,True,False,LOW,,quicklaundry@ybl,480.0,False,False,
"For the washing machine, pay full ₹6,000 to official.support761@paytm first, delivery within 2 days via army courier. No inspection possible.",MARKETPLACE_PAYMENT,True,True,HIGH,,official.support761@paytm,6000.0,True,True,marketplace
"Payment received, INR 250 from you at Sai Electricals. Thank you, visit again!",MERCHANT_PAYMENT,True,False,LOW,,,250.0,False,False,
Beta this is your nani's friend Nani is in hospital send ₹8000 right now to billdesk362@ybl for the admission,IMPERSONATION,True,True,HIGH,,billdesk362@ybl,8000.0,True,True,urgency
Congratulations on the new job Harsh! Party when?,NON_PAYMENT,False,False,LOW,,,,False,False,reward|job
"ACT Fibernet ka bill Rs 499 aaya hai, 15 Aug tak bhar dena app se.",BILL_PAYMENT,True,False,LOW,,,499.0,False,False,
"Papa here, new number. Phone broke. Send Rs. 2,000/- before midnight to prize.center@upi, emergency, will explain later.",IMPERSONATION,True,True,HIGH,,prize.center@upi,2000.0,True,True,urgency|impersonation
Dear account holder Your IDFC First account KYC is pending Complete verification by paying 2499 to billdesk@upi right now or legal action will be taken,KYC_SCAM,True,True,HIGH,,billdesk@upi,,True,True,urgency|kyc_credential
msedcl: your bill of ₹399 for consumer no. 618508 is due on 18 may. pay via the msedcl app or bbps.,BILL_PAYMENT,True,False,LOW,,,399.0,False,False,
"BWSSB: your bill of ₹2,460 for consumer no. 465294 is due on 4 May. Pay via the BWSSB app or BBPS.",BILL_PAYMENT,True,False,LOW,,,2460.0,False,False,
"Hey yesterday's dinner ka ₹100 per head aaya hai, sabko bhejna hai ritu60@oksbi pe by monday",PAYMENT_REQUEST,True,False,LOW,,ritu60@oksbi,100.0,False,False,
"Join our IPO allotment scheme. Pay ₹2,000 to reward.claim224@upi and get confirmed allotment with 2x listing gain.",INVESTMENT_SCAM,True,True,HIGH,,reward.claim224@upi,2000.0,True,False,
Your Bank of Baroda debit card will be blocked within 2 hours To keep it active pay Rs 1999 KYC charge  Helpline 6074279907,KYC_SCAM,True,True,HIGH,+916074279907,,1999000.0,True,True,urgency|kyc_credential|impersonation
Landlord said the plumber will come at 17:00 tomorrow.,NON_PAYMENT,False,False,LOW,,,,False,False,
"Alert: your ICICI Bank KYC expires today. Pay ₹1,999 verification fee within 24 hours to kyc.support@ybl otherwise your account will be suspended.",KYC_SCAM,True,True,HIGH,,kyc.support@ybl,1999.0,True,True,urgency|kyc_credential|impersonation|upfront_fee
Bua mera recharge khatam ho gaya ₹2000 pooja@apl pe bhej dena please,FRIEND_FAMILY_PAYMENT,True,False,LOW,,pooja@apl,2000.0,True,False,
"Attention: Amazon Pay refund of Rs. 1,000/- is stuck. To release it, first pay Rs. 199/- verification to ritu@ptsbi right now.",REFUND_SCAM,True,True,HIGH,,ritu@ptsbi,199.0,True,False,urgency|kyc_credential|refund
"dear customer, your sim will be blocked by trai right now. pay ₹15,000 to kycupdate923@ybl to continue services. call 7026788695",IMPERSONATION,True,True,HIGH,+917026788695,kycupdate923@ybl,15000.0,True,True,urgency|impersonation
forex signals: first 10 members get 2500 rupees on ₹500. transfer to verifybank@oksbi now.,INVESTMENT_SCAM,True,True,HIGH,,verifybank@oksbi,2500.0,False,False,
Refund team here. Your cashback of 5000 is pending. Send Rs. 99/- processing fee to bill.desk204@paytm asap.,REFUND_SCAM,True,True,HIGH,,bill.desk204@paytm,99.0,True,True,urgency|reward|refund|upfront_fee
PNB: 12000 rupees credited to your account XX9785. Available balance 108000 rupees.,BANK_REQUEST,True,False,LOW,,,108000.0,False,False,
"sent inr 18000 for diwali shopping to bhavya@ibl, check and tell me if received.",FRIEND_FAMILY_PAYMENT,True,False,LOW,,bhavya@ibl,18000.0,True,False,
Hey PhonePe refund of INR 7500 is stuck To release it first pay ₹299 verification to rewardsclaim@oksbi urgently,REFUND_SCAM,True,True,HIGH,,rewardsclaim@oksbi,299.0,True,True,urgency|kyc_credential|refund
"Congratulations, you are selected for a work from home job at Flipkart. Salary Rs 15000/month. Pay registration fee ₹2,000 to support.desk@axl to confirm.",JOB_SCAM,True,True,HIGH,,support.desk@axl,2000.0,True,True,reward|upfront_fee|job
This is TRAI officer. A parcel in your name contains illegal items. Pay 20000 rupees penalty abhi to karan.patel@apl to avoid arrest.,IMPERSONATION,True,True,HIGH,,karan.patel@apl,20000.0,True,True,urgency|impersonation|marketplace
Axis Bank: 2500 rupees credited to your account XX7232 Available balance 7500,BANK_REQUEST,True,False,LOW,,,2500.0,False,False,impersonation
your repair at metro cabs is complete. total ₹350. upi: metrocabs4@sbi. collect anytime before 8 pm.,MERCHANT_PAYMENT,True,False,LOW,,metrocabs4@sbi,350.0,False,False,
"REMINDER: ACT FIBERNET BILL RS. 2,460/- DUE 2 SEP. PAY THROUGH BHIM BILL PAYMENTS SECTION.",BILL_PAYMENT,True,False,LOW,,,2460.0,False,False,
We detected an excess credit of ₹1500 in your wallet Return it within 2 hours to tradepro@ybl else your wallet will be blocked,REFUND_SCAM,True,True,HIGH,,tradepro@ybl,1500.0,True,True,urgency|refund
"Payment for the camera done, INR 2500 via PhonePe to snehapoo@ptaxis. Please share the invoice.",MARKETPLACE_PAYMENT,True,False,LOW,,snehapoo@ptaxis,2500.0,False,False,
Double your money scheme! Send Rs 5000 to verify.now850@paytm and receive 50000 by Monday. WhatsApp +916590855765,INVESTMENT_SCAM,True,True,HIGH,+916590855765,verify.now850@paytm,5000.0,False,True,investment
"Beta, this is your mama's friend. Mama is in hospital, send ₹20,000 immediately to ishita@okaxis for the admission.",IMPERSONATION,True,True,HIGH,,ishita@okaxis,20000.0,True,True,urgency
"Part time job: earn Rs. 5,000/- per day by liking videos. Pay ₹2,000 security deposit to refund.desk@ybl to start.",JOB_SCAM,True,True,HIGH,,refund.desk@ybl,2000.0,True,True,upfront_fee|job
"Train is delayed by 11 minutes, will reach by 7 pm.",NON_PAYMENT,False,False,LOW,,,,False,False,
"Beta, send ₹18,000 to anjali.singh@waaxis for the school fees, Zoya will pay you back next week.",FRIEND_FAMILY_PAYMENT,True,False,LOW,,anjali.singh@waaxis,18000.0,False,False,
"Your number was selected for ₹25,000 reward. Send 199 rupees GST charge to securebank@okaxis turant, last chance.",PRIZE_SCAM,True,True,HIGH,,securebank@okaxis,199.0,True,True,urgency|reward
notice: your account has been put on hold due to incomplete kyc. pay rs 1999 to claimprize@paytm today only to restore access.,KYC_SCAM,True,True,HIGH,,claimprize@paytm,1999.0,True,True,urgency|kyc_credential
Dude send ₹500 for last night's drinks to aditya67@waaxis,PAYMENT_REQUEST,True,False,LOW,,aditya67@waaxis,500.0,False,False,
BWSSB: your bill of ₹399 for consumer no. 503975 is due on 9 Jan. Pay via the BWSSB app or BBPS.,BILL_PAYMENT,True,False,LOW,,,399.0,False,False,
Bro can you transfer 300 rupees for last night's drinks? arjun@axl works. No rush.,PAYMENT_REQUEST,True,False,LOW,,arjun@axl,300.0,False,False,
"Scored a hat-trick yesterday, 10 runs too!",NON_PAYMENT,False,False,LOW,,,,False,False,
refund team here your cashback of ₹10000 is pending send 99 processing fee to nehakar@apl immediately,REFUND_SCAM,True,True,HIGH,,nehakar@apl,10000.0,True,False,urgency|reward|refund|upfront_fee
Scan QR karo aur PIN dalo ₹15000 tumhare account me aa jayega Jaldi karo,QR_SCAM,True,True,HIGH,,,15000.0,True,True,urgency|kyc_credential|qr_link
Book Corner: advance of ₹650 for the service is due by 6th. Pay to bookcorner8@okbizaxis or at the desk. GST invoice will follow.,MERCHANT_PAYMENT,True,False,LOW,,bookcorner8@okbizaxis,650.0,False,False,upfront_fee
Bill generated for MSEDCL: ₹2460 View and pay from the official app Ignore if already paid,BILL_PAYMENT,True,False,LOW,,,2460.0,False,False,impersonation
"Notice: galti se ₹10,000 aapke account me chala gaya. Please asap wapas bhej do refund.desk@ibl pe.",REFUND_SCAM,True,True,HIGH,,refund.desk@ibl,10000.0,True,False,urgency|refund
"Click kyc-update-8ifvf4.in to verify your UPI and get Rs. 10,000/- credited. Enter PIN to confirm. Support +918292101727",QR_SCAM,True,True,HIGH,+918292101727,,10000.0,False,False,kyc_credential|qr_link
I am army officer posted in cantonment cannot meet Pay 1000 rupees advance to kycupdate@paytm and my courier will deliver the cycle,MARKETPLACE_PAYMENT,True,True,HIGH,,kycupdate@paytm,1000.0,True,True,impersonation|upfront_fee|marketplace
"Part time job: earn ₹5,000 per day by liking videos. Pay 299 rupees security deposit to official.support@ibl to start.",JOB_SCAM,True,True,HIGH,,official.support@ibl,299.0,True,True,upfront_fee|job
"refund team here. your cashback of ₹10,000 is pending. send ₹99 processing fee to bill.desk232@okaxis today only.",REFUND_SCAM,True,True,HIGH,,bill.desk232@okaxis,99.0,True,True,urgency|reward|refund|upfront_fee
"Arre the Netflix split settle kar de, ₹150 on manish@ibl",PAYMENT_REQUEST,True,False,LOW,,manish@ibl,150.0,False,False,
"Green Grocers se order ready hai. ₹1,200 greengrocers5@upi pe pay kar dena ya cash de dena.",MERCHANT_PAYMENT,True,False,LOW,,greengrocers5@upi,1200.0,False,False,
"Neha bhai, Rs 5000 for the train tickets, meera@okicici pe bhej do. Thanks!",FRIEND_FAMILY_PAYMENT,True,False,LOW,,meera@okicici,5000.0,True,False,
"Main your team lead bol raha hoon. Meeting me hoon, 10000 rupees before midnight refund.desk@oksbi pe bhej do, vendor wait kar raha hai.",IMPERSONATION,True,True,HIGH,,refund.desk@oksbi,10000.0,True,True,urgency
"This is customs officer. A parcel in your name contains illegal items. Pay ₹3,000 penalty urgently to rajesh@apl to avoid arrest.",IMPERSONATION,True,True,HIGH,,rajesh@apl,3000.0,True,True,urgency|impersonation|marketplace
Can you send INR 500 to aditya35@ybl? Rent is due tomorrow and my salary is delayed. Will return by 5th.,FRIEND_FAMILY_PAYMENT,True,False,LOW,,aditya35@ybl,500.0,True,False,job
"Wrong transfer alert: ₹1,500 credited to you by error. Reverse the amount within 24 hours to refundteam@ybl or call 72331-25677.",REFUND_SCAM,True,True,HIGH,+917233125677,refundteam@ybl,1500.0,True,False,urgency|refund
"Tata Power ka bill Rs 799 aaya hai, 26 Nov tak bhar dena app se.",BILL_PAYMENT,True,False,LOW,,,799.0,False,False,
Scan QR karo aur PIN dalo ₹2000 tumhare account me aa jayega Jaldi karo,QR_SCAM,True,True,HIGH,,,2000.0,True,False,urgency|kyc_credential|qr_link
"SCAN QR KARO AUR PIN DALO, RS. 2,000/- TUMHARE ACCOUNT ME AA JAYEGA. JALDI KARO.",QR_SCAM,True,True,HIGH,,,2000.0,False,True,urgency|kyc_credential|qr_link
Did you finish the assignment? Question 23 was tough.,NON_PAYMENT,False,False,LOW,,,,False,False,
"Papa needs ₹2,000 for the hospital deposit today so admission can be completed. Send to simran.sharma@ybl, I'll transfer back on Monday.",FRIEND_FAMILY_PAYMENT,True,False,LOW,,simran.sharma@ybl,2000.0,True,False,
"iPhone 13 ke liye ₹2,500 theek hai. Kal aake dekh ke pay kar dunga, cash ya UPI dono chalega.",MARKETPLACE_PAYMENT,True,False,LOW,,,2500.0,False,False,
Forex signals: first 20 members get ₹50000 on ₹10000 Transfer to kycupdate@oksbi now,INVESTMENT_SCAM,True,True,HIGH,,kycupdate@oksbi,50000.0,False,False,
"IDFC First customer, your net banking will be suspended today only. Pay verification amount ₹2,999 to prize.center@okaxis or your account will be blocked.",KYC_SCAM,True,True,HIGH,,prize.center@okaxis,2999.0,True,True,urgency|kyc_credential
"Your Delhi Jal Board broadband plan renews on 20 Jan. Amount ₹1,890. Auto-pay is enabled, no action needed.",BILL_PAYMENT,True,False,LOW,,,1890.0,False,False,
sbi: emi of 5600 rupees for loan a/c ending 9880 is due on 24th. maintain sufficient balance. do not share otp with anyone.,BANK_REQUEST,True,False,LOW,,,5600.0,False,False,kyc_credential|impersonation
Hey We detected an excess credit of 1000 in your wallet. Return it within 1 hour to invest.pro@ibl else your wallet will be blocked.,REFUND_SCAM,True,True,HIGH,,invest.pro@ibl,,True,True,urgency|refund
"Dear user, galti se ₹7,500 aapke account me chala gaya. Please aaj hi wapas bhej do suresh13@ibl pe.",REFUND_SCAM,True,True,HIGH,,suresh13@ibl,7500.0,True,False,urgency|refund|impersonation
Gurpreet ₹18000 for Mummy's medicines My UPI rajesh@axl or call me 6740392519,FRIEND_FAMILY_PAYMENT,True,False,LOW,+916740392519,rajesh@axl,18000.0,False,False,
Your electricity connection will be cut asap. Pay pending bill INR 20000 to ishita.patel@okaxis now. Officer +91 60918 07321,IMPERSONATION,True,True,HIGH,+916091807321,ishita.patel@okaxis,20000.0,True,True,urgency|impersonation
"Oye Ananya here, 100 rupees for the Netflix split bhej do bhai. ananya@ibl",PAYMENT_REQUEST,True,False,LOW,,ananya@ibl,100.0,False,False,
"Dude 150 de dena movie tickets ke liye, farhan@ibl",PAYMENT_REQUEST,True,False,LOW,,farhan@ibl,,False,False,
Pay Rs 5000 turant to kiran@waaxis or legal action will be taken. This is the last reminder.,URGENCY_PAYMENT,True,True,HIGH,,kiran@waaxis,5000.0,True,False,urgency
Canara Bank ALERT: KYC not updated. Send ₹499 to refund.desk486@ibl right now to re-activate your account. call +918443875261,KYC_SCAM,True,True,HIGH,+918443875261,refund.desk486@ibl,499.0,True,True,urgency|kyc_credential|impersonation
"Hello, I'm calling from Yes Bank security. Your account is compromised. Move ₹15,000 to safe account support.desk@ybl urgently.",IMPERSONATION,True,True,HIGH,,support.desk@ybl,15000.0,True,True,urgency|impersonation
"Lucky customer! Rs. 25,000/- bonus credited pending. Transfer 499 to official.support239@paytm for release abhi. Contact +917392828834",PRIZE_SCAM,True,True,HIGH,+917392828834,official.support239@paytm,25000.0,True,True,urgency|reward
"Match starts at 7:30, bring 56 people if you want, plenty of space.",NON_PAYMENT,False,False,LOW,,,,False,False,
SPLIT FOR THE PIZZA CAME TO 800 EACH. SEND TO MANISH@AXL WHEN YOU CAN.,PAYMENT_REQUEST,True,False,LOW,,manish@axl,,False,False,
"Beta, this is your bhai's friend. Bhai is in hospital, send ₹20,000 aaj hi to varunkar@ptaxis for the admission.",IMPERSONATION,True,True,HIGH,,varunkar@ptaxis,20000.0,True,True,urgency
"Hi, saw your OLX ad for the cycle. Can I come and check it tomorrow? If ok I will pay Rs. 1,500/- on Amazon Pay after seeing it.",MARKETPLACE_PAYMENT,True,False,LOW,,,1500.0,False,False,marketplace
"Double your money scheme! Send ₹25,000 to npci.verify@ybl and receive Rs 125000 by Monday. WhatsApp 6494080910",INVESTMENT_SCAM,True,True,HIGH,+916494080910,npci.verify@ybl,25000.0,True,False,investment
"Buyer here from OLX. Sending a payment request of ₹2,000 on Amazon Pay, please accept and enter PIN to receive.",QR_SCAM,True,True,HIGH,,,2000.0,False,True,kyc_credential|marketplace
Lucky customer! ₹10000 bonus credited pending Transfer INR 1499 to prizecenter155@oksbi for release jaldi Contact 08950152800,PRIZE_SCAM,True,True,HIGH,+918950152800,prizecenter155@oksbi,1499.0,True,True,urgency|reward
send ₹150 for the gift for Priya to pooja@ptaxis,PAYMENT_REQUEST,True,False,LOW,,pooja@ptaxis,150.0,False,False,reward
"Refund team here. Your cashback of Rs. 5,000/- is pending. Send 199 rupees processing fee to kycupdate318@axl aaj hi.",REFUND_SCAM,True,True,HIGH,,kycupdate318@axl,199.0,True,True,urgency|reward|refund|upfront_fee
"Gift voucher worth ₹10,000 approved for you. Pay delivery charge 1999 on courier.pay@paytm urgently.",PRIZE_SCAM,True,True,HIGH,,courier.pay@paytm,10000.0,True,True,urgency|reward|upfront_fee|marketplace
"Payment for the iPhone 13 done, ₹2,500 via Paytm to pooja88@ybl. Please share the invoice.",MARKETPLACE_PAYMENT,True,False,LOW,,pooja88@ybl,2500.0,False,False,
"Beta, send ₹3,000 to zoya30@okicici for the school fees, Amit will pay you back next week.",FRIEND_FAMILY_PAYMENT,True,False,LOW,,zoya30@okicici,3000.0,True,False,
deluxe tailors se order ready hai. rs 1499 deluxetailor@sbi pe pay kar dena ya cash de dena.,MERCHANT_PAYMENT,True,False,LOW,,deluxetailor@sbi,1499.0,False,False,
"Your repair at Quick Laundry is complete. Total ₹1,200. UPI: quicklaundry7@sbi. Collect anytime before 8 pm.",MERCHANT_PAYMENT,True,False,LOW,,quicklaundry7@sbi,1200.0,False,False,
Bank of Baroda customer your net banking will be suspended jaldi Pay verification amount INR 999 to tradepro@oksbi or legal action will be taken,KYC_SCAM,True,True,HIGH,,tradepro@oksbi,999.0,True,True,urgency|kyc_credential|impersonation
I can pay 1500 rupees for the camera pickup from your place Share your UPI ID or I will pay cash on pickup,MARKETPLACE_PAYMENT,True,False,LOW,,,1500.0,False,False,
"Scored a hat-trick yesterday, 19 runs too!",NON_PAYMENT,False,False,LOW,,,,False,False,
Reminder: Vi bill ₹399 due 5 Feb. Pay through BHIM bill payments section.,BILL_PAYMENT,True,False,LOW,,,399.0,False,False,
Dear account holder galti se Rs 1500/- aapke account me chala gaya Please within 24 hours wapas bhej do farhan@ybl pe,REFUND_SCAM,True,True,HIGH,,farhan@ybl,1500.0,True,True,urgency|refund
Yaar send ₹150 for the concert tickets. UPI: vikram@upi,PAYMENT_REQUEST,True,False,LOW,,vikram@upi,150.0,False,False,
"Arre Ishita here, 1500 for cricket ground booking bhej do bhai. ishita@ibl",PAYMENT_REQUEST,True,False,LOW,,ishita@ibl,,False,False,
"Gift voucher worth ₹100,000 approved for you. Pay delivery charge 1999 on prize.center376@ybl final notice.",PRIZE_SCAM,True,True,HIGH,,prize.center376@ybl,100000.0,True,True,urgency|reward|upfront_fee|marketplace
Reminder: dentist appointment on 12th at 16:00.,NON_PAYMENT,False,False,LOW,,,,False,False,
Install this app reward-claim-uz6r2d.link and share the screen to receive Rs 15000 cashback instantly.,QR_SCAM,True,True,HIGH,,,15000.0,False,False,reward|qr_link
"Loan EMI overdue. Pay ₹1,500 jaldi to task.fee174@axl or services will be deactivated. Recovery agent will visit.",URGENCY_PAYMENT,True,True,HIGH,,task.fee174@axl,1500.0,True,False,urgency
"Hey the Netflix split settle kar de, 600 on nikhil@axl",PAYMENT_REQUEST,True,False,LOW,,nikhil@axl,,False,False,
idfc first: your fixed deposit of rs 12500 matures on 23th. visit the branch or use net banking to renew.,BANK_REQUEST,True,False,LOW,,,12500.0,False,False,
Congratulations! You have won INR 50000 in the KBC lucky draw. Pay Rs. 999/- processing fee to refund.desk@okaxis last chance to claim.,PRIZE_SCAM,True,True,HIGH,,refund.desk@okaxis,999.0,True,True,urgency|reward|upfront_fee
"Dear winner, your IPL prize of Rs 50000 is ready. Registration fee Rs 299 to verify.now@paytm. Call +91 98896 82734 within 2 hours.",PRIZE_SCAM,True,True,HIGH,+919889682734,verify.now@paytm,299.0,True,True,urgency|reward|upfront_fee|job
"Airtel ka bill Rs 399 aaya hai, 25 Dec tak bhar dena app se.",BILL_PAYMENT,True,False,LOW,,,399.0,False,False,
"Deal final at ₹8,000 for the camera. I will pay when I pick it up on Sunday. My UPI is shreyavik@okaxis if you need to refund anything.",MARKETPLACE_PAYMENT,True,False,LOW,,shreyavik@okaxis,8000.0,False,False,refund
Notice: your account has been put on hold due to incomplete KYC. Pay ₹499 to customer.care@axl jaldi to restore access. call +916117056476,KYC_SCAM,True,True,HIGH,+916117056476,customer.care@axl,499.0,True,True,urgency|kyc_credential
"Ghar baithe kaam, roz ₹750 kamao. Joining ke liye Rs 199 verify.now@okaxis pe bhejo. Call +91 95891 49765",JOB_SCAM,True,True,HIGH,+919589149765,verify.now@okaxis,750000.0,True,True,
Wrong transfer alert: ₹1000 credited to you by error Reverse the amount today only to amitsharma@okaxis or call 8647023607,REFUND_SCAM,True,True,HIGH,+918647023607,amitsharma@okaxis,1000.0,True,False,urgency|refund
"Thanks for the laptop! Sent 18000 rupees to divya@apl just now, please check and confirm.",MARKETPLACE_PAYMENT,True,False,LOW,,divya@apl,18000.0,False,False,
Need 18000 for the flight change today please send to kavya48@axl and I'll settle when back,FRIEND_FAMILY_PAYMENT,True,False,LOW,,kavya48@axl,,True,False,
"I went to the Bank of Baroda branch today for KYC, took 24 minutes only.",NON_PAYMENT,False,False,LOW,,,,False,False,kyc_credential|impersonation
"Sneha, mera recharge khatam ho gaya, ₹3,000 ritugur@apl pe bhej dena please.",FRIEND_FAMILY_PAYMENT,True,False,LOW,,ritugur@apl,3000.0,False,False,
"Beta ₹500 bhej dena papa ke dawai ke liye kavya@okicici, kal wapas kar dungi.",FRIEND_FAMILY_PAYMENT,True,False,LOW,,kavya@okicici,500.0,False,False,
PNB ALERT: KYC not updated. Send Rs 5999 to kyc.support@axl urgently to re-activate your account. call +916303060195,KYC_SCAM,True,True,HIGH,+916303060195,kyc.support@axl,5999.0,True,True,urgency|kyc_credential
"Kotak Bank ALERT: KYC not updated. Send Rs. 1,499/- to tradepro@axl aaj hi to re-activate your account.",KYC_SCAM,True,True,HIGH,,tradepro@axl,1499.0,True,True,urgency|kyc_credential|impersonation
"Match starts at 7:30, bring 13 people if you want, plenty of space.",NON_PAYMENT,False,False,LOW,,,,False,False,
"Sent Rs 8000 for Diwali shopping to harsh@apl, check and tell me if received.",FRIEND_FAMILY_PAYMENT,True,False,LOW,,harsh@apl,8000.0,True,False,
"BSNL ka bill ₹799 aaya hai, 23 Apr tak bhar dena app se.",BILL_PAYMENT,True,False,LOW,,,799.0,False,False,
"Gift voucher worth Rs 100000 approved for you. Pay delivery charge ₹1,999 on verify.now@paytm within 24 hours.",PRIZE_SCAM,True,True,HIGH,,verify.now@paytm,1999.0,True,True,urgency|reward|upfront_fee|marketplace
"Meeting moved to 2:30 tomorrow, room 182.",NON_PAYMENT,False,False,LOW,,,,False,False,
This is an income tax officer. A parcel in your name contains illegal items. Pay 2000 penalty right now to karan.khan@upi to avoid arrest.,IMPERSONATION,True,True,HIGH,,karan.khan@upi,,True,True,urgency|impersonation|marketplace
"Arre my son sent Rs 2500 to your UPI by mistake, he is crying. Please send it back within 24 hours on sanjay.singh@waaxis. God bless you.",REFUND_SCAM,True,True,HIGH,,sanjay.singh@waaxis,2500.0,True,False,urgency
Sending 500 to anjalinis@okaxis for the wedding gift from all of us.,FRIEND_FAMILY_PAYMENT,True,False,LOW,,anjalinis@okaxis,,False,False,reward
"Hey Arjun here, ₹1,500 for last night's drinks bhej do bhai. arjun.das@ptsbi",PAYMENT_REQUEST,True,False,LOW,,arjun.das@ptsbi,1500.0,False,False,
"Bro order MYN912415 refund failed. Pay ₹49 reversal charge to bank.verify801@ibl final notice and full refund of ₹4,000 will be credited.",REFUND_SCAM,True,True,HIGH,,bank.verify801@ibl,49.0,True,True,urgency|refund
"Double your money scheme! Send ₹5,000 to securebank@upi and receive ₹10,000 by Monday. WhatsApp +91 91564 78370",INVESTMENT_SCAM,True,True,HIGH,+919156478370,securebank@upi,5000.0,True,False,investment
HR team Zomato: your interview is cleared. Send 499 for laptop courier to securebank@okaxis. Refundable with first salary.,JOB_SCAM,True,True,HIGH,,securebank@okaxis,,True,True,impersonation|job|marketplace
Dude This is Kiran from Amazon Pay support A wrong transfer of ₹7500 was made to you Refund to rahul@ybl aaj hi to avoid account freeze,REFUND_SCAM,True,True,HIGH,,rahul@ybl,7500.0,True,True,urgency|refund
"I can pay ₹18,000 for the camera, pickup from your place. Share your UPI ID or I will pay cash on pickup.",MARKETPLACE_PAYMENT,True,False,LOW,,,18000.0,False,False,
"Beta ₹1,000 bhej dena papa ke dawai ke liye shreya.patel@apl, kal wapas kar dungi.",FRIEND_FAMILY_PAYMENT,True,False,LOW,,shreya.patel@apl,1000.0,False,False,
Landlord said the plumber will come at 10:00 tomorrow.,NON_PAYMENT,False,False,LOW,,,,False,False,
Dear valued customer Your Yes Bank account KYC is pending Complete verification by paying ₹2499 to taskfee@axl urgently nahi toh account band ho jayega,KYC_SCAM,True,True,HIGH,,taskfee@axl,2499.0,True,True,urgency|kyc_credential|impersonation
"washing machine available. Pay 500 delivery charge to rajeshsur@axl now and the courier will bring it to your home, pay balance on delivery.",MARKETPLACE_PAYMENT,True,True,HIGH,,rajeshsur@axl,,True,True,upfront_fee|marketplace
"Your repair at Lakeview Hospital is complete. Total ₹3,200. UPI: lakeviewhosp@upi. Collect anytime before 8 pm.",MERCHANT_PAYMENT,True,False,LOW,,lakeviewhosp@upi,3200.0,False,False,
Dude I accidentally sent 10000 to your number by mistake. Please return it today only to riyatan@ptaxis.,REFUND_SCAM,True,True,HIGH,,riyatan@ptaxis,,True,True,urgency|refund
"iPhone 13 ke liye ₹12,000 theek hai. Kal aake dekh ke pay kar dunga, cash ya UPI dono chalega.",MARKETPLACE_PAYMENT,True,False,LOW,,,12000.0,False,False,
"Payment received, Rs 2350 from you at Deluxe Tailors. Thank you, visit again!",MERCHANT_PAYMENT,True,False,LOW,,,2350.0,False,False,
Thanks for your order at Lakeview Hospital. Amount due ₹899. Pay on delivery or to lakeviewhosp@upi.,MERCHANT_PAYMENT,True,False,LOW,,lakeviewhosp@upi,899.0,False,False,marketplace
"Mama here, new number. Phone broke. Send INR 8000 aaj hi to neha9@okhdfcbank, emergency, will explain later.",IMPERSONATION,True,True,HIGH,,neha9@okhdfcbank,8000.0,True,True,urgency|impersonation
"Crypto trading tips group: deposit 10000 rupees to reward.claim@ibl and earn daily profit of Rs. 3,000/-. 100% safe.",INVESTMENT_SCAM,True,True,HIGH,,reward.claim@ibl,10000.0,False,False,investment|job
Send Rs 5000 last chance to official.support@upi. Time limit 30 minutes. or legal action will be taken.,URGENCY_PAYMENT,True,True,HIGH,,official.support@upi,,True,False,urgency
your icici bank debit card will be blocked urgently. to keep it active pay rs 4999 kyc charge to sbi.kyc@paytm. helpline 9462250747,KYC_SCAM,True,True,HIGH,+919462250747,sbi.kyc@paytm,4999000.0,True,True,urgency|kyc_credential|impersonation
"Click cutt.ly/nutz to verify your UPI and get Rs. 5,000/- credited. Enter PIN to confirm. Support +916783886558",QR_SCAM,True,True,HIGH,+916783886558,,5000.0,True,True,kyc_credential|qr_link
"Your delivery is on hold. Pay ₹1,000 customs charge to customer.care@okaxis aaj hi or the parcel will be returned.",URGENCY_PAYMENT,True,True,HIGH,,customer.care@okaxis,1000.0,True,True,urgency|impersonation|marketplace
"Got 50 marks in the internal, decent I guess.",NON_PAYMENT,False,False,LOW,,,,False,False,
SIRF ₹1000 INVEST KARO AUR ₹5000 PAO GUARANTEED ELECTRICITYPAY@YBL PE PAYMENT KARO ABHI,INVESTMENT_SCAM,True,True,HIGH,,electricitypay@ybl,1000.0,True,False,urgency|investment
"Your number was selected for Rs 25000 reward. Send ₹99 GST charge to refund.desk@paytm final notice, last chance.",PRIZE_SCAM,True,True,HIGH,,refund.desk@paytm,99.0,True,True,urgency|reward
"Weather is crazy today, 57 degrees and raining.",NON_PAYMENT,False,False,LOW,,,,False,False,
BSNL: your bill of 1050 for consumer no. 496915 is due on 12 Nov. Pay via the BSNL app or BBPS.,BILL_PAYMENT,True,False,LOW,,,,False,False,
"Dear user, Update your Aadhaar with PNB by paying ₹999 to invest.pro366@okaxis. Link expires urgently.",KYC_SCAM,True,True,HIGH,,invest.pro366@okaxis,999.0,True,True,urgency|kyc_credential|impersonation|qr_link
Dude 200 de dena cricket ground booking ke liye simranjos@okhdfcbank,PAYMENT_REQUEST,True,False,LOW,,simranjos@okhdfcbank,,False,False,
ATTENTION: UPDATE YOUR AADHAAR WITH YES BANK BY PAYING 4999 RUPEES TO BANK.VERIFY@PAYTM. LINK EXPIRES URGENTLY. CALL 8005357603,KYC_SCAM,True,True,HIGH,+918005357603,bank.verify@paytm,4999.0,True,True,urgency|kyc_credential|impersonation|qr_link
"Got 19 marks in the internal, decent I guess.",NON_PAYMENT,False,False,LOW,,,,False,False,
Bill generated for MSEDCL: 799 rupees. View and pay from the official app. Ignore if already paid.,BILL_PAYMENT,True,False,LOW,,,799.0,False,False,impersonation
"Dad, mera recharge khatam ho gaya, Rs. 3,000/- kavya@ptsbi pe bhej dena please.",FRIEND_FAMILY_PAYMENT,True,False,LOW,,kavya@ptsbi,3000.0,True,False,
HI DA THIS IS AYESHA FROM PAYTM SUPPORT. A WRONG TRANSFER OF 7500 WAS MADE TO YOU. REFUND TO REFUNDTEAM@PAYTM LAST CHANCE TO AVOID ACCOUNT FREEZE.,REFUND_SCAM,True,True,HIGH,,refundteam@paytm,,True,False,urgency|refund
"Bro the electricity share ka Rs 750 per head aaya hai, sabko bhejna hai sneha.singh@waaxis pe by weekend",PAYMENT_REQUEST,True,False,LOW,,sneha.singh@waaxis,750.0,False,False,
Invoice #5021 from Metro Cabs for ₹650 UPI ID metrocabs@okbizaxis Please share screenshot after payment,MERCHANT_PAYMENT,True,False,LOW,,metrocabs@okbizaxis,650.0,False,False,
"I am interested in your listing. I will pay ₹10,000, just scan this QR code I am sending to receive the money.",QR_SCAM,True,True,HIGH,,,10000.0,True,False,qr_link
Pending due of INR 1000 must be cleared before midnight. Send to harsh@okicici. No further extension.,URGENCY_PAYMENT,True,True,HIGH,,harsh@okicici,1000.0,True,False,urgency
"Hi da my son sent ₹1,000 to your UPI by mistake, he is crying. Please send it back final notice on sanjay.sharma@fbl. God bless you.",REFUND_SCAM,True,True,HIGH,,sanjay.sharma@fbl,1000.0,True,False,urgency
"Need ₹2,000 for the flight change today, please send to tanvi8@upi and I'll settle when back.",FRIEND_FAMILY_PAYMENT,True,False,LOW,,tanvi8@upi,2000.0,True,False,
"Payment of ₹1,000 is required today only. Use UPI ayesha@okicici. Do not ignore this message.",URGENCY_PAYMENT,True,True,HIGH,,ayesha@okicici,1000.0,True,False,urgency
"SIRF ₹5,000 INVEST KARO AUR RS 10000 PAO GUARANTEED. VERIFY.NOW779@IBL PE PAYMENT KARO ABHI.",INVESTMENT_SCAM,True,True,HIGH,,verify.now779@ibl,5000.0,False,False,urgency|investment
Oye the concert tickets ka ₹750 per head aaya hai sabko bhejna hai rajesh33@ptaxis pe by kal,PAYMENT_REQUEST,True,False,LOW,,rajesh33@ptaxis,750.0,False,False,
"IDFC First: EMI of ₹12,000 for loan a/c ending 2709 is due on 26th. Maintain sufficient balance. Do not share OTP with anyone.",BANK_REQUEST,True,False,LOW,,,12000.0,False,False,kyc_credential
Hi order AMZ560298 refund failed Pay ₹199 reversal charge to ritu@apl jaldi and full refund of ₹1500 will be credited,REFUND_SCAM,True,True,HIGH,,ritu@apl,199.0,True,True,urgency|refund
"Invest 25000 rupees today and get ₹75,000 in 7 days, guaranteed returns. Pay to verify.now@paytm. Limited slots.",INVESTMENT_SCAM,True,True,HIGH,,verify.now@paytm,25000.0,False,False,investment
Tata Power: your bill of Rs 1340 for consumer no. 400756 is due on 22 Jan. Pay via the Tata Power app or BBPS.,BILL_PAYMENT,True,False,LOW,,,1340.0,False,False,
"Arre the pizza settle kar de, Rs 1000 on naveen@apl",PAYMENT_REQUEST,True,False,LOW,,naveen@apl,1000.0,False,False,
"Congratulations, you are selected for a work from home job at Infosys. Salary INR 80000/month. Pay registration fee 2500 rupees to npci.verify@axl to confirm.",JOB_SCAM,True,True,HIGH,,npci.verify@axl,2500.0,True,True,reward|upfront_fee|job
Alert: Aapka Axis Bank KYC expire ho gaya hai. Rs 1499 asap to support.desk@okaxis bhejo otherwise your account will be suspended. call 9679016861,KYC_SCAM,True,True,HIGH,+919679016861,support.desk@okaxis,1499.0,True,True,urgency|kyc_credential|impersonation
"Amit bhai, ₹2,000 for the train tickets, deepak4@okhdfcbank pe bhej do. Thanks!",FRIEND_FAMILY_PAYMENT,True,False,LOW,,deepak4@okhdfcbank,2000.0,False,False,
"Dear winner, your BHIM prize of 100k is ready. Registration fee ₹999 to tradepro@axl. Call +919297454930 within 1 hour.",PRIZE_SCAM,True,True,HIGH,+919297454930,tradepro@axl,999.0,True,True,urgency|reward|upfront_fee|job
Sai Electricals se order ready hai. 480 saielectrica@paytmqr pe pay kar dena ya cash de dena.,MERCHANT_PAYMENT,True,False,LOW,,saielectrica@paytmqr,,False,False,
Hey I accidentally sent Rs 5000 to your number by mistake. Please return it today only to support.desk245@ybl.,REFUND_SCAM,True,True,HIGH,,support.desk245@ybl,5000.0,True,False,urgency|refund
"SBI: EMI of Rs. 2,500/- for loan a/c ending 3407 is due on 13th. Maintain sufficient balance. Do not share OTP with anyone.",BANK_REQUEST,True,False,LOW,,,2500.0,False,False,kyc_credential|impersonation
Tata Power: your bill of 299 for consumer no. 556542 is due on 14 Feb. Pay via the Tata Power app or BBPS.,BILL_PAYMENT,True,False,LOW,,,,False,False,
"Oye reminder, Rs 1500 pending for yesterday's dinner. aditya.patel@ptsbi or cash, whatever is easy.",PAYMENT_REQUEST,True,False,LOW,,aditya.patel@ptsbi,1500.0,False,False,
"GHAR BAITHE KAAM, ROZ INR 1250 KAMAO. JOINING KE LIYE ₹499 REWARDS.CLAIM936@OKSBI PE BHEJO. CALL +91 90424 99317",JOB_SCAM,True,True,HIGH,+919042499317,rewards.claim936@oksbi,1250000.0,False,True,
Your delivery is on hold. Pay INR 7000 customs charge to poojalak@axl asap or the parcel will be returned.,URGENCY_PAYMENT,True,True,HIGH,,poojalak@axl,7000.0,True,False,urgency|impersonation|marketplace
"Varun, ₹10,000 chahiye college fees ke liye, shreya@okicici pe bhej do please, agle hafte lauta dunga.",FRIEND_FAMILY_PAYMENT,True,False,LOW,,shreya@okicici,10000.0,False,False,
Hey can you transfer ₹600 for the gift for Priya? tanvi98@ptaxis works. No rush.,PAYMENT_REQUEST,True,False,LOW,,tanvi98@ptaxis,600.0,False,False,reward
"deal final at ₹40,000 for the laptop. i will pay when i pick it up on sunday. my upi is arjunzoy@okaxis if you need to refund anything.",MARKETPLACE_PAYMENT,True,False,LOW,,arjunzoy@okaxis,40000.0,False,False,refund
Bro send Rs. 250/- for last night's drinks to arjun93@ybl,PAYMENT_REQUEST,True,False,LOW,,arjun93@ybl,250.0,False,False,
"HDFC Bank: your fixed deposit of ₹12,500 matures on 13th. Visit the branch or use net banking to renew.",BANK_REQUEST,True,False,LOW,,,12500.0,False,False,impersonation
"Sirf 5000 invest karo aur ₹25,000 pao guaranteed. cashback.claim594@ybl pe payment karo abhi.",INVESTMENT_SCAM,True,True,HIGH,,cashback.claim594@ybl,25000.0,True,False,urgency|investment
"IDFC First: credit card statement generated. Total due Rs 1250, minimum due ₹125. Pay via net banking or the IDFC First app.",BANK_REQUEST,True,False,LOW,,,1250.0,False,False,
"Dude Bhai maine ₹4,000 galat number pe bhej diya, tumhare pe aaya hai. jaldi rewards.claim741@upi pe return kar do please.",REFUND_SCAM,True,True,HIGH,,rewards.claim741@upi,4000.0,True,False,urgency
"bill generated for adani gas: ₹3,120. view and pay from the official app. ignore if already paid.",BILL_PAYMENT,True,False,LOW,,,3120.0,False,False,impersonation
"sofa set ke liye Rs 25000 theek hai. Kal aake dekh ke pay kar dunga, cash ya UPI dono chalega.",MARKETPLACE_PAYMENT,True,False,LOW,,,25000.0,False,False,
Your delivery is on hold. Pay Rs 1500 customs charge to kiran@axl within 2 hours or the parcel will be returned.,URGENCY_PAYMENT,True,True,HIGH,,kiran@axl,1500.0,True,True,urgency|impersonation|marketplace
Notice: Re-KYC required. Transfer ₹499 to quickloan@paytm and share the reference within 2 hours. warna account block ho jayega. call 06810671091,KYC_SCAM,True,True,HIGH,+916810671091,quickloan@paytm,499.0,True,True,urgency|kyc_credential
"Rs. 1,000/- abhi ritu.iyer@upi pe bhejo otherwise your account will be suspended, warna problem ho jayegi.",URGENCY_PAYMENT,True,True,HIGH,,ritu.iyer@upi,1000.0,True,False,urgency
Sent ₹500 for Diwali shopping to joseph@apl check and tell me if received,FRIEND_FAMILY_PAYMENT,True,False,LOW,,joseph@apl,500.0,False,False,
"Ghar baithe kaam, roz Rs. 1,250/- kamao. Joining ke liye ₹499 jobportal.fee@okaxis pe bhejo. Call 65735-73795",JOB_SCAM,True,True,HIGH,+916573573795,jobportal.fee@okaxis,1250.0,True,True,
"Notice: PAN-Aadhaar link pending for your IDFC First account. Pay ₹2,499 processing charge to cashback.claim@okaxis within 2 hours otherwise your account will be suspended.",KYC_SCAM,True,True,HIGH,,cashback.claim@okaxis,2499.0,True,True,urgency|kyc_credential|upfront_fee|qr_link
"Hi, saw your OLX ad for the sofa set. Can I come and check it tomorrow? If ok I will pay 2500 rupees on Amazon Pay after seeing it.",MARKETPLACE_PAYMENT,True,False,LOW,,,2500.0,False,False,marketplace
"CLASS CANCELLED TODAY, PROF IS ON LEAVE.",NON_PAYMENT,False,False,LOW,,,,False,False,
Arre my son sent ₹3000 to your UPI by mistake he is crying Please send it back final notice on varunkhan@ybl God bless you,REFUND_SCAM,True,True,HIGH,,varunkhan@ybl,3000.0,True,True,urgency
"Didi here, new number. Phone broke. Send Rs 8000 turant to shreya@ptaxis, emergency, will explain later.",IMPERSONATION,True,True,HIGH,,shreya@ptaxis,8000.0,True,True,urgency|impersonation
LOAN EMI OVERDUE. PAY INR 1500 TODAY ONLY TO HRDESK491@UPI NAHI TOH ACCOUNT BAND HO JAYEGA. RECOVERY AGENT WILL VISIT.,URGENCY_PAYMENT,True,True,HIGH,,hrdesk491@upi,1500.0,True,True,urgency
You have received Rs 50000 cashback from KBC. Pay Rs 299 activation charge to invest.pro330@paytm to receive it asap.,PRIZE_SCAM,True,True,HIGH,,invest.pro330@paytm,299.0,True,True,urgency|reward
Pending due of ₹7000 must be cleared before midnight Send to kiran66@ptsbi No further extension,URGENCY_PAYMENT,True,True,HIGH,,kiran66@ptsbi,7000.0,True,False,urgency
Sending ₹8000 to neha@ptsbi for the wedding gift from all of us,FRIEND_FAMILY_PAYMENT,True,False,LOW,,neha@ptsbi,8000.0,False,False,reward
"KYC update ke liye Rs. 2,999/- to claimprize4@oksbi within 1 hour pay karo, or services will be deactivated. Bank of Baroda support 8436436444",KYC_SCAM,True,True,HIGH,+918436436444,claimprize4@oksbi,2999.0,True,True,urgency|kyc_credential|impersonation
Cafe Nirvana monthly subscription of ₹480 is due on 7th. Pay to cafenirvana@axisbank at your convenience.,MERCHANT_PAYMENT,True,False,LOW,,cafenirvana@axisbank,480.0,False,False,
"i am interested in your listing. i will pay inr 2000, just scan this qr code i am sending to receive the money.",QR_SCAM,True,True,HIGH,,,2000.0,True,False,qr_link
Badhai ho! Aapne GPay lottery me 250000 rupees jeeta hai. Claim karne ke liye Rs. 999/- urgentkyc493@oksbi pe asap bhejo.,PRIZE_SCAM,True,True,HIGH,,urgentkyc493@oksbi,250000.0,True,True,urgency|reward
Your subscription payment failed Pay ₹2000 to manish@fbl last chance or legal action will be taken,URGENCY_PAYMENT,True,True,HIGH,,manish@fbl,2000.0,True,False,urgency
"Scored a hat-trick yesterday, 7 runs too!",NON_PAYMENT,False,False,LOW,,,,False,False,
"Bro Sanjay here, 150 rupees for yesterday's dinner bhej do bhai. sanjay@axl",PAYMENT_REQUEST,True,False,LOW,,sanjay@axl,150.0,False,False,
Double your money scheme! Send 500 to kyc.support@ybl and receive 1500 by Monday. WhatsApp +917489026218,INVESTMENT_SCAM,True,True,HIGH,+917489026218,kyc.support@ybl,,False,False,investment
"CRPF jawan, urgent posting. washing machine at Rs 6000 only. Advance 3000 on bhavya.das@okhdfcbank to block it.",MARKETPLACE_PAYMENT,True,True,HIGH,,bhavya.das@okhdfcbank,6000.0,True,False,urgency|upfront_fee
"I can pay ₹2,500 for the cycle, pickup from your place. Share your UPI ID or I will pay cash on pickup.",MARKETPLACE_PAYMENT,True,False,LOW,,,2500.0,False,False,
Bro send 400 rupees for the concert tickets to amit@ptsbi,PAYMENT_REQUEST,True,False,LOW,,amit@ptsbi,400.0,False,False,
"Notice: We detected an excess credit of ₹5,000 in your wallet. Return it abhi to sbi.kyc@axl else your wallet will be blocked.",REFUND_SCAM,True,True,HIGH,,sbi.kyc@axl,5000.0,True,False,urgency|refund
Pay INR 1500 final notice to sbi.kyc@axl else your card will be permanently blocked. This is the last reminder.,URGENCY_PAYMENT,True,True,HIGH,,sbi.kyc@axl,1500.0,True,True,urgency
"Flight lands at 1:05, gate 15.",NON_PAYMENT,False,False,LOW,,,,False,False,
"Your number was selected for Rs. 10,000/- reward. Send Rs. 1,999/- GST charge to sbi.kyc@okaxis today only, last chance.",PRIZE_SCAM,True,True,HIGH,,sbi.kyc@okaxis,1999.0,True,True,urgency|reward
Invoice #3942 from Book Corner for ₹480. UPI ID bookcorner3@hdfcbank. Please share screenshot after payment.,MERCHANT_PAYMENT,True,False,LOW,,bookcorner3@hdfcbank,480.0,False,False,
"hey it's nisha, using a friend's phone. stuck at the airport, need ₹20,000 last chance on rajesh@oksbi. please yaar.",IMPERSONATION,True,True,HIGH,,rajesh@oksbi,,True,True,urgency|impersonation
You have received 25000 rupees cashback from Dream11. Pay ₹99 activation charge to npci.verify@okaxis to receive it immediately.,PRIZE_SCAM,True,True,HIGH,,npci.verify@okaxis,99.0,True,True,urgency|reward
"bro the trek booking settle kar de, rs 150 on ishitasne@axl",PAYMENT_REQUEST,True,False,LOW,,ishitasne@axl,150.0,False,False,
PNB: auto-debit of ₹12000 for your SIP will be attempted on 2th Please keep sufficient balance,BANK_REQUEST,True,False,LOW,,,12000.0,False,False,
Bro the Hotstar password changed ask Farhan,NON_PAYMENT,False,False,LOW,,,,False,False,
You have received Rs 500000 cashback from KBC. Pay 999 rupees activation charge to claimprize@axl to receive it aaj hi.,PRIZE_SCAM,True,True,HIGH,,claimprize@axl,999.0,True,True,urgency|reward
HDFC Bank: EMI of INR 2500 for loan a/c ending 9668 is due on 2th. Maintain sufficient balance. Do not share OTP with anyone.,BANK_REQUEST,True,False,LOW,,,2500.0,False,False,kyc_credential|impersonation
"Main Mr. Sharma from accounts bol raha hoon. Meeting me hoon, 15000 today only joseph@okhdfcbank pe bhej do, vendor wait kar raha hai.",IMPERSONATION,True,True,HIGH,,joseph@okhdfcbank,,True,True,urgency
"Can you send ₹8,000 to ayeshabha@okhdfcbank? Rent is due tomorrow and my salary is delayed. Will return by 5th.",FRIEND_FAMILY_PAYMENT,True,False,LOW,,ayeshabha@okhdfcbank,8000.0,True,False,job
Landlord said the plumber will come at 18:00 tomorrow,NON_PAYMENT,False,False,LOW,,,,False,False,
"Oye We detected an excess credit of ₹7,500 in your wallet. Return it asap to verify.now@oksbi else your wallet will be blocked.",REFUND_SCAM,True,True,HIGH,,verify.now@oksbi,7500.0,True,True,urgency|refund
Sunrise Tuition: your bill is ₹650. Pay via UPI sunrisetuiti4@icici or at the counter. Thank you for visiting.,MERCHANT_PAYMENT,True,False,LOW,,sunrisetuiti4@icici,650.0,False,False,
"Yaar my son sent Rs 10000 to your UPI by mistake, he is crying. Please send it back within 1 hour on official.support135@ybl. God bless you.",REFUND_SCAM,True,True,HIGH,,official.support135@ybl,10000.0,True,False,urgency
"Hi, saw your OLX ad for the sofa set. Can I come and check it tomorrow? If ok I will pay 25000 rupees on Amazon Pay after seeing it.",MARKETPLACE_PAYMENT,True,False,LOW,,,25000.0,False,False,marketplace
"Crypto trading tips group: deposit 5k to verify.now@okaxis and earn daily profit of ₹1,000. 100% safe.",INVESTMENT_SCAM,True,True,HIGH,,verify.now@okaxis,5000.0,True,True,investment|job
"Alert: Your SIM will be blocked by TRAI jaldi. Pay ₹15,000 to tradepro120@ybl to continue services. Call 9115064756",IMPERSONATION,True,True,HIGH,+919115064756,tradepro120@ybl,15000.0,True,True,urgency|impersonation
Refund team here. Your cashback of Rs 7500 is pending. Send Rs. 199/- processing fee to naveen@okhdfcbank today only.,REFUND_SCAM,True,True,HIGH,,naveen@okhdfcbank,199.0,True,True,urgency|reward|refund|upfront_fee
INSTALL THIS APP BIT.LY/ESXXW AND SHARE THE SCREEN TO RECEIVE 5000 CASHBACK INSTANTLY.,QR_SCAM,True,True,HIGH,,,,True,True,reward|qr_link
Bro send 1500 rupees for last night's drinks to amit@okhdfcbank,PAYMENT_REQUEST,True,False,LOW,,amit@okhdfcbank,1500.0,False,False,
"Double your money scheme! Send 500 rupees to securebank769@upi and receive ₹2,500 by Monday. WhatsApp 9684501562",INVESTMENT_SCAM,True,True,HIGH,+919684501562,securebank769@upi,500.0,False,False,investment
"i am interested in your listing. i will pay 15000 rupees, just scan this qr code i am sending to receive the money.",QR_SCAM,True,True,HIGH,,,15000.0,True,False,qr_link
"Join our IPO allotment scheme. Pay Rs. 25,000/- to bank.verify@okaxis and get confirmed allotment with 2x listing gain.",INVESTMENT_SCAM,True,True,HIGH,,bank.verify@okaxis,25000.0,True,False,
"Anjali, mera recharge khatam ho gaya, ₹8,000 kiran.das@upi pe bhej dena please.",FRIEND_FAMILY_PAYMENT,True,False,LOW,,kiran.das@upi,8000000.0,True,False,
"BETA, THIS IS YOUR NANI'S FRIEND. NANI IS IN HOSPITAL, SEND RS. 15,000/- WITHIN 2 HOURS TO VARUN88@PTAXIS FOR THE ADMISSION.",IMPERSONATION,True,True,HIGH,,varun88@ptaxis,15000.0,True,True,urgency
Invoice #1714 from City Pharmacy for ₹480. UPI ID citypharmacy1@ybl. Please share screenshot after payment.,MERCHANT_PAYMENT,True,False,LOW,,citypharmacy1@ybl,480.0,False,False,
"I accidentally sent Rs. 3,000/- to your number by mistake. Please return it today only to harsh@okaxis.",REFUND_SCAM,True,True,HIGH,,harsh@okaxis,3000.0,True,True,urgency|refund
"Bro the Hotstar password changed, ask Anjali.",NON_PAYMENT,False,False,LOW,,,,False,False,
"Scored a hat-trick yesterday, 43 runs too!",NON_PAYMENT,False,False,LOW,,,,False,False,
"Hey the auto ka ₹600 bhej dena, sanjay@apl",PAYMENT_REQUEST,True,False,LOW,,sanjay@apl,600.0,False,False,
data entry job offer no experience needed registration 2500 only pay on npciverify@axl salary ₹35000,JOB_SCAM,True,True,HIGH,,npciverify@axl,35000.0,True,True,job
"Adani Gas ka bill ₹799 aaya hai, 17 Apr tak bhar dena app se.",BILL_PAYMENT,True,False,LOW,,,799.0,False,False,
"This is TRAI officer. A parcel in your name contains illegal items. Pay ₹8,000 penalty last chance to naveennis@upi to avoid arrest.",IMPERSONATION,True,True,HIGH,,naveennis@upi,8000.0,True,True,urgency|impersonation|marketplace
"Refund team here. Your cashback of ₹7,500 is pending. Send Rs. 199/- processing fee to divya.patel@apl before midnight.",REFUND_SCAM,True,True,HIGH,,divya.patel@apl,199.0,True,True,urgency|reward|refund|upfront_fee
"Thanks for your order at FitLife Gym. Amount due ₹1,200. Pay on delivery or to fitlifegym@ybl.",MERCHANT_PAYMENT,True,False,LOW,,fitlifegym@ybl,1200.0,False,False,marketplace
Final notice from Canara Bank: pay KYC verification fee 2999 rupees to customer.care@axl urgently otherwise your account will be suspended.,KYC_SCAM,True,True,HIGH,,customer.care@axl,2999.0,True,True,urgency|kyc_credential|impersonation|upfront_fee
"Refund team here. Your cashback of ₹3,000 is pending. Send INR 99 processing fee to prize.center@upi final notice.",REFUND_SCAM,True,True,HIGH,,prize.center@upi,99.0,True,True,urgency|reward|refund|upfront_fee
"Dear winner, your Amazon prize of 50000 is ready. Registration fee ₹499 to securebank814@oksbi. Call +918338792839 within 24 hours.",PRIZE_SCAM,True,True,HIGH,+918338792839,securebank814@oksbi,499.0,True,True,urgency|reward|upfront_fee|job
"Rohan, ₹3,000 chahiye college fees ke liye, sneha47@ptsbi pe bhej do please, agle hafte lauta dunga.",FRIEND_FAMILY_PAYMENT,True,False,LOW,,sneha47@ptsbi,3000.0,False,False,
notice: your account has been put on hold due to incomplete kyc. pay 2499 to securebank@okaxis abhi to restore access. call 9622346297,KYC_SCAM,True,True,HIGH,+919622346297,securebank@okaxis,,True,True,urgency|kyc_credential
"REMINDER: DELHI JAL BOARD BILL ₹1,890 DUE 25 JUN. PAY THROUGH PHONEPE BILL PAYMENTS SECTION.",BILL_PAYMENT,True,False,LOW,,,1890.0,False,False,
"Bro the Hotstar password changed, ask Farhan.",NON_PAYMENT,False,False,LOW,,,,False,False,
Oye split for Goa trip came to ₹750 each Send to bhavyasingh@okaxis when you can,PAYMENT_REQUEST,True,False,LOW,,bhavyasingh@okaxis,750.0,False,False,
"Dear user, your account has been put on hold due to incomplete KYC. Pay Rs 999 to customer.care492@axl last chance to restore access.",KYC_SCAM,True,True,HIGH,,customer.care492@axl,999.0,True,True,urgency|kyc_credential|impersonation
Beta this is your mummy's friend Mummy is in hospital send 3000 aaj hi to meera@waaxis for the admission,IMPERSONATION,True,True,HIGH,,meera@waaxis,,True,True,urgency
"Payment of ₹1,890 received for Tata Power bill. Receipt no. 70770718.",BILL_PAYMENT,True,False,LOW,,,1890.0,False,False,
I went to the PNB branch today for KYC took 47 minutes only,NON_PAYMENT,False,False,LOW,,,,False,False,kyc_credential
"Axis Bank: ₹15,400 credited to your account XX3607. Available balance 138600.",BANK_REQUEST,True,False,LOW,,,15400.0,False,False,impersonation
Did you finish the assignment? Question 24 was tough.,NON_PAYMENT,False,False,LOW,,,,False,False,
I can pay ₹25000 for the washing machine pickup from your place Share your UPI ID or I will pay cash on pickup,MARKETPLACE_PAYMENT,True,False,LOW,,,25000.0,False,False,
Bro the birthday cake settle kar de INR 300 on naveenish@okicici,PAYMENT_REQUEST,True,False,LOW,,naveenish@okicici,300.0,False,False,
City Pharmacy: your bill is 1499. Pay via UPI citypharmacy8@okbizaxis or at the counter. Thank you for visiting.,MERCHANT_PAYMENT,True,False,LOW,,citypharmacy8@okbizaxis,,False,False,
mahanagar gas: your bill of 499 rupees for consumer no 383620 is due on 16 jan pay via the mahanagar gas app or bbps,BILL_PAYMENT,True,False,LOW,,,499.0,False,False,
"Dear valued customer, Bhai maine ₹5,000 galat number pe bhej diya, tumhare pe aaya hai. within 2 hours varun31@axl pe return kar do please.",REFUND_SCAM,True,True,HIGH,,varun31@axl,5000.0,True,False,urgency|impersonation
Oye ₹300 de dena the pizza ke liye kavya@waaxis,PAYMENT_REQUEST,True,False,LOW,,kavya@waaxis,300.0,False,False,
Your repair at Lakeview Hospital is complete. Total 3200. UPI: lakeviewhosp7@sbi. Collect anytime before 8 pm.,MERCHANT_PAYMENT,True,False,LOW,,lakeviewhosp7@sbi,,False,False,
"FitLife Gym: advance of ₹1,499 for the order is due by 7th. Pay to fitlifegym@paytmqr or at the desk. GST invoice will follow.",MERCHANT_PAYMENT,True,False,LOW,,fitlifegym@paytmqr,1499.0,False,False,upfront_fee
seller here activa scooter is booked for you send ₹500 token amount to jobportalfee@oksbi today otherwise another buyer will take it,MARKETPLACE_PAYMENT,True,True,HIGH,,jobportalfee@oksbi,500.0,True,True,upfront_fee|marketplace
"Beta 8k bhej dena papa ke dawai ke liye tanvi@okicici, kal wapas kar dungi.",FRIEND_FAMILY_PAYMENT,True,False,LOW,,tanvi@okicici,8000.0,False,False,
"Attention: Update your Aadhaar with Bank of Baroda by paying ₹4,999 to cashback.claim@ibl. Link expires urgently. call 9850756638",KYC_SCAM,True,True,HIGH,+919850756638,cashback.claim@ibl,4999.0,True,True,urgency|kyc_credential|impersonation|qr_link
Flipkart scratch card: you won 50000 rupees! Unlock by paying ₹99 to hdfc.verify@oksbi within 2 hours.,PRIZE_SCAM,True,True,HIGH,,hdfc.verify@oksbi,50000.0,True,True,urgency|reward|upfront_fee
"I went to the ICICI Bank branch today for KYC, took 24 minutes only.",NON_PAYMENT,False,False,LOW,,,,False,False,kyc_credential|impersonation
"Thanks for the camera! Sent ₹12,000 to ananya@ptsbi just now, please check and confirm.",MARKETPLACE_PAYMENT,True,False,LOW,,ananya@ptsbi,12000.0,False,False,
"Part time job: earn ₹3,500 per day by liking videos. Pay ₹299 security deposit to courier.pay631@ybl to start.",JOB_SCAM,True,True,HIGH,,courier.pay631@ybl,299.0,False,True,upfront_fee|job
"Badhai ho! Aapne KBC lottery me ₹25,000 jeeta hai. Claim karne ke liye 499 rupees tradepro@upi pe aaj hi bhejo.",PRIZE_SCAM,True,True,HIGH,,tradepro@upi,25000.0,True,True,urgency|reward
Yaar can you transfer ₹150 for the pizza? rahul@okaxis works. No rush.,PAYMENT_REQUEST,True,False,LOW,,rahul@okaxis,150.0,False,False,
"Arre can you transfer ₹1,200 for cricket ground booking? joseph@oksbi works. No rush.",PAYMENT_REQUEST,True,False,LOW,,joseph@oksbi,1200.0,False,False,
"Dear user, Your SIM will be blocked by TRAI within 2 hours. Pay 10000 rupees to bhavya@paytm to continue services. Call +918720474421",IMPERSONATION,True,True,HIGH,+918720474421,bhavya@paytm,10000.0,True,True,urgency|impersonation
"For the laptop, pay full Rs. 25,000/- to tanvi21@oksbi first, delivery within 2 days via army courier. No inspection possible.",MARKETPLACE_PAYMENT,True,True,HIGH,,tanvi21@oksbi,25000.0,True,False,marketplace
Final notice from IDFC First: pay KYC verification fee Rs 1499 to refundteam123@okaxis last chance or the amount will be forfeited.,KYC_SCAM,True,True,HIGH,,refundteam123@okaxis,1499.0,True,True,urgency|kyc_credential|upfront_fee
CRPF jawan urgent posting sofa set at 6000 only Advance ₹2000 on farhanzoy@apl to block it,MARKETPLACE_PAYMENT,True,True,HIGH,,farhanzoy@apl,2000.0,True,True,urgency|upfront_fee
Sent ₹10000 for Diwali shopping to suresh85@ibl check and tell me if received,FRIEND_FAMILY_PAYMENT,True,False,LOW,,suresh85@ibl,10000.0,False,False,
"Invest Rs 10000 today and get ₹30,000 in 7 days, guaranteed returns. Pay to tradepro480@paytm. Limited slots.",INVESTMENT_SCAM,True,True,HIGH,,tradepro480@paytm,10000.0,False,True,investment
oye send ₹150 for movie tickets to riya@waaxis,PAYMENT_REQUEST,True,False,LOW,,riya@waaxis,150.0,False,False,
For the camera pay full INR 2500 to rewardclaim@ibl first delivery within 2 days via army courier No inspection possible,MARKETPLACE_PAYMENT,True,True,HIGH,,rewardclaim@ibl,2500.0,True,False,marketplace
Bill generated for Vi: 1340. View and pay from the official app. Ignore if already paid.,BILL_PAYMENT,True,False,LOW,,,,False,False,impersonation
The refund for the cancelled train ticket came through finally IRCTC took 26 days,NON_PAYMENT,False,False,LOW,,,,False,False,refund
"Lucky customer! ₹50,000 bonus credited pending. Transfer 199 rupees to quickloan@ybl for release abhi. Contact 93917-41011",PRIZE_SCAM,True,True,HIGH,+919391741011,quickloan@ybl,199.0,True,True,urgency|reward
"Royal Bakery se order ready hai. ₹1,200 royalbakery1@paytmqr pe pay kar dena ya cash de dena.",MERCHANT_PAYMENT,True,False,LOW,,royalbakery1@paytmqr,1200.0,False,False,
"Your subscription payment failed. Pay ₹5,000 to priyarit@fbl turant nahi toh account band ho jayega.",URGENCY_PAYMENT,True,True,HIGH,,priyarit@fbl,5000.0,True,False,urgency
"your delivery is on hold. pay ₹1,000 customs charge to vikram@oksbi today only or the parcel will be returned.",URGENCY_PAYMENT,True,True,HIGH,,vikram@oksbi,1000.0,True,False,urgency|impersonation|marketplace
"FitLife Gym: advance of Rs. 3,200/- for the service is due by 12th. Pay to fitlifegym5@sbi or at the desk. GST invoice will follow.",MERCHANT_PAYMENT,True,False,LOW,,fitlifegym5@sbi,3200.0,False,False,upfront_fee
"Dear account holder, order ZMT866589 refund failed. Pay 49 reversal charge to rahul36@ptsbi right now and full refund of ₹2,500 will be credited.",REFUND_SCAM,True,True,HIGH,,rahul36@ptsbi,2500.0,True,True,urgency|refund
Metro Cabs monthly subscription of ₹120 is due on 13th. Pay to metrocabs4@upi at your convenience.,MERCHANT_PAYMENT,True,False,LOW,,metrocabs4@upi,120.0,False,False,
Hi da split for last night's drinks came to ₹250 each. Send to tanvi4@ybl when you can.,PAYMENT_REQUEST,True,False,LOW,,tanvi4@ybl,250.0,False,False,
"i can pay ₹25,000 for the study table, pickup from your place. share your upi id or i will pay cash on pickup.",MARKETPLACE_PAYMENT,True,False,LOW,,,25000.0,False,False,
Recharge reminder: your MSEDCL plan expires on 26 May. Recharge Rs 299 from the app to continue.,BILL_PAYMENT,True,False,LOW,,,299.0,False,False,kyc_credential
"Dad here, new number. Phone broke. Send ₹20,000 jaldi to kiransan@apl, emergency, will explain later.",IMPERSONATION,True,True,HIGH,,kiransan@apl,20000.0,True,True,urgency|impersonation
collect request sent for rs 1000 approve it with your upi pin to receive the amount,QR_SCAM,True,True,HIGH,,,1000.0,True,False,kyc_credential
"Invest ₹1,000 today and get ₹2,000 in 7 days, guaranteed returns. Pay to hdfc.verify565@okaxis. Limited slots.",INVESTMENT_SCAM,True,True,HIGH,,hdfc.verify565@okaxis,1000.0,True,False,investment
"Install this app bit.ly/qepw7 and share the screen to receive ₹15,000 cashback instantly.",QR_SCAM,True,True,HIGH,,,15000.0,True,True,reward|qr_link
Stock market expert here. Minimum deposit ₹500 to verify.now@upi. Assured 30% weekly return.,INVESTMENT_SCAM,True,True,HIGH,,verify.now@upi,500.0,False,False,
Can you send 1000 to sanjay76@okicici? Rent is due tomorrow and my salary is delayed. Will return by 5th.,FRIEND_FAMILY_PAYMENT,True,False,LOW,,sanjay76@okicici,,True,False,job
Your resume is shortlisted at a leading MNC Document verification fee INR 499 payable to bankverify957@okaxis within 24 hours,JOB_SCAM,True,True,HIGH,,bankverify957@okaxis,499.0,True,True,urgency|kyc_credential|upfront_fee
Hey send ₹250 for last night's drinks. UPI: varun@okhdfcbank,PAYMENT_REQUEST,True,False,LOW,,varun@okhdfcbank,250.0,False,False,
"BRO PHONEPE REFUND OF ₹10,000 IS STUCK. TO RELEASE IT, FIRST PAY ₹99 VERIFICATION TO OFFICIAL.SUPPORT@IBL RIGHT NOW.",REFUND_SCAM,True,True,HIGH,,official.support@ibl,99.0,True,False,urgency|kyc_credential|refund
"Dear valued customer, my son sent ₹4,000 to your UPI by mistake, he is crying. Please send it back before midnight on riyakav@okhdfcbank. God bless you.",REFUND_SCAM,True,True,HIGH,,riyakav@okhdfcbank,4000.0,True,False,urgency|impersonation
"Need ₹8,000 for the flight change today, please send to zoya@okaxis and I'll settle when back.",FRIEND_FAMILY_PAYMENT,True,False,LOW,,zoya@okaxis,8000.0,True,False,
"Beta, this is your nani's friend. Nani is in hospital, send ₹25,000 final notice to rituriy@ibl for the admission.",IMPERSONATION,True,True,HIGH,,rituriy@ibl,25000.0,True,True,urgency
"Install this app tinyurl.com/ht3yi and share the screen to receive ₹5,000 cashback instantly.",QR_SCAM,True,True,HIGH,,,5000.0,False,False,reward|qr_link
"Train is delayed by 40 minutes, will reach by 9 pm.",NON_PAYMENT,False,False,LOW,,,,False,False,
"Your subscription payment failed. Pay ₹5,000 to prize.center975@ybl within 1 hour or the amount will be forfeited.",URGENCY_PAYMENT,True,True,HIGH,,prize.center975@ybl,5000.0,True,False,urgency
"I went to the PNB branch today for KYC, took 59 minutes only.",NON_PAYMENT,False,False,LOW,,,,False,False,kyc_credential
"Package AMZ602651 out for delivery, expected by 9 pm.",NON_PAYMENT,False,False,LOW,,,,False,False,marketplace
"the refund for the cancelled train ticket came through, finally. irctc took 57 days.",NON_PAYMENT,False,False,LOW,,,,False,False,refund
"Recharge reminder: your BSNL plan expires on 27 Nov. Recharge Rs. 1,340/- from the app to continue.",BILL_PAYMENT,True,False,LOW,,,1340.0,False,False,kyc_credential
"DEAR WINNER, YOUR PAYTM PRIZE OF ₹250,000 IS READY. REGISTRATION FEE ₹199 TO HDFC.VERIFY@IBL. CALL 6972285825 ASAP.",PRIZE_SCAM,True,True,HIGH,+916972285825,hdfc.verify@ibl,199.0,True,True,urgency|reward|upfront_fee|job
"refund team here. your cashback of ₹2,500 is pending. send 99 processing fee to zoya@axl before midnight.",REFUND_SCAM,True,True,HIGH,,zoya@axl,2500.0,True,True,urgency|reward|refund|upfront_fee
"Invest 1000 rupees today and get Rs 2000 in 7 days, guaranteed returns. Pay to customer.care278@axl. Limited slots.",INVESTMENT_SCAM,True,True,HIGH,,customer.care278@axl,1000.0,True,False,investment
"Meera, Rs. 1,500/- chahiye college fees ke liye, ayesha17@okhdfcbank pe bhej do please, agle hafte lauta dunga.",FRIEND_FAMILY_PAYMENT,True,False,LOW,,ayesha17@okhdfcbank,1500.0,False,False,
"Task completed! To withdraw your earnings of ₹3,000, pay ₹299 unlock fee to bill.desk@ybl.",JOB_SCAM,True,True,HIGH,,bill.desk@ybl,299.0,True,True,upfront_fee|job
"Your Delhi Jal Board broadband plan renews on 19 Jun. Amount ₹2,460. Auto-pay is enabled, no action needed.",BILL_PAYMENT,True,False,LOW,,,2460.0,False,False,
"IDFC First: ₹15,400 credited to your account XX7833. Available balance Rs. 46,200/-.",BANK_REQUEST,True,False,LOW,,,46200.0,False,False,
"Badhai ho! Aapne Flipkart lottery me ₹10,000 jeeta hai. Claim karne ke liye ₹1,499 electricity.pay954@paytm pe before midnight bhejo.",PRIZE_SCAM,True,True,HIGH,,electricity.pay954@paytm,10000.0,True,True,urgency|reward
"Hi, saw your OLX ad for the PS5. Can I come and check it tomorrow? If ok I will pay ₹4,000 on GPay after seeing it.",MARKETPLACE_PAYMENT,True,False,LOW,,,4000.0,False,False,marketplace
"Bank of Baroda customer, your net banking will be suspended today only. Pay verification amount 5999 to verify.now@ybl nahi toh account band ho jayega.",KYC_SCAM,True,True,HIGH,,verify.now@ybl,,True,True,urgency|kyc_credential|impersonation
"SCORED A HAT-TRICK YESTERDAY, 16 RUNS TOO!",NON_PAYMENT,False,False,LOW,,,,False,False,
"I am interested in your listing. I will pay ₹1,000, just scan this QR code I am sending to receive the money.",QR_SCAM,True,True,HIGH,,,1000.0,False,False,qr_link
Yes Bank: auto-debit of Rs 15400 for your SIP will be attempted on 7th Please keep sufficient balance,BANK_REQUEST,True,False,LOW,,,15400.0,False,False,impersonation
"Big Bazaar scratch card: you won ₹25,000! Unlock by paying ₹199 to courier.pay@oksbi right now.",PRIZE_SCAM,True,True,HIGH,,courier.pay@oksbi,25000.0,True,True,urgency|reward|upfront_fee
"Weather is crazy today, 20 degrees and raining.",NON_PAYMENT,False,False,LOW,,,,False,False,
"Pooja bhai, Rs. 1,500/- for the train tickets, arjun5@axl pe bhej do. Thanks!",FRIEND_FAMILY_PAYMENT,True,False,LOW,,arjun5@axl,1500.0,False,False,
City Pharmacy: advance of ₹350 for the service is due by 23th. Pay to citypharmacy@okbizaxis or at the desk. GST invoice will follow.,MERCHANT_PAYMENT,True,False,LOW,,citypharmacy@okbizaxis,350.0,False,False,upfront_fee
"Airtel: your bill of ₹1,890 for consumer no. 845755 is due on 24 Apr. Pay via the Airtel app or BBPS.",BILL_PAYMENT,True,False,LOW,,,1890.0,False,False,
"Sirf ₹500 invest karo aur ₹1,500 pao guaranteed. courier.pay@ybl pe payment karo abhi.",INVESTMENT_SCAM,True,True,HIGH,,courier.pay@ybl,500.0,False,False,urgency|investment
"Dear account holder, Your PNB account KYC is pending. Complete verification by paying ₹1,999 to securebank@oksbi aaj hi else your card will be permanently blocked.",KYC_SCAM,True,True,HIGH,,securebank@oksbi,1999.0,True,True,urgency|kyc_credential
"ICICI BANK: CREDIT CARD STATEMENT GENERATED. TOTAL DUE RS 4300, MINIMUM DUE RS. 430/-. PAY VIA NET BANKING OR THE ICICI BANK APP.",BANK_REQUEST,True,False,LOW,,,4300.0,False,False,impersonation
Your electricity connection will be cut today only Pay pending bill ₹25000 to aditya66@upi now Officer +91 63312 22395,IMPERSONATION,True,True,HIGH,+916331222395,aditya66@upi,25000.0,True,True,urgency|impersonation
"dear user, bhai maine ₹5,000 galat number pe bhej diya, tumhare pe aaya hai. before midnight lakshminis@oksbi pe return kar do please.",REFUND_SCAM,True,True,HIGH,,lakshminis@oksbi,5000.0,True,False,urgency|impersonation
"Canara Bank customer, your net banking will be suspended urgently. Pay verification amount ₹2,999 to refund.desk859@oksbi or services will be deactivated.",KYC_SCAM,True,True,HIGH,,refund.desk859@oksbi,2999.0,True,True,urgency|kyc_credential|impersonation
"Notice: PAN-Aadhaar link pending for your ICICI Bank account. Pay ₹1,999 processing charge to task.fee@upi within 24 hours nahi toh account band ho jayega.",KYC_SCAM,True,True,HIGH,,task.fee@upi,1999.0,True,True,urgency|kyc_credential|impersonation|upfront_fee|qr_link
"Hi da Rajesh here, 400 for movie tickets bhej do bhai. rajesh80@fbl",PAYMENT_REQUEST,True,False,LOW,,rajesh80@fbl,,False,False,
"Pay ₹1,000 urgently to kiran.iyer@ptsbi or the amount will be forfeited. This is the last reminder.",URGENCY_PAYMENT,True,True,HIGH,,kiran.iyer@ptsbi,1000.0,True,False,urgency
"the trek booking ka ₹150 per head aaya hai, sabko bhejna hai rohan@fbl pe by kal",PAYMENT_REQUEST,True,False,LOW,,rohan@fbl,150.0,False,False,
"Seller here. Royal Enfield is booked for you. Send ₹2,000 token amount to shreya54@okhdfcbank today otherwise another buyer will take it.",MARKETPLACE_PAYMENT,True,True,HIGH,,shreya54@okhdfcbank,2000.0,True,False,upfront_fee|marketplace
OTP for your login is 133090. Valid for 10 minutes. Do not share it with anyone.,NON_PAYMENT,False,False,LOW,,,,False,False,kyc_credential
Sending Rs 5000/- to bhavya69@ptaxis for the wedding gift from all of us,FRIEND_FAMILY_PAYMENT,True,False,LOW,,bhavya69@ptaxis,5000.0,False,False,reward
Congratulations on the new job Meera! Party when?,NON_PAYMENT,False,False,LOW,,,,False,False,reward|job
happy birthday manish! have a great year ahead.,NON_PAYMENT,False,False,LOW,,,,False,False,
"Axis Bank: auto-debit of ₹22,000 for your SIP will be attempted on 12th. Please keep sufficient balance.",BANK_REQUEST,True,False,LOW,,,22000.0,False,False,impersonation
"MOM SAID DINNER AT 8, DON'T BE LATE AGAIN.",NON_PAYMENT,False,False,LOW,,,,False,False,
ICICI Bank: your fixed deposit of 25k matures on 8th. Visit the branch or use net banking to renew.,BANK_REQUEST,True,False,LOW,,,25000.0,False,False,impersonation
"Dear customer, Update your Aadhaar with ICICI Bank by paying 5999 to verifybank@okaxis. Link expires last chance. call 86997-93982",KYC_SCAM,True,True,HIGH,+918699793982,verifybank@okaxis,,True,True,urgency|kyc_credential|impersonation|qr_link
"Dear user, your account has been put on hold due to incomplete KYC. Pay 2499 to verify.now@upi abhi to restore access.",KYC_SCAM,True,True,HIGH,,verify.now@upi,,True,True,urgency|kyc_credential|impersonation
Your delivery is on hold. Pay Rs 3000 customs charge to refund.desk@axl within 1 hour or the parcel will be returned.,URGENCY_PAYMENT,True,True,HIGH,,refund.desk@axl,3000.0,True,True,urgency|impersonation|marketplace
Lucky customer! 50000 bonus credited pending. Transfer 1999 rupees to reward.claim@upi for release urgently. Contact 6893173420,PRIZE_SCAM,True,True,HIGH,+916893173420,reward.claim@upi,1999.0,True,True,urgency|reward
Gift voucher worth 500000 rupees approved for you Pay delivery charge ₹999 on urgentkyc@paytm before midnight,PRIZE_SCAM,True,True,HIGH,,urgentkyc@paytm,999.0,True,True,urgency|reward|upfront_fee|marketplace
Gift voucher worth Rs 250000 approved for you. Pay delivery charge 199 on kyc.support618@ybl immediately.,PRIZE_SCAM,True,True,HIGH,,kyc.support618@ybl,250000.0,True,True,urgency|reward|upfront_fee|marketplace
Hello send ₹250 for the trek booking. UPI: karan.sharma@okhdfcbank,PAYMENT_REQUEST,True,False,LOW,,karan.sharma@okhdfcbank,250.0,False,False,
Sending Rs 18000 to deepak.khan@ybl for the wedding gift from all of us.,FRIEND_FAMILY_PAYMENT,True,False,LOW,,deepak.khan@ybl,18000.0,True,False,reward
"Yaar reminder, 150 rupees pending for the pizza. harsh87@oksbi or cash, whatever is easy.",PAYMENT_REQUEST,True,False,LOW,,harsh87@oksbi,150.0,False,False,
Reminder: BESCOM bill ₹299 due 23 Nov. Pay through PhonePe bill payments section.,BILL_PAYMENT,True,False,LOW,,,299.0,False,False,
"Part time job: earn ₹5,000 per day by liking videos. Pay 2k security deposit to invest.pro@ybl to start.",JOB_SCAM,True,True,HIGH,,invest.pro@ybl,2000.0,True,True,upfront_fee|job
"Didi, ₹1,000 for Mummy's medicines. My UPI lakshmipoo@ibl or call me +91 77023 24412",FRIEND_FAMILY_PAYMENT,True,False,LOW,+917702324412,lakshmipoo@ibl,1000.0,True,False,
Seller here. Activa scooter is booked for you. Send Rs. 500/- token amount to kyc.support78@axl today otherwise another buyer will take it.,MARKETPLACE_PAYMENT,True,True,HIGH,,kyc.support78@axl,500.0,True,True,upfront_fee|marketplace
Collect request sent for 20k. Approve it with your UPI PIN to receive the amount.,QR_SCAM,True,True,HIGH,,,20000.0,True,True,kyc_credential
"Flipkart scratch card: you won Rs. 10,000/-! Unlock by paying ₹499 to courier.pay@oksbi asap.",PRIZE_SCAM,True,True,HIGH,,courier.pay@oksbi,10000.0,True,True,urgency|reward|upfront_fee
"Dear valued customer, your account has been put on hold due to incomplete KYC. Pay Rs 499 to prize.center746@okaxis abhi to restore access. call 90322-17759",KYC_SCAM,True,True,HIGH,+919032217759,prize.center746@okaxis,499.0,True,True,urgency|kyc_credential|impersonation
forex signals: first 10 members get inr 1000 on 500. transfer to official.support@axl now.,INVESTMENT_SCAM,True,True,HIGH,,official.support@axl,1000.0,True,False,
"Hi da Joseph here, INR 2000 for Goa trip bhej do bhai. joseph@okicici",PAYMENT_REQUEST,True,False,LOW,,joseph@okicici,2000.0,False,False,
Send me the notes for chapter 33 when you get a chance.,NON_PAYMENT,False,False,LOW,,,,False,False,
"Riya is joining us for lunch, table for 6.",NON_PAYMENT,False,False,LOW,,,,False,False,
"Congratulations, you are selected for a work from home job at Amazon. Salary 35000 rupees/month. Pay registration fee 299 rupees to courier.pay@ybl to confirm.",JOB_SCAM,True,True,HIGH,,courier.pay@ybl,299.0,True,True,reward|upfront_fee|job
"Thanks for the Royal Enfield! Sent ₹1,500 to naveenarj@ptaxis just now, please check and confirm.",MARKETPLACE_PAYMENT,True,False,LOW,,naveenarj@ptaxis,1500.0,False,False,
"Airtel ka bill ₹3,120 aaya hai, 5 Nov tak bhar dena app se.",BILL_PAYMENT,True,False,LOW,,,3120.0,False,False,
"KYC update ke liye ₹999 to urgentkyc@paytm abhi pay karo, warna account block ho jayega. Yes Bank support +91 77104 58260",KYC_SCAM,True,True,HIGH,+917710458260,urgentkyc@paytm,999.0,True,True,urgency|kyc_credential|impersonation
Your delivery is on hold. Pay Rs 5000 customs charge to rahul87@ptsbi abhi or the parcel will be returned.,URGENCY_PAYMENT,True,True,HIGH,,rahul87@ptsbi,5000.0,True,False,urgency|impersonation|marketplace
"Hey it's Tanvi, using a friend's phone. Stuck at the airport, need INR 3000 within 24 hours on bill.desk394@okaxis. Please yaar.",IMPERSONATION,True,True,HIGH,,bill.desk394@okaxis,3000.0,True,True,urgency|impersonation
Install this app reward-claim-fbakk4.link and share the screen to receive 1000 rupees cashback instantly.,QR_SCAM,True,True,HIGH,,,1000.0,False,True,reward|qr_link
"Data entry job offer, no experience needed. Registration Rs 499 only, pay on courier.pay@ybl. Salary ₹35,000.",JOB_SCAM,True,True,HIGH,,courier.pay@ybl,35000.0,True,True,job
"SBI customer, your net banking will be suspended within 24 hours. Pay verification amount ₹2,499 to hrdesk@upi warna account block ho jayega.",KYC_SCAM,True,True,HIGH,,hrdesk@upi,2499.0,True,True,urgency|kyc_credential|impersonation
"HDFC Bank: ₹5,600 credited to your account XX1803. Available balance INR 50400.",BANK_REQUEST,True,False,LOW,,,50400.0,False,False,impersonation
"Lucky customer! ₹500,000 bonus credited pending. Transfer 99 to electricity.pay@oksbi for release turant. Contact +916155652927",PRIZE_SCAM,True,True,HIGH,+916155652927,electricity.pay@oksbi,500000.0,True,True,urgency|reward
"part time job: earn ₹1,500 per day by liking videos. pay rs 999 security deposit to lottery.claim@oksbi to start.",JOB_SCAM,True,True,HIGH,,lottery.claim@oksbi,999.0,True,True,upfront_fee|job
can you send ₹500 to aditya@apl? rent is due tomorrow and my salary is delayed. will return by 5th.,FRIEND_FAMILY_PAYMENT,True,False,LOW,,aditya@apl,500.0,True,False,job
send rs 3000/- within 1 hour to quickloan641@okaxis time limit 30 minutes or legal action will be taken,URGENCY_PAYMENT,True,True,HIGH,,quickloan641@okaxis,3000.0,True,False,urgency
"Dear user, Aapka ICICI Bank KYC expire ho gaya hai. ₹4,999 within 1 hour to hdfc.verify552@ibl bhejo or your number will be disconnected.",KYC_SCAM,True,True,HIGH,,hdfc.verify552@ibl,4999.0,True,True,urgency|kyc_credential|impersonation
"Ghar baithe kaam, roz Rs 1750 kamao. Joining ke liye ₹1,500 official.support@oksbi pe bhejo. Call 7160488647",JOB_SCAM,True,True,HIGH,+917160488647,official.support@oksbi,1750000.0,False,True,
DUDE MY SON SENT ₹2000 TO YOUR UPI BY MISTAKE HE IS CRYING PLEASE SEND IT BACK URGENTLY ON LOTTERYCLAIM@OKAXIS GOD BLESS YOU,REFUND_SCAM,True,True,HIGH,,lotteryclaim@okaxis,2000.0,True,False,urgency
reminder: jio bill rs 2460/- due 17 sep pay through paytm bill payments section,BILL_PAYMENT,True,False,LOW,,,2460.0,False,False,
"Dear valued customer, Your SIM will be blocked by TRAI right now. Pay 20000 rupees to securebank203@paytm to continue services. Call +919414077142",IMPERSONATION,True,True,HIGH,+919414077142,securebank203@paytm,20000.0,True,True,urgency|impersonation
"CRPF jawan, urgent posting. Activa scooter at ₹1,500 only. Advance ₹2,000 on nisha@okhdfcbank to block it.",MARKETPLACE_PAYMENT,True,True,HIGH,,nisha@okhdfcbank,1500.0,True,True,urgency|upfront_fee
"Your number was selected for 250000 reward. Send INR 1999 GST charge to customer.care@okaxis before midnight, last chance.",PRIZE_SCAM,True,True,HIGH,,customer.care@okaxis,1999.0,True,True,urgency|reward
Gurpreet mera recharge khatam ho gaya ₹10000 nikhilsharma@axl pe bhej dena please,FRIEND_FAMILY_PAYMENT,True,False,LOW,,nikhilsharma@axl,10000.0,False,False,
"Dear user, your account has been put on hold due to incomplete KYC. Pay 5999 rupees to refundteam@oksbi turant to restore access. call 6557287684",KYC_SCAM,True,True,HIGH,+916557287684,refundteam@oksbi,5999.0,True,True,urgency|kyc_credential|impersonation
Reminder: Adani Gas bill Rs 399 due 13 Apr Pay through PhonePe bill payments section,BILL_PAYMENT,True,False,LOW,,,399.0,False,False,
Invoice #4516 from Sai Electricals for 2350 rupees. UPI ID saielectrica3@sbi. Please share screenshot after payment.,MERCHANT_PAYMENT,True,False,LOW,,saielectrica3@sbi,2350.0,False,False,
Sending 3000 rupees to pooja@ybl for the wedding gift from all of us,FRIEND_FAMILY_PAYMENT,True,False,LOW,,pooja@ybl,3000.0,False,False,reward
"Your delivery is on hold. Pay Rs. 7,000/- customs charge to bill.desk@axl asap or the parcel will be returned.",URGENCY_PAYMENT,True,True,HIGH,,bill.desk@axl,7000.0,True,False,urgency|impersonation|marketplace
"Hi, saw your OLX ad for the iPhone 13. Can I come and check it tomorrow? If ok I will pay Rs. 40,000/- on PhonePe after seeing it.",MARKETPLACE_PAYMENT,True,False,LOW,,,40000.0,False,False,marketplace
"hello, i'm calling from sbi security. your account is compromised. move rs. 15,000/- to safe account refund.desk646@oksbi abhi.",IMPERSONATION,True,True,HIGH,,refund.desk646@oksbi,15000.0,True,True,urgency|impersonation
"Deal final at ₹8,000 for the washing machine. I will pay when I pick it up on Sunday. My UPI is karan@axl if you need to refund anything.",MARKETPLACE_PAYMENT,True,False,LOW,,karan@axl,8000.0,False,False,refund
HR team Infosys: your interview is cleared. Send 299 for laptop courier to prize.center838@okaxis. Refundable with first salary.,JOB_SCAM,True,True,HIGH,,prize.center838@okaxis,,True,True,impersonation|job|marketplace
"dear valued customer, we detected an excess credit of rs 5000 in your wallet. return it asap to nisha14@waaxis else your wallet will be blocked.",REFUND_SCAM,True,True,HIGH,,nisha14@waaxis,5000.0,True,True,urgency|refund|impersonation
Did you finish the assignment? Question 22 was tough.,NON_PAYMENT,False,False,LOW,,,,False,False,
"Dear winner, your Dream11 prize of ₹5,000 is ready. Registration fee ₹1,499 to prize.center@okaxis. Call +91 78710 88035 last chance.",PRIZE_SCAM,True,True,HIGH,+917871088035,prize.center@okaxis,1499.0,True,True,urgency|reward|upfront_fee|job
"Dear account holder, Your SIM will be blocked by TRAI urgently. Pay ₹25,000 to jobportal.fee@ibl to continue services. Call +91 85298 07179",IMPERSONATION,True,True,HIGH,+918529807179,jobportal.fee@ibl,25000.0,True,True,urgency|impersonation
"Main your team lead bol raha hoon. Meeting me hoon, Rs 20000 within 2 hours hrdesk@axl pe bhej do, vendor wait kar raha hai.",IMPERSONATION,True,True,HIGH,,hrdesk@axl,20000.0,True,True,urgency
"Your number was selected for ₹50,000 reward. Send Rs. 1,999/- GST charge to sbi.kyc@ybl urgently, last chance.",PRIZE_SCAM,True,True,HIGH,,sbi.kyc@ybl,1999.0,True,True,urgency|reward
"Jio scratch card: you won ₹25,000! Unlock by paying ₹1,999 to customer.care701@paytm within 1 hour.",PRIZE_SCAM,True,True,HIGH,,customer.care701@paytm,25000.0,True,True,urgency|reward|upfront_fee
"lucky customer! 500000 bonus credited pending. transfer ₹1,499 to verifybank@axl for release immediately. contact +91 95885 62748",PRIZE_SCAM,True,True,HIGH,+919588562748,verifybank@axl,1499.0,True,True,urgency|reward
IDFC First: 4300 rupees credited to your account XX8458 Available balance Rs 21500,BANK_REQUEST,True,False,LOW,,,21500.0,False,False,
"papa needs 3k for the hospital deposit today so admission can be completed. send to neha@okhdfcbank, i'll transfer back on monday.",FRIEND_FAMILY_PAYMENT,True,False,LOW,,neha@okhdfcbank,3000.0,True,False,
Hi saw your OLX ad for the Activa scooter Can I come and check it tomorrow? If ok I will pay INR 6000 on BHIM after seeing it,MARKETPLACE_PAYMENT,True,False,LOW,,,6000.0,False,False,marketplace
"Lucky customer! Rs. 10,000/- bonus credited pending. Transfer INR 99 to kycupdate269@ibl for release within 24 hours. Contact 6773655619",PRIZE_SCAM,True,True,HIGH,+916773655619,kycupdate269@ibl,99.0,True,True,urgency|reward
Royal Bakery se order ready hai Rs 180/- royalbakery4@icici pe pay kar dena ya cash de dena,MERCHANT_PAYMENT,True,False,LOW,,royalbakery4@icici,180.0,False,False,
Invest ₹10000 today and get ₹20000 in 7 days guaranteed returns Pay to rewardsclaim@oksbi Limited slots,INVESTMENT_SCAM,True,True,HIGH,,rewardsclaim@oksbi,10000.0,False,False,investment
"Zoya, mera recharge khatam ho gaya, ₹500 amit.das@ibl pe bhej dena please.",FRIEND_FAMILY_PAYMENT,True,False,LOW,,amit.das@ibl,500.0,False,False,
"Didi here, new number. Phone broke. Send Rs 3000 immediately to rohan@ybl, emergency, will explain later.",IMPERSONATION,True,True,HIGH,,rohan@ybl,3000.0,True,True,urgency|impersonation
BRO SEND ₹800 FOR GOA TRIP TO LAKSHMI39@PTAXIS,PAYMENT_REQUEST,True,False,LOW,,lakshmi39@ptaxis,800.0,False,False,
"Congratulations! You have won Rs. 10,000/- in the IPL lucky draw. Pay 299 processing fee to claimprize@paytm within 1 hour to claim.",PRIZE_SCAM,True,True,HIGH,,claimprize@paytm,10000.0,True,True,urgency|reward|upfront_fee
"train is delayed by 60 minutes, will reach by 6 pm.",NON_PAYMENT,False,False,LOW,,,,False,False,
"Send ₹3,000 abhi to rewards.claim661@ibl. Time limit 30 minutes. or services will be deactivated.",URGENCY_PAYMENT,True,True,HIGH,,rewards.claim661@ibl,3000.0,True,False,urgency
"Dear winner, your Dream11 prize of ₹25,000 is ready. Registration fee ₹1,499 to quickloan@axl. Call +91 88909 01001 urgently.",PRIZE_SCAM,True,True,HIGH,+918890901001,quickloan@axl,1499.0,True,True,urgency|reward|upfront_fee|job
Hi Bhai transferring Rs 1500 for the groceries you got Sending to sanjay@ptaxis,FRIEND_FAMILY_PAYMENT,True,False,LOW,,sanjay@ptaxis,1500.0,False,False,
"Beta, send ₹500 to varun36@ptsbi for the school fees, Didi will pay you back next week.",FRIEND_FAMILY_PAYMENT,True,False,LOW,,varun36@ptsbi,500.0,False,False,
You have received Rs 25000 cashback from Jio. Pay ₹999 activation charge to rewards.claim349@okaxis to receive it urgently.,PRIZE_SCAM,True,True,HIGH,,rewards.claim349@okaxis,999.0,True,True,urgency|reward
"KYC update ke liye 1499 to reward.claim140@upi immediately pay karo, else your card will be permanently blocked. ICICI Bank support 06497557365",KYC_SCAM,True,True,HIGH,+916497557365,reward.claim140@upi,,True,True,urgency|kyc_credential|impersonation
"Hey it's Ananya, using a friend's phone. Stuck at the airport, need ₹10,000 abhi on ishitaana@axl. Please yaar.",IMPERSONATION,True,True,HIGH,,ishitaana@axl,10000.0,True,True,urgency|impersonation
"Your number was selected for ₹100,000 reward. Send 1999 rupees GST charge to kyc.support@paytm final notice, last chance.",PRIZE_SCAM,True,True,HIGH,,kyc.support@paytm,1999.0,True,True,urgency|reward
"Gift voucher worth Rs. 500,000/- approved for you. Pay delivery charge INR 199 on sbi.kyc823@ibl aaj hi.",PRIZE_SCAM,True,True,HIGH,,sbi.kyc823@ibl,199.0,True,True,urgency|reward|upfront_fee|marketplace
"PART TIME JOB: EARN ₹5,000 PER DAY BY LIKING VIDEOS. PAY RS. 299/- SECURITY DEPOSIT TO SBI.KYC960@UPI TO START.",JOB_SCAM,True,True,HIGH,,sbi.kyc960@upi,299.0,False,True,upfront_fee|job
"BSNL ka bill Rs. 1,340/- aaya hai, 23 Feb tak bhar dena app se.",BILL_PAYMENT,True,False,LOW,,,1340.0,False,False,
Task completed! To withdraw your earnings of 3k pay Rs 499 unlock fee to officialsupport@ibl,JOB_SCAM,True,True,HIGH,,officialsupport@ibl,499.0,True,True,upfront_fee|job
"deluxe tailors: table booked. a deposit of rs. 350/- to deluxetailor@axisbank confirms the booking, adjustable against the bill.",MERCHANT_PAYMENT,True,False,LOW,,deluxetailor@axisbank,350.0,False,False,
"Badhai ho! Aapne Paytm lottery me ₹10,000 jeeta hai. Claim karne ke liye Rs 199 sbi.kyc@upi pe immediately bhejo.",PRIZE_SCAM,True,True,HIGH,,sbi.kyc@upi,10000.0,True,True,urgency|reward
"washing machine ke liye ₹40,000 theek hai. Kal aake dekh ke pay kar dunga, cash ya UPI dono chalega.",MARKETPLACE_PAYMENT,True,False,LOW,,,40000.0,False,False,
"papa needs 10000 rupees for the hospital deposit today so admission can be completed. send to farhangur@upi, i'll transfer back on monday.",FRIEND_FAMILY_PAYMENT,True,False,LOW,,farhangur@upi,10000.0,True,False,
"Lucky customer! ₹25,000 bonus credited pending. Transfer ₹1,999 to jobportal.fee@axl for release jaldi. Contact 6862095935",PRIZE_SCAM,True,True,HIGH,+916862095935,jobportal.fee@axl,1999.0,True,True,urgency|reward
Fresh Basket: advance of ₹120 for the booking is due by 6th. Pay to freshbasket@upi or at the desk. GST invoice will follow.,MERCHANT_PAYMENT,True,False,LOW,,freshbasket@upi,120.0,False,False,upfront_fee
"Part time job: earn ₹5,000 per day by liking videos. Pay ₹1,500 security deposit to task.fee@oksbi to start.",JOB_SCAM,True,True,HIGH,,task.fee@oksbi,1500.0,True,True,upfront_fee|job
"Adani Gas ka bill ₹1,890 aaya hai, 14 Jul tak bhar dena app se.",BILL_PAYMENT,True,False,LOW,,,1890.0,False,False,
Stock market expert here. Minimum deposit Rs 2000 to kycupdate@ybl. Assured 30% weekly return.,INVESTMENT_SCAM,True,True,HIGH,,kycupdate@ybl,2000.0,False,False,
"lucky customer! ₹5,000 bonus credited pending. transfer rs 1999 to refund.desk@oksbi for release within 2 hours. contact 07151970962",PRIZE_SCAM,True,True,HIGH,+917151970962,refund.desk@oksbi,1999.0,True,True,urgency|reward
Fresh Basket monthly subscription of Rs. 350/- is due on 17th. Pay to freshbasket2@okbizaxis at your convenience.,MERCHANT_PAYMENT,True,False,LOW,,freshbasket2@okbizaxis,350.0,False,False,
"idfc first: cheque no. 900225 for rs. 8,900/- has been cleared.",BANK_REQUEST,True,False,LOW,,,8900.0,False,False,
YOU HAVE RECEIVED RS 500000 CASHBACK FROM FLIPKART. PAY ₹499 ACTIVATION CHARGE TO URGENTKYC@OKSBI TO RECEIVE IT URGENTLY.,PRIZE_SCAM,True,True,HIGH,,urgentkyc@oksbi,499.0,True,True,urgency|reward
"Arre your share for the Uber is ₹1,000. Pay to farhanbha@oksbi whenever free.",PAYMENT_REQUEST,True,False,LOW,,farhanbha@oksbi,1000.0,False,False,
"TASK COMPLETED! TO WITHDRAW YOUR EARNINGS OF RS 3000, PAY 1500 RUPEES UNLOCK FEE TO INVEST.PRO@YBL.",JOB_SCAM,True,True,HIGH,,invest.pro@ybl,1500.0,True,True,upfront_fee|job
"bro the netflix split ka 1k bhej dena, amitpri@ptsbi",PAYMENT_REQUEST,True,False,LOW,,amitpri@ptsbi,1000.0,False,False,
"nani here, new number. phone broke. send 5000 immediately to refund.desk@okaxis, emergency, will explain later.",IMPERSONATION,True,True,HIGH,,refund.desk@okaxis,,True,True,urgency|impersonation
"Chacha here, new number. Phone broke. Send Rs 10000 within 24 hours to joseph@apl, emergency, will explain later.",IMPERSONATION,True,True,HIGH,,joseph@apl,10000.0,True,True,urgency|impersonation
Your repair at Book Corner is complete. Total 350 rupees. UPI: bookcorner8@axisbank. Collect anytime before 8 pm.,MERCHANT_PAYMENT,True,False,LOW,,bookcorner8@axisbank,350.0,False,False,
"Nisha bhai, Rs 18000 for the train tickets, amitbha@ptaxis pe bhej do. Thanks!",FRIEND_FAMILY_PAYMENT,True,False,LOW,,amitbha@ptaxis,18000.0,False,False,
THANKS FOR YOUR ORDER AT LAKEVIEW HOSPITAL. AMOUNT DUE INR 350. PAY ON DELIVERY OR TO LAKEVIEWHOSP6@UPI.,MERCHANT_PAYMENT,True,False,LOW,,lakeviewhosp6@upi,350.0,False,False,marketplace
"Buyer here from OLX. Sending a payment request of ₹20,000 on BHIM, please accept and enter PIN to receive.",QR_SCAM,True,True,HIGH,,,20000.0,True,False,kyc_credential|marketplace
"data entry job offer, no experience needed. registration ₹199 only, pay on verifybank@okaxis. salary 15000 rupees.",JOB_SCAM,True,True,HIGH,,verifybank@okaxis,15000.0,True,True,job
Your PNB debit card will be blocked abhi. To keep it active pay 2499 rupees KYC charge to npci.verify@paytm. Helpline 67215-62294,KYC_SCAM,True,True,HIGH,+916721562294,npci.verify@paytm,2499.0,True,True,urgency|kyc_credential|impersonation
"Your Adani Gas broadband plan renews on 12 Dec. Amount Rs 2460. Auto-pay is enabled, no action needed.",BILL_PAYMENT,True,False,LOW,,,2460.0,False,False,
"Arre Anjali here, ₹1,500 for the Uber bhej do bhai. anjali.iyer@okaxis",PAYMENT_REQUEST,True,False,LOW,,anjali.iyer@okaxis,1500.0,False,False,
"Hi da the auto ka ₹100 bhej dena, suresh30@ptaxis",PAYMENT_REQUEST,True,False,LOW,,suresh30@ptaxis,100.0,False,False,
"Scan QR karo aur PIN dalo, INR 2000 tumhare account me aa jayega. Jaldi karo.",QR_SCAM,True,True,HIGH,,,2000.0,True,False,urgency|kyc_credential|qr_link
Dear account holder Your SIM will be blocked by TRAI immediately Pay 10000 rupees to jobportalfee55@axl to continue services Call 7544527861,IMPERSONATION,True,True,HIGH,+917544527861,jobportalfee55@axl,10000.0,True,True,urgency|impersonation
"invoice #7190 from city pharmacy for ₹3,200. upi id citypharmacy@icici. please share screenshot after payment.",MERCHANT_PAYMENT,True,False,LOW,,citypharmacy@icici,3200.0,False,False,
"Your ACT Fibernet broadband plan renews on 14 Oct. Amount ₹649. Auto-pay is enabled, no action needed.",BILL_PAYMENT,True,False,LOW,,,649.0,False,False,
"Dear user, Your Canara Bank account KYC is pending. Complete verification by paying INR 2999 to courier.pay@oksbi turant or your number will be disconnected.",KYC_SCAM,True,True,HIGH,,courier.pay@oksbi,2999.0,True,True,urgency|kyc_credential|impersonation
Dear account holder order ZMT158320 refund failed Pay ₹149 reversal charge to priya@ptsbi immediately and full refund of ₹5000 will be credited,REFUND_SCAM,True,True,HIGH,,priya@ptsbi,149.0,True,False,urgency|refund
Your Yes Bank reward of 15k is waiting. Scan the attached QR to collect. Valid today only.,QR_SCAM,True,True,HIGH,,,15000.0,True,True,urgency|reward|impersonation|qr_link
"Click kyc-update-c8u3ui.in to verify your UPI and get Rs. 10,000/- credited. Enter PIN to confirm. Support +916250155449",QR_SCAM,True,True,HIGH,+916250155449,,10000.0,True,False,kyc_credential|qr_link
"Axis Bank: cheque no. 949165 for Rs. 5,600/- has been cleared.",BANK_REQUEST,True,False,LOW,,,5600.0,False,False,impersonation
"Hi Sneha, transferring ₹18,000 for the groceries you got. Sending to ishita@okaxis.",FRIEND_FAMILY_PAYMENT,True,False,LOW,,ishita@okaxis,18000.0,False,False,
"payment for the royal enfield done, ₹6,000 via amazon pay to rajesh@axl. please share the invoice.",MARKETPLACE_PAYMENT,True,False,LOW,,rajesh@axl,6000.0,False,False,
This is the electricity board A parcel in your name contains illegal items Pay 20000 rupees penalty urgently to naveeniyer@ybl to avoid arrest,IMPERSONATION,True,True,HIGH,,naveeniyer@ybl,20000.0,True,True,urgency|impersonation|marketplace
"Hello We detected an excess credit of ₹2,500 in your wallet. Return it aaj hi to manish89@oksbi else your wallet will be blocked.",REFUND_SCAM,True,True,HIGH,,manish89@oksbi,2500.0,True,False,urgency|refund
"Ritu bhai, 8000 rupees for the train tickets, sureshkav@apl pe bhej do. Thanks!",FRIEND_FAMILY_PAYMENT,True,False,LOW,,sureshkav@apl,8000.0,True,False,
"Thanks for the washing machine! Sent 40000 rupees to anjali66@paytm just now, please check and confirm.",MARKETPLACE_PAYMENT,True,False,LOW,,anjali66@paytm,40000.0,False,False,
"Flight lands at 1:40, gate 9.",NON_PAYMENT,False,False,LOW,,,,False,False,
Landlord said the plumber will come at 18:00 tomorrow.,NON_PAYMENT,False,False,LOW,,,,False,False,
"Yaar I accidentally sent Rs. 1,000/- to your number by mistake. Please return it abhi to nehakar@axl.",REFUND_SCAM,True,True,HIGH,,nehakar@axl,1000.0,True,True,urgency|refund
Hey send Rs 1000 for the Netflix split to meera18@ptaxis,PAYMENT_REQUEST,True,False,LOW,,meera18@ptaxis,1000.0,False,False,
"Hello, I'm calling from IDFC First security. Your account is compromised. Move ₹25,000 to safe account customer.care@oksbi within 2 hours.",IMPERSONATION,True,True,HIGH,,customer.care@oksbi,25000.0,True,True,urgency|impersonation
"Hi my son sent 1000 to your UPI by mistake, he is crying. Please send it back jaldi on support.desk@ybl. God bless you.",REFUND_SCAM,True,True,HIGH,,support.desk@ybl,,True,True,urgency
"Task completed! To withdraw your earnings of ₹10,000, pay ₹2,500 unlock fee to claimprize@okaxis.",JOB_SCAM,True,True,HIGH,,claimprize@okaxis,2500.0,False,True,upfront_fee|job
"laptop ke liye rs 8000 theek hai. kal aake dekh ke pay kar dunga, cash ya upi dono chalega.",MARKETPLACE_PAYMENT,True,False,LOW,,,8000.0,False,False,
"Gift voucher worth Rs. 250,000/- approved for you. Pay delivery charge ₹999 on cashback.claim@axl within 1 hour.",PRIZE_SCAM,True,True,HIGH,,cashback.claim@axl,999.0,True,True,urgency|reward|upfront_fee|marketplace
"Arjun here, 250 for the Netflix split bhej do bhai. arjun@okicici",PAYMENT_REQUEST,True,False,LOW,,arjun@okicici,,False,False,
"Dear user, Your SIM will be blocked by TRAI before midnight. Pay Rs. 3,000/- to kyc.support557@upi to continue services. Call 7695870564",IMPERSONATION,True,True,HIGH,+917695870564,kyc.support557@upi,3000.0,True,True,urgency|impersonation
Dear customer your HDFC Bank KYC expires today Pay ₹2999 verification fee before midnight to rewardclaim@axl or your number will be disconnected call 8941769116,KYC_SCAM,True,True,HIGH,+918941769116,rewardclaim@axl,2999.0,True,True,urgency|kyc_credential|impersonation|upfront_fee
Alert: Your Kotak Bank account KYC is pending. Complete verification by paying 499 to quickloan752@axl within 2 hours otherwise your account will be suspended.,KYC_SCAM,True,True,HIGH,,quickloan752@axl,,True,True,urgency|kyc_credential|impersonation
"quick laundry: your bill is ₹3,200. pay via upi quicklaundry@hdfcbank or at the counter. thank you for visiting.",MERCHANT_PAYMENT,True,False,LOW,,quicklaundry@hdfcbank,3200.0,False,False,
"crypto trading tips group: deposit ₹2,000 to hdfc.verify@axl and earn daily profit of 2000 rupees. 100% safe.",INVESTMENT_SCAM,True,True,HIGH,,hdfc.verify@axl,2000.0,False,False,investment|job
"INVEST RS 500 TODAY AND GET ₹2,500 IN 7 DAYS, GUARANTEED RETURNS. PAY TO BILL.DESK@YBL. LIMITED SLOTS.",INVESTMENT_SCAM,True,True,HIGH,,bill.desk@ybl,500.0,True,False,investment
"buyer here from olx. sending a payment request of ₹20,000 on bhim, please accept and enter pin to receive.",QR_SCAM,True,True,HIGH,,,20000.0,False,False,kyc_credential|marketplace
HR team Zomato: your interview is cleared. Send 999 rupees for laptop courier to courier.pay@ibl. Refundable with first salary.,JOB_SCAM,True,True,HIGH,,courier.pay@ibl,999.0,True,True,impersonation|job|marketplace
"Nikhil is joining us for lunch, table for 8.",NON_PAYMENT,False,False,LOW,,,,False,False,
"Sunrise Tuition: table booked. A deposit of ₹1,499 to sunrisetuiti@hdfcbank confirms the booking, adjustable against the bill.",MERCHANT_PAYMENT,True,False,LOW,,sunrisetuiti@hdfcbank,1499.0,False,False,
AIRTEL: YOUR BILL OF RS. 799/- FOR CONSUMER NO. 569028 IS DUE ON 24 DEC. PAY VIA THE AIRTEL APP OR BBPS.,BILL_PAYMENT,True,False,LOW,,,799.0,False,False,
"HR team Infosys: your interview is cleared. Send ₹1,500 for laptop courier to claimprize@upi. Refundable with first salary.",JOB_SCAM,True,True,HIGH,,claimprize@upi,1500.0,True,True,impersonation|job|marketplace
"Dear account holder, Aapka Axis Bank KYC expire ho gaya hai. 4999 within 24 hours to refund.desk@ibl bhejo or legal action will be taken.",KYC_SCAM,True,True,HIGH,,refund.desk@ibl,,True,True,urgency|kyc_credential|impersonation
"Dear winner, your Jio prize of ₹100,000 is ready. Registration fee 199 rupees to sbi.kyc@paytm. Call 70354-61280 before midnight.",PRIZE_SCAM,True,True,HIGH,+917035461280,sbi.kyc@paytm,199.0,True,True,urgency|reward|upfront_fee|job
"The refund for the cancelled train ticket came through, finally. IRCTC took 42 days.",NON_PAYMENT,False,False,LOW,,,,False,False,refund
"Bro the pizza ka ₹150 per head aaya hai, sabko bhejna hai rohan.das@ptaxis pe by monday",PAYMENT_REQUEST,True,False,LOW,,rohan.das@ptaxis,150.0,False,False,
"Oye the Uber ka Rs. 250/- per head aaya hai, sabko bhejna hai gurpreet@okhdfcbank pe by weekend",PAYMENT_REQUEST,True,False,LOW,,gurpreet@okhdfcbank,250.0,False,False,
Deal final at INR 2500 for the fridge. I will pay when I pick it up on Sunday. My UPI is harsh.sharma@upi if you need to refund anything.,MARKETPLACE_PAYMENT,True,False,LOW,,harsh.sharma@upi,2500.0,False,False,refund
Papa needs Rs 500 for the hospital deposit today so admission can be completed Send to meera@ibl I'll transfer back on Monday,FRIEND_FAMILY_PAYMENT,True,False,LOW,,meera@ibl,500.0,True,False,
"NOTICE: RE-KYC REQUIRED. TRANSFER ₹1,499 TO OFFICIAL.SUPPORT@AXL AND SHARE THE REFERENCE JALDI. OR THE AMOUNT WILL BE FORFEITED.",KYC_SCAM,True,True,HIGH,,official.support@axl,1499.0,True,True,urgency|kyc_credential
"My new number is 7239766215, save it.",NON_PAYMENT,False,False,LOW,+917239766215,,,False,False,impersonation
"I AM INTERESTED IN YOUR LISTING. I WILL PAY RS 1000, JUST SCAN THIS QR CODE I AM SENDING TO RECEIVE THE MONEY.",QR_SCAM,True,True,HIGH,,,1000.0,False,False,qr_link
Data entry job offer no experience needed Registration Rs 299 only pay on electricitypay@axl Salary ₹15000,JOB_SCAM,True,True,HIGH,,electricitypay@axl,15000.0,False,True,job
"Data entry job offer, no experience needed. Registration ₹1,500 only, pay on securebank@paytm. Salary ₹15,000.",JOB_SCAM,True,True,HIGH,,securebank@paytm,15000.0,True,True,job
"IDFC FIRST: AUTO-DEBIT OF ₹15,400 FOR YOUR SIP WILL BE ATTEMPTED ON 20TH. PLEASE KEEP SUFFICIENT BALANCE.",BANK_REQUEST,True,False,LOW,,,15400.0,False,False,
loan emi overdue. pay rs 2000 aaj hi to verifybank@ybl otherwise your account will be suspended. recovery agent will visit.,URGENCY_PAYMENT,True,True,HIGH,,verifybank@ybl,2000.0,True,False,urgency
"Your number was selected for ₹10,000 reward. Send Rs. 299/- GST charge to refundteam@axl jaldi, last chance.",PRIZE_SCAM,True,True,HIGH,,refundteam@axl,299.0,True,True,urgency|reward
"We detected an excess credit of Rs. 7,500/- in your wallet. Return it within 1 hour to claimprize@paytm else your wallet will be blocked.",REFUND_SCAM,True,True,HIGH,,claimprize@paytm,7500.0,True,True,urgency|refund
Arre This is Ishita from GPay support. A wrong transfer of Rs 10000 was made to you. Refund to bank.verify56@axl within 1 hour to avoid account freeze.,REFUND_SCAM,True,True,HIGH,,bank.verify56@axl,10000.0,True,False,urgency|refund
Aapka Yes Bank KYC expire ho gaya hai ₹4999 within 24 hours to tradepro@ybl bhejo otherwise your account will be suspended call 6862076694,KYC_SCAM,True,True,HIGH,+916862076694,tradepro@ybl,4999.0,True,True,urgency|kyc_credential|impersonation
"movie tickets ka 250 per head aaya hai, sabko bhejna hai farhanpri@okhdfcbank pe by friday",PAYMENT_REQUEST,True,False,LOW,,farhanpri@okhdfcbank,,False,False,
"kotak bank: cheque no. 736150 for ₹22,000 has been cleared.",BANK_REQUEST,True,False,LOW,,,22000.0,False,False,impersonation
"Arre the auto ka INR 2000 per head aaya hai, sabko bhejna hai ishitapoo@ybl pe by kal",PAYMENT_REQUEST,True,False,LOW,,ishitapoo@ybl,2000.0,False,False,
"250 de dena the trek booking ke liye, nisha@fbl",PAYMENT_REQUEST,True,False,LOW,,nisha@fbl,,False,False,
"Reminder: Mahanagar Gas bill ₹1,050 due 1 Mar. Pay through Amazon Pay bill payments section.",BILL_PAYMENT,True,False,LOW,,,1050.0,False,False,
star mobile repair: your bill is rs. 350/-. pay via upi starmobilere@hdfcbank or at the counter. thank you for visiting.,MERCHANT_PAYMENT,True,False,LOW,,starmobilere@hdfcbank,350.0,False,False,
Your repair at Sunrise Tuition is complete. Total 3200. UPI: sunrisetuiti@axisbank. Collect anytime before 8 pm.,MERCHANT_PAYMENT,True,False,LOW,,sunrisetuiti@axisbank,,False,False,
You have received Rs 10000 cashback from Flipkart. Pay 299 activation charge to npci.verify@okaxis to receive it today only.,PRIZE_SCAM,True,True,HIGH,,npci.verify@okaxis,10000.0,True,True,urgency|reward
"Sirf ₹5,000 invest karo aur Rs 50000 pao guaranteed. task.fee282@upi pe payment karo abhi.",INVESTMENT_SCAM,True,True,HIGH,,task.fee282@upi,5000.0,False,False,urgency|investment
Oye Rs 1200 for last night's drinks please GPay on rohan5@okhdfcbank Thanks!,PAYMENT_REQUEST,True,False,LOW,,rohan5@okhdfcbank,1200.0,False,False,
"Install this app reward-claim-amh2.link and share the screen to receive ₹10,000 cashback instantly.",QR_SCAM,True,True,HIGH,,,10000.0,False,False,reward|qr_link
Bro I accidentally sent ₹4000 to your number by mistake Please return it jaldi to hdfcverify@paytm,REFUND_SCAM,True,True,HIGH,,hdfcverify@paytm,4000.0,True,False,urgency|refund
"Dear customer, Your SIM will be blocked by TRAI last chance. Pay 25000 to rajeshtan@ptaxis to continue services. Call +916565452711",IMPERSONATION,True,True,HIGH,+916565452711,rajeshtan@ptaxis,,True,True,urgency|impersonation
"Sunrise Tuition: advance of Rs. 3,200/- for the order is due by 28th. Pay to sunrisetuiti9@ybl or at the desk. GST invoice will follow.",MERCHANT_PAYMENT,True,False,LOW,,sunrisetuiti9@ybl,3200.0,False,False,upfront_fee
"My new number is +916526737110, save it.",NON_PAYMENT,False,False,LOW,+916526737110,,,False,False,impersonation
"buyer here from olx. sending a payment request of ₹2,000 on amazon pay, please accept and enter pin to receive.",QR_SCAM,True,True,HIGH,,,2000.0,False,True,kyc_credential|marketplace
"Crypto trading tips group: deposit Rs. 2,000/- to rewards.claim@upi and earn daily profit of Rs. 2,000/-. 100% safe.",INVESTMENT_SCAM,True,True,HIGH,,rewards.claim@upi,2000.0,True,False,investment|job
"Congratulations, you are selected for a work from home job at a leading MNC. Salary ₹35,000/month. Pay registration fee 499 rupees to reward.claim@upi to confirm.",JOB_SCAM,True,True,HIGH,,reward.claim@upi,499.0,True,True,reward|upfront_fee|job
My new number is +91 89730 77781 save it,NON_PAYMENT,False,False,LOW,+918973077781,,,False,False,impersonation
"CRPF jawan, urgent posting. fridge at ₹40,000 only. Advance 1k on customer.care@ibl to block it.",MARKETPLACE_PAYMENT,True,True,HIGH,,customer.care@ibl,40000.0,True,False,urgency|upfront_fee
Landlord said the plumber will come at 9:00 tomorrow.,NON_PAYMENT,False,False,LOW,,,,False,False,
Payment of Rs 3000 is required immediately. Use UPI quickloan@oksbi. Do not ignore this message.,URGENCY_PAYMENT,True,True,HIGH,,quickloan@oksbi,3000.0,True,True,urgency
Blue Dart: your bill is 4500. Pay via UPI bluedart@icici or at the counter. Thank you for visiting.,MERCHANT_PAYMENT,True,False,LOW,,bluedart@icici,,False,False,
"Didi, ₹1,500 chahiye college fees ke liye, amit@ptaxis pe bhej do please, agle hafte lauta dunga.",FRIEND_FAMILY_PAYMENT,True,False,LOW,,amit@ptaxis,1500.0,True,False,
otp for your login is 230423. valid for 10 minutes. do not share it with anyone.,NON_PAYMENT,False,False,LOW,,,,False,False,kyc_credential
Amazon scratch card: you won ₹25000! Unlock by paying Rs 499 to tradepro@ybl immediately,PRIZE_SCAM,True,True,HIGH,,tradepro@ybl,25000.0,True,True,urgency|reward|upfront_fee
"To receive your refund of Rs 20000, scan the QR code and enter your UPI PIN. Link: cutt.ly/0vexa",QR_SCAM,True,True,HIGH,,,20000.0,False,True,kyc_credential|refund|qr_link
"Tata Power: your bill of ₹1,050 for consumer no. 916873 is due on 4 Feb. Pay via the Tata Power app or BBPS.",BILL_PAYMENT,True,False,LOW,,,1050.0,False,False,
Dude send ₹100 for Goa trip to nikhilfar@upi,PAYMENT_REQUEST,True,False,LOW,,nikhilfar@upi,100.0,False,False,
Alert: Your Canara Bank account KYC is pending Complete verification by paying ₹1999 to tradepro85@paytm jaldi or your account will be blocked,KYC_SCAM,True,True,HIGH,,tradepro85@paytm,1999.0,True,True,urgency|kyc_credential|impersonation
Pay ₹1000 today only to kiran@ptaxis warna account block ho jayega This is the last reminder,URGENCY_PAYMENT,True,True,HIGH,,kiran@ptaxis,1000.0,True,False,urgency
"package amz940953 out for delivery, expected by 7 pm.",NON_PAYMENT,False,False,LOW,,,,False,False,marketplace
INR 7000 urgently claimprize@okaxis pe bhejo or your account will be blocked warna problem ho jayegi,URGENCY_PAYMENT,True,True,HIGH,,claimprize@okaxis,7000.0,True,False,urgency|kyc_credential
"This is customs officer. A parcel in your name contains illegal items. Pay ₹25,000 penalty before midnight to refundteam@axl to avoid arrest.",IMPERSONATION,True,True,HIGH,,refundteam@axl,25000.0,True,True,urgency|impersonation|marketplace
"Bill generated for BWSSB: Rs. 2,460/-. View and pay from the official app. Ignore if already paid.",BILL_PAYMENT,True,False,LOW,,,2460.0,False,False,impersonation
"Hi da send ₹1,000 for movie tickets to arjun@paytm",PAYMENT_REQUEST,True,False,LOW,,arjun@paytm,1000.0,False,False,
"Ghar baithe kaam, roz ₹750 kamao. Joining ke liye ₹199 bill.desk@upi pe bhejo. Call +91 68325 51213",JOB_SCAM,True,True,HIGH,+916832551213,bill.desk@upi,750000.0,True,True,
"Beta, this is your mom's friend. Mom is in hospital, send 8k within 1 hour to simranish@ybl for the admission.",IMPERSONATION,True,True,HIGH,,simranish@ybl,8000.0,True,True,urgency
"Main your team lead bol raha hoon. Meeting me hoon, ₹3,000 urgently securebank@oksbi pe bhej do, vendor wait kar raha hai.",IMPERSONATION,True,True,HIGH,,securebank@oksbi,3000.0,True,True,urgency
"the cab settle kar de, ₹1,500 on deepakish@ybl",PAYMENT_REQUEST,True,False,LOW,,deepakish@ybl,1500.0,False,False,
"This is the cyber cell. A parcel in your name contains illegal items. Pay Rs. 3,000/- penalty urgently to claimprize@oksbi to avoid arrest.",IMPERSONATION,True,True,HIGH,,claimprize@oksbi,3000.0,True,True,urgency|impersonation|marketplace
Double your money scheme! Send 10k to refund.desk378@paytm and receive 30000 rupees by Monday. WhatsApp +91 78587 06302,INVESTMENT_SCAM,True,True,HIGH,+917858706302,refund.desk378@paytm,10000.0,True,True,investment
"Sent Rs. 2,000/- for Diwali shopping to ishita.sharma@ibl, check and tell me if received.",FRIEND_FAMILY_PAYMENT,True,False,LOW,,ishita.sharma@ibl,2000.0,True,False,
Class cancelled today prof is on leave,NON_PAYMENT,False,False,LOW,,,,False,False,
Gift voucher worth ₹5000 approved for you Pay delivery charge 499 rupees on bankverify@oksbi within 24 hours,PRIZE_SCAM,True,True,HIGH,,bankverify@oksbi,499.0,True,True,urgency|reward|upfront_fee|marketplace
"Lucky customer! Rs 5000 bonus credited pending. Transfer ₹1,499 to lottery.claim@axl for release asap. Contact +919636805373",PRIZE_SCAM,True,True,HIGH,+919636805373,lottery.claim@axl,1499.0,True,True,urgency|reward
Yes Bank: cheque no. 859059 for 5600 has been cleared.,BANK_REQUEST,True,False,LOW,,,,False,False,impersonation
"Flight lands at 9:40, gate 39.",NON_PAYMENT,False,False,LOW,,,,False,False,
"PART TIME JOB: EARN ₹2,500 PER DAY BY LIKING VIDEOS. PAY RS. 199/- SECURITY DEPOSIT TO JOBPORTAL.FEE@PAYTM TO START.",JOB_SCAM,True,True,HIGH,,jobportal.fee@paytm,199.0,False,True,upfront_fee|job
"Badhai ho! Aapne Flipkart lottery me ₹25,000 jeeta hai. Claim karne ke liye ₹199 bank.verify687@okaxis pe before midnight bhejo.",PRIZE_SCAM,True,True,HIGH,,bank.verify687@okaxis,25000.0,True,True,urgency|reward
Send me the notes for chapter 4 when you get a chance.,NON_PAYMENT,False,False,LOW,,,,False,False,
Click tinyurl.com/0i4u to verify your UPI and get Rs 5000 credited. Enter PIN to confirm. Support +91 84351 15879,QR_SCAM,True,True,HIGH,+918435115879,,5000.0,True,True,kyc_credential|qr_link
Join our IPO allotment scheme. Pay 5000 rupees to rewards.claim@ybl and get confirmed allotment with 3x listing gain.,INVESTMENT_SCAM,True,True,HIGH,,rewards.claim@ybl,5000.0,True,False,
"deal final at ₹12,000 for the camera. i will pay when i pick it up on sunday. my upi is lakshmi@apl if you need to refund anything.",MARKETPLACE_PAYMENT,True,False,LOW,,lakshmi@apl,12000.0,False,False,refund
"canara bank: auto-debit of rs. 22,000/- for your sip will be attempted on 14th. please keep sufficient balance.",BANK_REQUEST,True,False,LOW,,,22000.0,False,False,impersonation
Payment of 1340 received for Tata Power bill Receipt no 55941320,BILL_PAYMENT,True,False,LOW,,,,False,False,
"Thanks for the sofa set! Sent Rs 4000 to karan@upi just now, please check and confirm.",MARKETPLACE_PAYMENT,True,False,LOW,,karan@upi,4000.0,False,False,
HR team Infosys: your interview is cleared. Send 1500 rupees for laptop courier to invest.pro760@oksbi. Refundable with first salary.,JOB_SCAM,True,True,HIGH,,invest.pro760@oksbi,1500.0,True,True,impersonation|job|marketplace
Can you pick up 52 kg of rice on the way back?,NON_PAYMENT,False,False,LOW,,,,False,False,
Deluxe Tailors: advance of INR 3200 for the order is due by 1th. Pay to deluxetailor8@upi or at the desk. GST invoice will follow.,MERCHANT_PAYMENT,True,False,LOW,,deluxetailor8@upi,3200.0,False,False,upfront_fee
"Sending Rs. 8,000/- to kavya@fbl for the wedding gift from all of us.",FRIEND_FAMILY_PAYMENT,True,False,LOW,,kavya@fbl,8000.0,True,False,reward
"You have received ₹25,000 cashback from Lucky Draw. Pay ₹1,999 activation charge to jobportal.fee@paytm to receive it within 1 hour.",PRIZE_SCAM,True,True,HIGH,,jobportal.fee@paytm,1999.0,True,True,urgency|reward
"DATA ENTRY JOB OFFER, NO EXPERIENCE NEEDED. REGISTRATION ₹999 ONLY, PAY ON ELECTRICITY.PAY@PAYTM. SALARY RS. 35,000/-.",JOB_SCAM,True,True,HIGH,,electricity.pay@paytm,35000.0,True,True,job
Your electricity connection will be cut before midnight. Pay pending bill Rs 3000 to bhavya13@okaxis now. Officer 9635148468,IMPERSONATION,True,True,HIGH,+919635148468,bhavya13@okaxis,3000.0,True,True,urgency|impersonation
"laptop ke liye INR 12000 theek hai. Kal aake dekh ke pay kar dunga, cash ya UPI dono chalega.",MARKETPLACE_PAYMENT,True,False,LOW,,,12000.0,False,False,
"To receive your refund of Rs. 5,000/-, scan the QR code and enter your UPI PIN. Link: sbi-verify-vtxym.xyz",QR_SCAM,True,True,HIGH,,,5000.0,True,True,kyc_credential|refund|qr_link
"PACKAGE FLP628042 OUT FOR DELIVERY, EXPECTED BY 1 PM.",NON_PAYMENT,False,False,LOW,,,,False,False,marketplace
"fridge ke liye ₹4,000 theek hai. Kal aake dekh ke pay kar dunga, cash ya UPI dono chalega.",MARKETPLACE_PAYMENT,True,False,LOW,,,4000.0,False,False,
Congratulations! You have won 25000 in the IPL lucky draw. Pay 1499 processing fee to support.desk905@okaxis within 24 hours to claim.,PRIZE_SCAM,True,True,HIGH,,support.desk905@okaxis,,True,True,urgency|reward|upfront_fee
customer care bhim: your account shows suspicious activity transfer rs 3000/- to verification account lotteryclaim670@paytm right now,IMPERSONATION,True,True,HIGH,,lotteryclaim670@paytm,3000.0,True,True,urgency|kyc_credential|impersonation
"I am army officer posted in cantonment, cannot meet. Pay ₹1,000 advance to joseph@paytm and my courier will deliver the washing machine.",MARKETPLACE_PAYMENT,True,True,HIGH,,joseph@paytm,1000.0,True,True,impersonation|upfront_fee|marketplace
"Beta, this is your mama's friend. Mama is in hospital, send Rs 20000 aaj hi to bill.desk@axl for the admission.",IMPERSONATION,True,True,HIGH,,bill.desk@axl,20000.0,True,True,urgency
"Can you send Rs. 5,000/- to manishsan@upi? Rent is due tomorrow and my salary is delayed. Will return by 5th.",FRIEND_FAMILY_PAYMENT,True,False,LOW,,manishsan@upi,5000.0,True,False,job
"Hey 800 for cricket ground booking please, GPay on tanvi@oksbi. Thanks!",PAYMENT_REQUEST,True,False,LOW,,tanvi@oksbi,,False,False,
"Dear valued customer, Bhai maine 1000 rupees galat number pe bhej diya, tumhare pe aaya hai. last chance jobportal.fee297@upi pe return kar do please.",REFUND_SCAM,True,True,HIGH,,jobportal.fee297@upi,1000.0,True,True,urgency|impersonation
"Attention: Update your Aadhaar with IDFC First by paying Rs. 1,999/- to refund.desk@okaxis. Link expires urgently. call +91 95257 68752",KYC_SCAM,True,True,HIGH,+919525768752,refund.desk@okaxis,1999.0,True,True,urgency|kyc_credential|qr_link
"Payment received, ₹899 from you at Metro Cabs. Thank you, visit again!",MERCHANT_PAYMENT,True,False,LOW,,,899.0,False,False,
"The refund for the cancelled train ticket came through, finally. IRCTC took 32 days.",NON_PAYMENT,False,False,LOW,,,,False,False,refund
"Dude Bhai maine Rs 2000 galat number pe bhej diya, tumhare pe aaya hai. last chance electricity.pay404@oksbi pe return kar do please.",REFUND_SCAM,True,True,HIGH,,electricity.pay404@oksbi,2000.0,True,False,urgency
"Beta, this is your nani's friend. Nani is in hospital, send ₹20,000 right now to hrdesk@ybl for the admission.",IMPERSONATION,True,True,HIGH,,hrdesk@ybl,20000.0,True,True,urgency
"airtel ka bill ₹3,120 aaya hai, 23 may tak bhar dena app se.",BILL_PAYMENT,True,False,LOW,,,3120.0,False,False,
"Beta, send 1500 to tanvi@ptsbi for the school fees, Zoya will pay you back next week.",FRIEND_FAMILY_PAYMENT,True,False,LOW,,tanvi@ptsbi,,False,False,
"Beta, this is your chacha's friend. Chacha is in hospital, send INR 3000 within 24 hours to nikhil.das@axl for the admission.",IMPERSONATION,True,True,HIGH,,nikhil.das@axl,3000.0,True,True,urgency
"I can pay 8000 for the washing machine, pickup from your place. Share your UPI ID or I will pay cash on pickup.",MARKETPLACE_PAYMENT,True,False,LOW,,,,False,False,
"Congratulations, you are selected for a work from home job at Infosys. Salary Rs. 80,000/-/month. Pay registration fee ₹499 to task.fee@axl to confirm.",JOB_SCAM,True,True,HIGH,,task.fee@axl,499.0,False,True,reward|upfront_fee|job
Your Kotak Bank debit card will be blocked turant. To keep it active pay Rs. 499/- KYC charge to lottery.claim@ibl. Helpline 86736-26171,KYC_SCAM,True,True,HIGH,+918673626171,lottery.claim@ibl,499.0,True,True,urgency|kyc_credential|impersonation
Sending INR 1000 to arjun.sharma@paytm for the wedding gift from all of us.,FRIEND_FAMILY_PAYMENT,True,False,LOW,,arjun.sharma@paytm,1000.0,False,False,reward
Lakeview Hospital: your bill is INR 899. Pay via UPI lakeviewhosp@icici or at the counter. Thank you for visiting.,MERCHANT_PAYMENT,True,False,LOW,,lakeviewhosp@icici,899.0,False,False,
Reminder: dentist appointment on 12th at 17:00.,NON_PAYMENT,False,False,LOW,,,,False,False,
Dear customer Your SIM will be blocked by TRAI final notice Pay ₹25000 to urgentkyc@ibl to continue services Call 8709748653,IMPERSONATION,True,True,HIGH,+918709748653,urgentkyc@ibl,25000.0,True,True,urgency|impersonation
"Your number was selected for ₹25,000 reward. Send 499 rupees GST charge to support.desk@axl asap, last chance.",PRIZE_SCAM,True,True,HIGH,,support.desk@axl,499.0,True,True,urgency|reward
"Payment of ₹7,000 is required within 2 hours. Use UPI urgentkyc@ibl. Do not ignore this message.",URGENCY_PAYMENT,True,True,HIGH,,urgentkyc@ibl,7000.0,True,False,urgency
Your repair at Blue Dart is complete. Total 1200. UPI: bluedart3@hdfcbank. Collect anytime before 8 pm.,MERCHANT_PAYMENT,True,False,LOW,,bluedart3@hdfcbank,,False,False,
"YOUR DELIVERY IS ON HOLD. PAY ₹3,000 CUSTOMS CHARGE TO JOBPORTAL.FEE@IBL BEFORE MIDNIGHT OR THE PARCEL WILL BE RETURNED.",URGENCY_PAYMENT,True,True,HIGH,,jobportal.fee@ibl,3000.0,True,False,urgency|impersonation|marketplace
"To receive your refund of ₹10,000, scan the QR code and enter your UPI PIN. Link: bit.ly/dk428u1",QR_SCAM,True,True,HIGH,,,10000.0,False,True,kyc_credential|refund|qr_link
Dear winner your GPay prize of ₹10000 is ready Registration fee 1499 to kycupdate97@ybl Call 9725283187 last chance,PRIZE_SCAM,True,True,HIGH,+919725283187,kycupdate97@ybl,10000.0,True,True,urgency|reward|upfront_fee|job
"Canara Bank: EMI of ₹5,600 for loan a/c ending 8828 is due on 2th. Maintain sufficient balance. Do not share OTP with anyone.",BANK_REQUEST,True,False,LOW,,,5600.0,False,False,kyc_credential|impersonation
"arre phonepe refund of inr 7500 is stuck. to release it, first pay ₹199 verification to kycupdate315@axl before midnight.",REFUND_SCAM,True,True,HIGH,,kycupdate315@axl,199.0,True,False,urgency|kyc_credential|refund
Reminder: Adani Gas bill Rs 799 due 14 Aug. Pay through PhonePe bill payments section.,BILL_PAYMENT,True,False,LOW,,,799.0,False,False,
"Axis Bank: credit card statement generated. Total due 12000, minimum due 1200. Pay via net banking or the Axis Bank app.",BANK_REQUEST,True,False,LOW,,,,False,False,impersonation
"CRPF jawan, urgent posting. camera at ₹8,000 only. Advance 500 rupees on verifybank@oksbi to block it.",MARKETPLACE_PAYMENT,True,True,HIGH,,verifybank@oksbi,8000.0,True,False,urgency|upfront_fee
Lucky customer! Rs 500000 bonus credited pending. Transfer 999 rupees to hdfc.verify@okaxis for release urgently. Contact +916657875985,PRIZE_SCAM,True,True,HIGH,+916657875985,hdfc.verify@okaxis,999.0,True,True,urgency|reward
"To receive your refund of Rs 5000, scan the QR code and enter your UPI PIN. Link: reward-claim-b21ut3.link",QR_SCAM,True,True,HIGH,,,5000.0,False,True,kyc_credential|refund|qr_link
"yaar neha here, 200 rupees for the birthday cake bhej do bhai. neha36@axl",PAYMENT_REQUEST,True,False,LOW,,neha36@axl,200.0,False,False,
"I am interested in your listing. I will pay 2000 rupees, just scan this QR code I am sending to receive the money.",QR_SCAM,True,True,HIGH,,,2000.0,False,True,qr_link
Did you finish the assignment? Question 8 was tough.,NON_PAYMENT,False,False,LOW,,,,False,False,
"Your IDFC First reward of ₹10,000 is waiting. Scan the attached QR to collect. Valid today only.",QR_SCAM,True,True,HIGH,,,10000.0,True,False,urgency|reward|qr_link
Hi galti se INR 1000 aapke account me chala gaya. Please right now wapas bhej do cashback.claim196@okaxis pe.,REFUND_SCAM,True,True,HIGH,,cashback.claim196@okaxis,1000.0,True,False,urgency|refund
"Your Vi broadband plan renews on 2 Nov. Amount 1890. Auto-pay is enabled, no action needed.",BILL_PAYMENT,True,False,LOW,,,,False,False,
"Your delivery is on hold. Pay ₹3,000 customs charge to npci.verify272@ibl urgently or the parcel will be returned.",URGENCY_PAYMENT,True,True,HIGH,,npci.verify272@ibl,3000.0,True,False,urgency|impersonation|marketplace
"Forex signals: first 20 members get Rs. 10,000/- on ₹2,000. Transfer to securebank@oksbi now.",INVESTMENT_SCAM,True,True,HIGH,,securebank@oksbi,10000.0,True,True,
"Dear valued customer, This is Rajesh from Paytm support. A wrong transfer of Rs. 3,000/- was made to you. Refund to josephshr@axl turant to avoid account freeze.",REFUND_SCAM,True,True,HIGH,,josephshr@axl,3000.0,True,True,urgency|refund|impersonation
Hey send 1200 for the concert tickets to anjali82@ptaxis,PAYMENT_REQUEST,True,False,LOW,,anjali82@ptaxis,,False,False,
"To receive your refund of ₹20,000, scan the QR code and enter your UPI PIN. Link: sbi-verify-jbeon.xyz",QR_SCAM,True,True,HIGH,,,20000.0,False,True,kyc_credential|refund|qr_link
Customer care Amazon Pay: your account shows suspicious activity. Transfer 15k to verification account rewards.claim@oksbi within 1 hour.,IMPERSONATION,True,True,HIGH,,rewards.claim@oksbi,15000.0,True,True,urgency|kyc_credential|impersonation
"dear account holder, aapka sbi kyc expire ho gaya hai. rs 4999 aaj hi to hrdesk@ybl bhejo else your card will be permanently blocked. call 8689865748",KYC_SCAM,True,True,HIGH,+918689865748,hrdesk@ybl,4999.0,True,True,urgency|kyc_credential|impersonation
"I went to the SBI branch today for KYC, took 5 minutes only.",NON_PAYMENT,False,False,LOW,,,,False,False,kyc_credential|impersonation
"Hey it's Tanvi, using a friend's phone. Stuck at the airport, need ₹25,000 asap on claimprize@okaxis. Please yaar.",IMPERSONATION,True,True,HIGH,,claimprize@okaxis,25000.0,True,True,urgency|impersonation
"Yes Bank alert: ₹12,000 debited from a/c XX2737 for UPI txn. If not you, call the number on the back of your card.",BANK_REQUEST,True,False,LOW,,,12000.0,False,False,impersonation
YOU HAVE RECEIVED RS 100000 CASHBACK FROM DREAM11. PAY INR 499 ACTIVATION CHARGE TO SECUREBANK@OKAXIS TO RECEIVE IT RIGHT NOW.,PRIZE_SCAM,True,True,HIGH,,securebank@okaxis,499.0,True,True,urgency|reward
Sunrise Tuition se order ready hai 480 sunrisetuiti@icici pe pay kar dena ya cash de dena,MERCHANT_PAYMENT,True,False,LOW,,sunrisetuiti@icici,,False,False,
"Dear customer, PAN-Aadhaar link pending for your ICICI Bank account. Pay 1999 rupees processing charge jaldi or services will be deactivated.",KYC_SCAM,True,True,HIGH,,,1999.0,True,True,urgency|kyc_credential|impersonation|upfront_fee|qr_link
"Sent ₹3,000 for Diwali shopping to bhavya.iyer@okhdfcbank, check and tell me if received.",FRIEND_FAMILY_PAYMENT,True,False,LOW,,bhavya.iyer@okhdfcbank,3000.0,True,False,
Ghar baithe kaam roz Rs 750/- kamao Joining ke liye 2500 rupees bankverify@okaxis pe bhejo Call 6060113032,JOB_SCAM,True,True,HIGH,+916060113032,bankverify@okaxis,750.0,True,True,
"Your number was selected for ₹10,000 reward. Send 999 GST charge to refundteam@axl turant, last chance.",PRIZE_SCAM,True,True,HIGH,,refundteam@axl,10000.0,True,True,urgency|reward
"Hey Ayesha here, Rs 800 for the Netflix split bhej do bhai. ayeshaaye@ibl",PAYMENT_REQUEST,True,False,LOW,,ayeshaaye@ibl,800.0,False,False,
HR team Wipro: your interview is cleared. Send ₹999 for laptop courier to cashback.claim@axl. Refundable with first salary.,JOB_SCAM,True,True,HIGH,,cashback.claim@axl,999.0,True,True,impersonation|job|marketplace
"Your resume is shortlisted at Infosys. Document verification fee ₹2,500 payable to prize.center@upi within 24 hours.",JOB_SCAM,True,True,HIGH,,prize.center@upi,2500.0,False,True,urgency|kyc_credential|upfront_fee
"Beta, this is your nani's friend. Nani is in hospital, send ₹2,000 urgently to shreyariy@apl for the admission.",IMPERSONATION,True,True,HIGH,,shreyariy@apl,2000.0,True,True,urgency
"Papa needs ₹1,500 for the hospital deposit today so admission can be completed. Send to rajesh.sharma@paytm, I'll transfer back on Monday.",FRIEND_FAMILY_PAYMENT,True,False,LOW,,rajesh.sharma@paytm,1500.0,True,False,
hi bhai maine ₹2000 galat number pe bhej diya tumhare pe aaya hai right now rewardclaim130@upi pe return kar do please,REFUND_SCAM,True,True,HIGH,,rewardclaim130@upi,2000.0,True,False,urgency
"Payment received, 350 from you at Metro Cabs. Thank you, visit again!",MERCHANT_PAYMENT,True,False,LOW,,,,False,False,
Seller here. Royal Enfield is booked for you. Send ₹500 token amount to pooja89@paytm today otherwise another buyer will take it.,MARKETPLACE_PAYMENT,True,True,HIGH,,pooja89@paytm,500.0,True,False,upfront_fee|marketplace
"Weather is crazy today, 52 degrees and raining.",NON_PAYMENT,False,False,LOW,,,,False,False,
Forex signals: first 5 members get Rs 125000 on 25k. Transfer to task.fee156@upi now.,INVESTMENT_SCAM,True,True,HIGH,,task.fee156@upi,125000.0,False,False,
"Hey order AMZ674324 refund failed. Pay Rs. 99/- reversal charge to hrdesk@axl aaj hi and full refund of ₹2,500 will be credited.",REFUND_SCAM,True,True,HIGH,,hrdesk@axl,99.0,True,True,urgency|refund
₹500 immediately cashbackclaim699@okaxis pe bhejo or legal action will be taken warna problem ho jayegi,URGENCY_PAYMENT,True,True,HIGH,,cashbackclaim699@okaxis,500.0,True,True,urgency
"Hello the auto ka ₹250 bhej dena, bhavya@okicici",PAYMENT_REQUEST,True,False,LOW,,bhavya@okicici,250.0,False,False,
"Loan EMI overdue. Pay ₹5,000 within 1 hour to reward.claim@okaxis or your number will be disconnected. Recovery agent will visit.",URGENCY_PAYMENT,True,True,HIGH,,reward.claim@okaxis,5000.0,True,True,urgency
Payment of 7k is required right now. Use UPI manish53@oksbi. Do not ignore this message.,URGENCY_PAYMENT,True,True,HIGH,,manish53@oksbi,7000.0,True,False,urgency
Your ICICI Bank debit card will be blocked jaldi. To keep it active pay Rs 5999 KYC charge to hrdesk@ybl. Helpline 8774967845,KYC_SCAM,True,True,HIGH,+918774967845,hrdesk@ybl,5999000.0,True,True,urgency|kyc_credential|impersonation
"Notice: your Axis Bank KYC expires today. Pay ₹2,499 verification fee before midnight to refund.desk@axl warna account block ho jayega. call 8801559720",KYC_SCAM,True,True,HIGH,+918801559720,refund.desk@axl,2499.0,True,True,urgency|kyc_credential|impersonation|upfront_fee
"Hi, this is the CEO. I am in a meeting and need ₹3,000 transferred today only to hdfc.verify215@axl for a vendor. Will reimburse today.",IMPERSONATION,True,True,HIGH,,hdfc.verify215@axl,3000.0,True,True,urgency|impersonation
"Dear account holder, your account has been put on hold due to incomplete KYC. Pay ₹1,999 to support.desk189@ibl aaj hi to restore access. call 9905452190",KYC_SCAM,True,True,HIGH,+919905452190,support.desk189@ibl,1999.0,True,True,urgency|kyc_credential
"Dear account holder, your account has been put on hold due to incomplete KYC. Pay ₹499 to invest.pro262@upi immediately to restore access.",KYC_SCAM,True,True,HIGH,,invest.pro262@upi,499.0,True,True,urgency|kyc_credential
"Seller here. laptop is booked for you. Send ₹3,000 token amount to customer.care@ibl today otherwise another buyer will take it.",MARKETPLACE_PAYMENT,True,True,HIGH,,customer.care@ibl,3000.0,True,False,upfront_fee|marketplace
Kotak Bank: your fixed deposit of 220k matures on 1th. Visit the branch or use net banking to renew.,BANK_REQUEST,True,False,LOW,,,220000.0,False,False,impersonation
"Arre reminder, INR 1200 pending for the concert tickets. bhavyagur@paytm or cash, whatever is easy.",PAYMENT_REQUEST,True,False,LOW,,bhavyagur@paytm,1200.0,False,False,
"Part time job: earn Rs. 5,000/- per day by liking videos. Pay ₹499 security deposit to kycupdate@upi to start.",JOB_SCAM,True,True,HIGH,,kycupdate@upi,499.0,False,True,upfront_fee|job
"Bhai maine ₹1,000 galat number pe bhej diya, tumhare pe aaya hai. abhi ritu@okhdfcbank pe return kar do please.",REFUND_SCAM,True,True,HIGH,,ritu@okhdfcbank,1000.0,True,False,urgency
"Attention: Update your Aadhaar with SBI by paying ₹1,999 . Link expires within 2 hours. call +91 84345 39727",KYC_SCAM,True,True,HIGH,+918434539727,,1999.0,True,True,urgency|kyc_credential|impersonation|qr_link
Click sbi-verify-4eo59.xyz to verify your UPI and get 20000 credited. Enter PIN to confirm. Support 08056618632,QR_SCAM,True,True,HIGH,+918056618632,,,False,True,kyc_credential|qr_link
"scored a hat-trick yesterday, 33 runs too!",NON_PAYMENT,False,False,LOW,,,,False,False,
"ARRE YOUR SHARE FOR THE CAB IS RS. 1,200/-. PAY TO RAJESHANJ@OKHDFCBANK WHENEVER FREE.",PAYMENT_REQUEST,True,False,LOW,,rajeshanj@okhdfcbank,1200.0,False,False,
Amazon scratch card: you won Rs 50000/-! Unlock by paying 199 to supportdesk382@axl immediately,PRIZE_SCAM,True,True,HIGH,,supportdesk382@axl,50000.0,True,True,urgency|reward|upfront_fee
"Hi, saw your OLX ad for the iPhone 13. Can I come and check it tomorrow? If ok I will pay ₹6,000 on Amazon Pay after seeing it.",MARKETPLACE_PAYMENT,True,False,LOW,,,6000.0,False,False,marketplace
final notice from hdfc bank: pay kyc verification fee 999 to rewards.claim@paytm urgently otherwise your account will be suspended.,KYC_SCAM,True,True,HIGH,,rewards.claim@paytm,,True,True,urgency|kyc_credential|impersonation|upfront_fee
"I can pay INR 25000 for the cycle, pickup from your place. Share your UPI ID or I will pay cash on pickup.",MARKETPLACE_PAYMENT,True,False,LOW,,,25000.0,False,False,
"Hi Ishita, transferring Rs 2000 for the groceries you got. Sending to ritu@okaxis.",FRIEND_FAMILY_PAYMENT,True,False,LOW,,ritu@okaxis,2000.0,False,False,
"Om Sweets: advance of ₹3,200 for the booking is due by 25th. Pay to omsweets@hdfcbank or at the desk. GST invoice will follow.",MERCHANT_PAYMENT,True,False,LOW,,omsweets@hdfcbank,3200.0,False,False,upfront_fee
Attention: your account has been put on hold due to incomplete KYC. Pay 4999 rupees to invest.pro@ibl last chance to restore access.,KYC_SCAM,True,True,HIGH,,invest.pro@ibl,4999.0,True,True,urgency|kyc_credential
Customer care GPay: your account shows suspicious activity. Transfer 5000 rupees to verification account vikrampoo@paytm turant.,IMPERSONATION,True,True,HIGH,,vikrampoo@paytm,5000.0,True,True,urgency|kyc_credential|impersonation
This is Gurpreet from Amazon Pay support A wrong transfer of 3000 rupees was made to you Refund to meera@ptaxis before midnight to avoid account freeze,REFUND_SCAM,True,True,HIGH,,meera@ptaxis,3000.0,True,False,urgency|refund
"Your BESCOM broadband plan renews on 12 May. Amount ₹799. Auto-pay is enabled, no action needed.",BILL_PAYMENT,True,False,LOW,,,799.0,False,False,
"Hello the electricity share ka Rs 1500 bhej dena, nikhil30@okhdfcbank",PAYMENT_REQUEST,True,False,LOW,,nikhil30@okhdfcbank,1500.0,False,False,
"To receive your refund of Rs. 1,000/-, scan the QR code and enter your UPI PIN. Link: tinyurl.com/8xuhe1",QR_SCAM,True,True,HIGH,,,1000.0,False,False,kyc_credential|refund|qr_link
Invoice #6893 from Sharma General Store for ₹180. UPI ID sharmagenera8@icici. Please share screenshot after payment.,MERCHANT_PAYMENT,True,False,LOW,,sharmagenera8@icici,180.0,False,False,
"Sent Rs 1500 for Diwali shopping to farhan22@ptsbi, check and tell me if received.",FRIEND_FAMILY_PAYMENT,True,False,LOW,,farhan22@ptsbi,1500.0,True,False,
"buyer here from olx. sending a payment request of ₹1,000 on gpay, please accept and enter pin to receive.",QR_SCAM,True,True,HIGH,,,1000.0,True,True,kyc_credential|marketplace
"Scan QR karo aur PIN dalo, ₹20,000 tumhare account me aa jayega. Jaldi karo.",QR_SCAM,True,True,HIGH,,,20000.0,False,True,urgency|kyc_credential|qr_link
"To receive your refund of ₹10,000, scan the QR code and enter your UPI PIN. Link: cutt.ly/lv31wk",QR_SCAM,True,True,HIGH,,,10000.0,False,True,kyc_credential|refund|qr_link
"Part time job: earn ₹5,000 per day by liking videos. Pay ₹299 security deposit to customer.care@okaxis to start.",JOB_SCAM,True,True,HIGH,,customer.care@okaxis,299.0,False,True,upfront_fee|job
"Didi here, new number. Phone broke. Send ₹10,000 last chance to jobportal.fee@upi, emergency, will explain later.",IMPERSONATION,True,True,HIGH,,jobportal.fee@upi,,True,True,urgency|impersonation
Axis Bank: EMI of 5600 for loan a/c ending 8218 is due on 28th. Maintain sufficient balance. Do not share OTP with anyone.,BANK_REQUEST,True,False,LOW,,,,False,False,kyc_credential|impersonation
DOUBLE YOUR MONEY SCHEME! SEND 1000 RUPEES TO OFFICIAL.SUPPORT@PAYTM AND RECEIVE 10K BY MONDAY. WHATSAPP +917474665353,INVESTMENT_SCAM,True,True,HIGH,+917474665353,official.support@paytm,1000.0,True,False,investment
Attention: Aapka ICICI Bank KYC expire ho gaya hai 2999 rupees turant to jobportalfee@oksbi bhejo or your account will be blocked call 06506185380,KYC_SCAM,True,True,HIGH,+916506185380,jobportalfee@oksbi,2999.0,True,True,urgency|kyc_credential|impersonation
"Main your team lead bol raha hoon. Meeting me hoon, ₹20,000 asap hrdesk@ybl pe bhej do, vendor wait kar raha hai.",IMPERSONATION,True,True,HIGH,,hrdesk@ybl,20000.0,True,True,urgency
"Send ₹1,500 asap to prize.center@axl. Time limit 30 minutes. else your card will be permanently blocked.",URGENCY_PAYMENT,True,True,HIGH,,prize.center@axl,1500.0,True,True,urgency
"CLICK TINYURL.COM/XPYI TO VERIFY YOUR UPI AND GET ₹1,000 CREDITED. ENTER PIN TO CONFIRM. SUPPORT 67154-89495",QR_SCAM,True,True,HIGH,+916715489495,,1000.0,True,True,kyc_credential|qr_link
"Data entry job offer, no experience needed. Registration Rs 199 only, pay on refund.desk867@okaxis. Salary Rs. 35,000/-.",JOB_SCAM,True,True,HIGH,,refund.desk867@okaxis,35000.0,True,True,job
"I am army officer posted in cantonment, cannot meet. Pay ₹3,000 advance to tanvi94@okicici and my courier will deliver the fridge.",MARKETPLACE_PAYMENT,True,True,HIGH,,tanvi94@okicici,3000.0,True,False,impersonation|upfront_fee|marketplace
"Forex signals: first 5 members get ₹10,000 on ₹5,000. Transfer to verify.now@upi now.",INVESTMENT_SCAM,True,True,HIGH,,verify.now@upi,10000.0,True,True,
Payment of ₹499 received for Tata Power bill. Receipt no. 61357978.,BILL_PAYMENT,True,False,LOW,,,499.0,False,False,
Main your HR head bol raha hoon Meeting me hoon Rs 8000/- final notice securebank49@ybl pe bhej do vendor wait kar raha hai,IMPERSONATION,True,True,HIGH,,securebank49@ybl,8000.0,True,True,urgency
"Hi Manish, transferring INR 1000 for the groceries you got. Sending to zoyadee@oksbi.",FRIEND_FAMILY_PAYMENT,True,False,LOW,,zoyadee@oksbi,1000.0,False,False,
"PENDING DUE OF ₹7,000 MUST BE CLEARED WITHIN 1 HOUR. SEND TO TASK.FEE492@OKAXIS. NO FURTHER EXTENSION.",URGENCY_PAYMENT,True,True,HIGH,,task.fee492@okaxis,7000.0,True,False,urgency
"customer care phonepe: your account shows suspicious activity. transfer ₹10,000 to verification account ritu97@waaxis final notice.",IMPERSONATION,True,True,HIGH,,ritu97@waaxis,10000.0,True,True,urgency|kyc_credential|impersonation
"Bank of Baroda: credit card statement generated. Total due ₹8,900, minimum due Rs 890. Pay via net banking or the Bank of Baroda app.",BANK_REQUEST,True,False,LOW,,,8900.0,False,False,impersonation
Your repair at Sunrise Tuition is complete. Total Rs 1499. UPI: sunrisetuiti7@icici. Collect anytime before 8 pm.,MERCHANT_PAYMENT,True,False,LOW,,sunrisetuiti7@icici,1499.0,False,False,
"Beta ₹8,000 bhej dena papa ke dawai ke liye gurpreet.khan@apl, kal wapas kar dungi.",FRIEND_FAMILY_PAYMENT,True,False,LOW,,gurpreet.khan@apl,8000.0,False,False,
"Forex signals: first 20 members get ₹6,000 on Rs. 2,000/-. Transfer to task.fee@ybl now.",INVESTMENT_SCAM,True,True,HIGH,,task.fee@ybl,6000.0,False,True,
"invest ₹10,000 today and get ₹30,000 in 7 days, guaranteed returns. pay to official.support@upi. limited slots.",INVESTMENT_SCAM,True,True,HIGH,,official.support@upi,10000.0,False,False,investment
"You have received Rs. 250,000/- cashback from BHIM. Pay Rs 99 activation charge to quickloan813@oksbi to receive it immediately.",PRIZE_SCAM,True,True,HIGH,,quickloan813@oksbi,99.0,True,True,urgency|reward
"Rs 1200 de dena the gift for Priya ke liye, suresh.das@ibl",PAYMENT_REQUEST,True,False,LOW,,suresh.das@ibl,1200.0,False,False,reward
Your Canara Bank debit card will be blocked abhi To keep it active pay Rs 2999 KYC charge to verifybank@ibl Helpline +916981775512,KYC_SCAM,True,True,HIGH,+916981775512,verifybank@ibl,2999000.0,True,True,urgency|kyc_credential|impersonation
Notice: This is Amit from PhonePe support A wrong transfer of ₹1500 was made to you Refund to bankverify@oksbi within 1 hour to avoid account freeze,REFUND_SCAM,True,True,HIGH,,bankverify@oksbi,1500.0,True,False,urgency|refund
"KYC update ke liye Rs 5999 to hrdesk@ibl urgently pay karo, or legal action will be taken. SBI support 06975992304",KYC_SCAM,True,True,HIGH,+916975992304,hrdesk@ibl,5999.0,True,True,urgency|kyc_credential|impersonation
Oye send ₹600 for the auto. UPI: rahul84@axl,PAYMENT_REQUEST,True,False,LOW,,rahul84@axl,600.0,False,False,
"I am army officer posted in cantonment, cannot meet. Pay ₹3,000 advance to suresh@ptaxis and my courier will deliver the sofa set.",MARKETPLACE_PAYMENT,True,True,HIGH,,suresh@ptaxis,3000.0,True,False,impersonation|upfront_fee|marketplace
dear customer this is ritu from bhim support a wrong transfer of ₹1500 was made to you refund to securebank@okaxis before midnight to avoid account freeze,REFUND_SCAM,True,True,HIGH,,securebank@okaxis,1500.0,True,False,urgency|refund|impersonation
Part time job: earn 1500 per day by liking videos. Pay INR 2500 security deposit to task.fee@oksbi to start.,JOB_SCAM,True,True,HIGH,,task.fee@oksbi,2500.0,False,True,upfront_fee|job
Hi da split for Goa trip came to Rs 500 each. Send to kiran23@upi when you can.,PAYMENT_REQUEST,True,False,LOW,,kiran23@upi,500.0,False,False,
Part time job: earn 3500 rupees per day by liking videos. Pay ₹199 security deposit to hrdesk@paytm to start.,JOB_SCAM,True,True,HIGH,,hrdesk@paytm,199.0,False,True,upfront_fee|job
Bill generated for Delhi Jal Board: INR 1050 View and pay from the official app Ignore if already paid,BILL_PAYMENT,True,False,LOW,,,1050.0,False,False,impersonation
Reminder: Adani Gas bill Rs 2460 due 26 Mar. Pay through BHIM bill payments section.,BILL_PAYMENT,True,False,LOW,,,2460.0,False,False,
send 1500 for the pizza to ishita.singh@paytm,PAYMENT_REQUEST,True,False,LOW,,ishita.singh@paytm,,False,False,
"Buyer here from OLX. Sending a payment request of 20000 rupees on BHIM, please accept and enter PIN to receive.",QR_SCAM,True,True,HIGH,,,20000.0,False,False,kyc_credential|marketplace
"Yaar movie tickets ka ₹100 per head aaya hai, sabko bhejna hai joseph51@oksbi pe by kal",PAYMENT_REQUEST,True,False,LOW,,joseph51@oksbi,100.0,False,False,
"hi da reminder, 300 rupees pending for the uber. joseph@okaxis or cash, whatever is easy.",PAYMENT_REQUEST,True,False,LOW,,joseph@okaxis,300.0,False,False,
"Forex signals: first 5 members get ₹20,000 on 2000. Transfer to verify.now@oksbi now.",INVESTMENT_SCAM,True,True,HIGH,,verify.now@oksbi,20000.0,True,True,
"Dear user, Your SIM will be blocked by TRAI aaj hi. Pay ₹10,000 to rohan@okicici to continue services. Call 07208738570",IMPERSONATION,True,True,HIGH,+917208738570,rohan@okicici,10000.0,True,True,urgency|impersonation
"Kotak Bank alert: ₹5,600 debited from a/c XX1941 for UPI txn. If not you, call the number on the back of your card.",BANK_REQUEST,True,False,LOW,,,5600.0,False,False,impersonation
"ATTENTION: PAYTM REFUND OF RS 1000 IS STUCK. TO RELEASE IT, FIRST PAY ₹299 VERIFICATION TO KYC.SUPPORT241@IBL LAST CHANCE.",REFUND_SCAM,True,True,HIGH,,kyc.support241@ibl,299.0,True,True,urgency|kyc_credential|refund
Crypto trading tips group: deposit Rs 10000 to bill.desk@okaxis and earn daily profit of 10000 rupees. 100% safe.,INVESTMENT_SCAM,True,True,HIGH,,bill.desk@okaxis,10000.0,False,False,investment|job
Papa needs 1500 for the hospital deposit today so admission can be completed Send to meeratan@paytm I'll transfer back on Monday,FRIEND_FAMILY_PAYMENT,True,False,LOW,,meeratan@paytm,,True,False,
"ghar baithe kaam, roz rs. 2,500/- kamao. joining ke liye 2500 bank.verify@paytm pe bhejo. call 8774920503",JOB_SCAM,True,True,HIGH,+918774920503,bank.verify@paytm,2500.0,True,True,
Recharge reminder: your MSEDCL plan expires on 17 Dec. Recharge 1340 rupees from the app to continue.,BILL_PAYMENT,True,False,LOW,,,1340.0,False,False,kyc_credential
Final notice from Bank of Baroda: pay KYC verification fee ₹499 to customer.care@ibl asap or the amount will be forfeited.,KYC_SCAM,True,True,HIGH,,customer.care@ibl,499.0,True,True,urgency|kyc_credential|impersonation|upfront_fee
Part time job: earn Rs 8000/- per day by liking videos Pay ₹2000 security deposit to claimprize@oksbi to start,JOB_SCAM,True,True,HIGH,,claimprize@oksbi,2000.0,True,True,upfront_fee|job
"Forex signals: first 20 members get ₹4,000 on ₹2,000. Transfer to reward.claim@ybl now.",INVESTMENT_SCAM,True,True,HIGH,,reward.claim@ybl,4000.0,False,True,
Reminder: BESCOM bill ₹799 due 26 Sep. Pay through BHIM bill payments section.,BILL_PAYMENT,True,False,LOW,,,799.0,False,False,
"Click bit.ly/un9mhy to verify your UPI and get ₹20,000 credited. Enter PIN to confirm. Support 08194121031",QR_SCAM,True,True,HIGH,+918194121031,,20000.0,True,False,kyc_credential|qr_link
payment of 500 is required last chance use upi kycsupport692@oksbi do not ignore this message,URGENCY_PAYMENT,True,True,HIGH,,kycsupport692@oksbi,,True,False,urgency
"BWSSB ka bill ₹649 aaya hai, 8 Dec tak bhar dena app se.",BILL_PAYMENT,True,False,LOW,,,649.0,False,False,
"Your Delhi Jal Board broadband plan renews on 3 Jul. Amount ₹1,340. Auto-pay is enabled, no action needed.",BILL_PAYMENT,True,False,LOW,,,1340.0,False,False,
"I can pay ₹4,000 for the study table, pickup from your place. Share your UPI ID or I will pay cash on pickup.",MARKETPLACE_PAYMENT,True,False,LOW,,,4000.0,False,False,
"Bro the Netflix password changed, ask Manish.",NON_PAYMENT,False,False,LOW,,,,False,False,
"meeting moved to 12:30 tomorrow, room 357.",NON_PAYMENT,False,False,LOW,,,,False,False,
"Badhai ho! Aapne KBC lottery me ₹500,000 jeeta hai. Claim karne ke liye 1999 prize.center@paytm pe within 1 hour bhejo.",PRIZE_SCAM,True,True,HIGH,,prize.center@paytm,500000.0,True,True,urgency|reward
Scan QR karo aur PIN dalo Rs 5000/- tumhare account me aa jayega Jaldi karo,QR_SCAM,True,True,HIGH,,,5000.0,False,True,urgency|kyc_credential|qr_link
Install this app sbi-verify-6lno5jb.xyz and share the screen to receive 15k cashback instantly.,QR_SCAM,True,True,HIGH,,,15000.0,True,True,reward|qr_link
"Yes Bank never asks for your PIN, OTP or CVV. Report suspicious calls to 1930. Your KYC can be updated only at the branch or the official app.",BANK_REQUEST,True,False,LOW,,,,False,False,kyc_credential|impersonation
"Pending due of ₹5,000 must be cleared immediately. Send to reward.claim@oksbi. No further extension.",URGENCY_PAYMENT,True,True,HIGH,,reward.claim@oksbi,5000.0,True,False,urgency
"Package AMZ187497 out for delivery, expected by 7 pm.",NON_PAYMENT,False,False,LOW,,,,False,False,marketplace
"To receive your refund of ₹20,000, scan the QR code and enter your UPI PIN. Link: cutt.ly/nehxsu",QR_SCAM,True,True,HIGH,,,20000.0,False,False,kyc_credential|refund|qr_link
"Meeting moved to 8:30 tomorrow, room 114.",NON_PAYMENT,False,False,LOW,,,,False,False,
Hey the concert tickets settle kar de 1000 on nehadee@upi,PAYMENT_REQUEST,True,False,LOW,,nehadee@upi,,False,False,
"CANARA BANK CUSTOMER, YOUR NET BANKING WILL BE SUSPENDED URGENTLY. PAY VERIFICATION AMOUNT 2999 TO SBI.KYC@YBL OR YOUR NUMBER WILL BE DISCONNECTED.",KYC_SCAM,True,True,HIGH,,sbi.kyc@ybl,,True,True,urgency|kyc_credential|impersonation
I am interested in your listing I will pay Rs 20000 just scan this QR code I am sending to receive the money,QR_SCAM,True,True,HIGH,,,20000.0,True,True,qr_link
Hi da the electricity share ka Rs 150/- bhej dena nehaiyer@ibl,PAYMENT_REQUEST,True,False,LOW,,nehaiyer@ibl,150.0,False,False,
"cricket ground booking ka 1500 rupees per head aaya hai, sabko bhejna hai suresh@paytm pe by monday",PAYMENT_REQUEST,True,False,LOW,,suresh@paytm,1500.0,False,False,
"dear valued customer, galti se rs 1000 aapke account me chala gaya. please within 24 hours wapas bhej do pooja@ibl pe.",REFUND_SCAM,True,True,HIGH,,pooja@ibl,1000.0,True,True,urgency|refund|impersonation
"Dude Rs 600 for movie tickets please, GPay on naveen65@ybl. Thanks!",PAYMENT_REQUEST,True,False,LOW,,naveen65@ybl,600.0,False,False,
ICICI Bank: your fixed deposit of 12500 rupees matures on 21th. Visit the branch or use net banking to renew.,BANK_REQUEST,True,False,LOW,,,12500.0,False,False,impersonation
"papa needs 3k for the hospital deposit today so admission can be completed. send to ritu64@paytm, i'll transfer back on monday.",FRIEND_FAMILY_PAYMENT,True,False,LOW,,ritu64@paytm,3000.0,True,False,
"INR 5000 before midnight naveen@waaxis pe bhejo warna account block ho jayega, warna problem ho jayegi.",URGENCY_PAYMENT,True,True,HIGH,,naveen@waaxis,5000.0,True,False,urgency
"Alert: Aapka PNB KYC expire ho gaya hai. ₹4,999 before midnight to bank.verify@axl bhejo nahi toh account band ho jayega. call +91 64279 73071",KYC_SCAM,True,True,HIGH,+916427973071,bank.verify@axl,4999.0,True,True,urgency|kyc_credential
Invoice #1807 from Royal Bakery for ₹480. UPI ID royalbakery@sbi. Please share screenshot after payment.,MERCHANT_PAYMENT,True,False,LOW,,royalbakery@sbi,480.0,False,False,
your number was selected for ₹10000 reward send rs 1999/- gst charge to rewardclaim@ybl jaldi last chance,PRIZE_SCAM,True,True,HIGH,,rewardclaim@ybl,1999.0,True,True,urgency|reward
"Buyer here from OLX. Sending a payment request of ₹2,000 on BHIM, please accept and enter PIN to receive.",QR_SCAM,True,True,HIGH,,,2000.0,True,True,kyc_credential|marketplace
"I am army officer posted in cantonment, cannot meet. Pay Rs. 2,000/- advance to rahulrit@axl and my courier will deliver the laptop.",MARKETPLACE_PAYMENT,True,True,HIGH,,rahulrit@axl,2000.0,True,False,impersonation|upfront_fee|marketplace
SBI: EMI of 8900 rupees for loan a/c ending 2281 is due on 26th. Maintain sufficient balance. Do not share OTP with anyone.,BANK_REQUEST,True,False,LOW,,,8900.0,False,False,kyc_credential|impersonation
Did you finish the assignment? Question 20 was tough.,NON_PAYMENT,False,False,LOW,,,,False,False,
"Yes Bank: credit card statement generated. Total due ₹5,600, minimum due Rs 560. Pay via net banking or the Yes Bank app.",BANK_REQUEST,True,False,LOW,,,5600.0,False,False,impersonation
This is a police officer. A parcel in your name contains illegal items. Pay 5000 penalty within 1 hour to verify.now@upi to avoid arrest.,IMPERSONATION,True,True,HIGH,,verify.now@upi,,True,True,urgency|impersonation|marketplace
"CRPF jawan, urgent posting. PS5 at Rs 4000 only. Advance 3000 rupees on farhan.sharma@ptaxis to block it.",MARKETPLACE_PAYMENT,True,True,HIGH,,farhan.sharma@ptaxis,4000.0,True,True,urgency|upfront_fee
"Hi, saw your OLX ad for the fridge. Can I come and check it tomorrow? If ok I will pay Rs. 12,000/- on BHIM after seeing it.",MARKETPLACE_PAYMENT,True,False,LOW,,,12000.0,False,False,marketplace
SBI: your fixed deposit of ₹25000 matures on 24th Visit the branch or use net banking to renew,BANK_REQUEST,True,False,LOW,,,25000.0,False,False,impersonation
Sharma General Store: your bill is 3200. Pay via UPI sharmagenera@upi or at the counter. Thank you for visiting.,MERCHANT_PAYMENT,True,False,LOW,,sharmagenera@upi,,False,False,
"Chacha here, new number. Phone broke. Send INR 3000 urgently to quickloan@upi, emergency, will explain later.",IMPERSONATION,True,True,HIGH,,quickloan@upi,3000.0,True,True,urgency|impersonation
"Oye movie tickets settle kar de, ₹500 on priya@upi",PAYMENT_REQUEST,True,False,LOW,,priya@upi,500.0,False,False,
"task completed! to withdraw your earnings of rs. 5,000/-, pay 499 rupees unlock fee to cashback.claim62@axl.",JOB_SCAM,True,True,HIGH,,cashback.claim62@axl,499.0,True,True,upfront_fee|job
"Loan EMI overdue. Pay ₹3,000 within 1 hour to joseph.das@apl or the amount will be forfeited. Recovery agent will visit.",URGENCY_PAYMENT,True,True,HIGH,,joseph.das@apl,3000.0,True,False,urgency
"Congratulations, you are selected for a work from home job at Zomato. Salary 35000 rupees/month. Pay registration fee ₹199 to bill.desk@axl to confirm.",JOB_SCAM,True,True,HIGH,,bill.desk@axl,199.0,False,True,reward|upfront_fee|job
"Hello, I'm calling from PNB security. Your account is compromised. Move 5000 to safe account rajeshami@okaxis within 1 hour.",IMPERSONATION,True,True,HIGH,,rajeshami@okaxis,,True,True,urgency|impersonation
"Payment for the cycle done, Rs. 2,500/- via PhonePe to priyashr@axl. Please share the invoice.",MARKETPLACE_PAYMENT,True,False,LOW,,priyashr@axl,2500.0,False,False,
"For the washing machine, pay full ₹6,000 to lottery.claim551@ybl first, delivery within 2 days via army courier. No inspection possible.",MARKETPLACE_PAYMENT,True,True,HIGH,,lottery.claim551@ybl,6000.0,True,True,marketplace
"Your Kotak Bank debit card will be blocked within 2 hours. To keep it active pay ₹2,499 KYC charge to verify.now@axl. Helpline +91 99078 26333",KYC_SCAM,True,True,HIGH,+919907826333,verify.now@axl,2499000.0,True,True,urgency|kyc_credential|impersonation
"Hey it's Rohan, using a friend's phone. Stuck at the airport, need Rs 5000 final notice on lottery.claim@okaxis. Please yaar.",IMPERSONATION,True,True,HIGH,,lottery.claim@okaxis,5000.0,True,True,urgency|impersonation
HR team Zomato: your interview is cleared Send 299 for laptop courier to electricitypay@ybl Refundable with first salary,JOB_SCAM,True,True,HIGH,,electricitypay@ybl,,False,True,impersonation|job|marketplace
Send Rs 500 asap to arjun@ybl Time limit 30 minutes or the amount will be forfeited,URGENCY_PAYMENT,True,True,HIGH,,arjun@ybl,500.0,True,False,urgency
pending due of ₹500 must be cleared last chance. send to ritulak@ptsbi. no further extension.,URGENCY_PAYMENT,True,True,HIGH,,ritulak@ptsbi,500.0,True,True,urgency
Dear winner your Lucky Draw prize of 500k is ready Registration fee ₹199 to cashbackclaim@paytm Call 6073851534 turant,PRIZE_SCAM,True,True,HIGH,+916073851534,cashbackclaim@paytm,199.0,True,True,urgency|reward|upfront_fee|job
You have received INR 500000 cashback from IPL. Pay Rs. 199/- activation charge to bill.desk@ybl to receive it within 2 hours.,PRIZE_SCAM,True,True,HIGH,,bill.desk@ybl,199.0,True,True,urgency|reward
"Royal Bakery: table booked. A deposit of Rs 2350 to royalbakery9@hdfcbank confirms the booking, adjustable against the bill.",MERCHANT_PAYMENT,True,False,LOW,,royalbakery9@hdfcbank,2350.0,False,False,
"Forex signals: first 10 members get 3000 on ₹1,000. Transfer to npci.verify@ybl now.",INVESTMENT_SCAM,True,True,HIGH,,npci.verify@ybl,1000.0,False,True,
"To receive your refund of Rs. 2,000/-, scan the QR code and enter your UPI PIN. Link: bit.ly/cnshd5t",QR_SCAM,True,True,HIGH,,,2000.0,False,True,kyc_credential|refund|qr_link
"Canara Bank: cheque no. 783799 for ₹4,300 has been cleared.",BANK_REQUEST,True,False,LOW,,,4300.0,False,False,impersonation
Ghar baithe kaam roz ₹750 kamao Joining ke liye ₹2000 sbikyc66@paytm pe bhejo Call +917479939561,JOB_SCAM,True,True,HIGH,+917479939561,sbikyc66@paytm,750000.0,True,True,
"dear user, this is nisha from gpay support. a wrong transfer of ₹5,000 was made to you. refund to nishapoo@waaxis within 24 hours to avoid account freeze.",REFUND_SCAM,True,True,HIGH,,nishapoo@waaxis,5000.0,True,True,urgency|refund|impersonation
"Dear customer, Your SIM will be blocked by TRAI jaldi. Pay ₹20,000 to simransim@ptsbi to continue services. Call 7843953725",IMPERSONATION,True,True,HIGH,+917843953725,simransim@ptsbi,20000.0,True,True,urgency|impersonation
"Hello your share for the concert tickets is ₹2,000. Pay to ayeshaana@paytm whenever free.",PAYMENT_REQUEST,True,False,LOW,,ayeshaana@paytm,2000.0,False,False,
Yaar send INR 1500 for the auto to arjunkar@ptaxis,PAYMENT_REQUEST,True,False,LOW,,arjunkar@ptaxis,1500.0,False,False,
"Dear valued customer, Update your Aadhaar with PNB by paying INR 499 to bank.verify@axl. Link expires last chance.",KYC_SCAM,True,True,HIGH,,bank.verify@axl,499.0,True,True,urgency|kyc_credential|impersonation|qr_link
Quick Laundry monthly subscription of 3200 rupees is due on 17th. Pay to quicklaundry5@axisbank at your convenience.,MERCHANT_PAYMENT,True,False,LOW,,quicklaundry5@axisbank,3200.0,False,False,
Beta this is your mummy's friend Mummy is in hospital send 2000 rupees asap to kavya70@axl for the admission,IMPERSONATION,True,True,HIGH,,kavya70@axl,2000.0,True,True,urgency
Send me the notes for chapter 55 when you get a chance.,NON_PAYMENT,False,False,LOW,,,,False,False,
Axis Bank: EMI of 4300 for loan a/c ending 8054 is due on 12th. Maintain sufficient balance. Do not share OTP with anyone.,BANK_REQUEST,True,False,LOW,,,,False,False,kyc_credential|impersonation
"Task completed! To withdraw your earnings of 10000, pay ₹1,500 unlock fee to hdfc.verify908@okaxis.",JOB_SCAM,True,True,HIGH,,hdfc.verify908@okaxis,1500.0,False,True,upfront_fee|job
"Hi, this is the director. I am in a meeting and need ₹3,000 transferred jaldi to riyarit@ibl for a vendor. Will reimburse today.",IMPERSONATION,True,True,HIGH,,riyarit@ibl,3000.0,True,True,urgency
collect request sent for rs 2000. approve it with your upi pin to receive the amount.,QR_SCAM,True,True,HIGH,,,2000.0,True,False,kyc_credential
split for the auto came to ₹500 each. Send to sureshriy@axl when you can.,PAYMENT_REQUEST,True,False,LOW,,sureshriy@axl,500.0,False,False,
"Chacha, mera recharge khatam ho gaya, ₹10,000 anjaliroh@waaxis pe bhej dena please.",FRIEND_FAMILY_PAYMENT,True,False,LOW,,anjaliroh@waaxis,10000.0,False,False,
"Main the CEO bol raha hoon. Meeting me hoon, ₹8,000 before midnight ritu@waaxis pe bhej do, vendor wait kar raha hai.",IMPERSONATION,True,True,HIGH,,ritu@waaxis,8000.0,True,True,urgency|impersonation
Congratulations you are selected for a work from home job at Infosys Salary ₹50000/month Pay registration fee ₹999 to refunddesk@ybl to confirm,JOB_SCAM,True,True,HIGH,,refunddesk@ybl,999.0,False,True,reward|upfront_fee|job
"Notice: Re-KYC required. Transfer ₹5,999 to claimprize178@oksbi and share the reference within 24 hours. or your number will be disconnected. call 08037535313",KYC_SCAM,True,True,HIGH,+918037535313,claimprize178@oksbi,5999.0,True,True,urgency|kyc_credential
"refund team here. your cashback of rs. 5,000/- is pending. send ₹199 processing fee to arjun27@axl turant.",REFUND_SCAM,True,True,HIGH,,arjun27@axl,199.0,True,False,urgency|reward|refund|upfront_fee
"Reminder: BWSSB bill Rs. 3,120/- due 10 Feb. Pay through GPay bill payments section.",BILL_PAYMENT,True,False,LOW,,,3120.0,False,False,
"Scan QR karo aur PIN dalo, Rs 15000 tumhare account me aa jayega. Jaldi karo.",QR_SCAM,True,True,HIGH,,,15000.0,True,True,urgency|kyc_credential|qr_link
"hi the trek booking ka ₹750 bhej dena, bhavyakar@axl",PAYMENT_REQUEST,True,False,LOW,,bhavyakar@axl,750.0,False,False,
"Stock market expert here. Minimum deposit ₹25,000 to lottery.claim@ibl. Assured 20% weekly return.",INVESTMENT_SCAM,True,True,HIGH,,lottery.claim@ibl,25000.0,True,False,
Send Rs 500 within 2 hours to rahul42@paytm. Time limit 30 minutes. or your number will be disconnected.,URGENCY_PAYMENT,True,True,HIGH,,rahul42@paytm,500.0,True,False,urgency
"bank of baroda never asks for your pin, otp or cvv. report suspicious calls to 1930. your kyc can be updated only at the branch or the official app.",BANK_REQUEST,True,False,LOW,,,,False,False,kyc_credential|impersonation
"Dear customer, PAN-Aadhaar link pending for your Kotak Bank account. Pay 4999 processing charge abhi else your card will be permanently blocked.",KYC_SCAM,True,True,HIGH,,,,True,True,urgency|kyc_credential|impersonation|upfront_fee|qr_link
Thanks for the PS5! Sent Rs 12000/- to karaniyer@waaxis just now please check and confirm,MARKETPLACE_PAYMENT,True,False,LOW,,karaniyer@waaxis,12000.0,False,False,
can you pick up 24 kg of rice on the way back?,NON_PAYMENT,False,False,LOW,,,,False,False,
"Notice: Amazon Pay refund of ₹4,000 is stuck. To release it, first pay ₹99 verification to pooja@upi turant.",REFUND_SCAM,True,True,HIGH,,pooja@upi,99.0,True,True,urgency|kyc_credential|refund
Lucky customer! Rs 250000 bonus credited pending. Transfer ₹999 to refund.desk@axl for release within 2 hours. Contact 9317443860,PRIZE_SCAM,True,True,HIGH,+919317443860,refund.desk@axl,999.0,True,True,urgency|reward
"Scan QR karo aur PIN dalo, Rs 20000 tumhare account me aa jayega. Jaldi karo.",QR_SCAM,True,True,HIGH,,,20000.0,True,True,urgency|kyc_credential|qr_link
"Congratulations, you are selected for a work from home job at TCS. Salary 25k/month. Pay registration fee Rs 2000 to lottery.claim@ibl to confirm.",JOB_SCAM,True,True,HIGH,,lottery.claim@ibl,2000.0,True,True,reward|upfront_fee|job
"amazon scratch card: you won ₹5,000! unlock by paying 499 rupees to jobportal.fee@okaxis right now.",PRIZE_SCAM,True,True,HIGH,,jobportal.fee@okaxis,5000.0,True,True,urgency|reward|upfront_fee
"CUSTOMER CARE PAYTM: YOUR ACCOUNT SHOWS SUSPICIOUS ACTIVITY. TRANSFER ₹8,000 TO VERIFICATION ACCOUNT KAVYALAK@WAAXIS WITHIN 24 HOURS.",IMPERSONATION,True,True,HIGH,,kavyalak@waaxis,8000.0,True,True,urgency|kyc_credential|impersonation
"Payment for the cycle done, ₹18,000 via Paytm to naveen@waaxis. Please share the invoice.",MARKETPLACE_PAYMENT,True,False,LOW,,naveen@waaxis,18000.0,False,False,
Flight lands at 6:05 gate 19,NON_PAYMENT,False,False,LOW,,,,False,False,
"Axis Bank: credit card statement generated. Total due Rs. 2,500/-, minimum due ₹250. Pay via net banking or the Axis Bank app.",BANK_REQUEST,True,False,LOW,,,2500.0,False,False,impersonation
Ishita Rs 18000/- for Mummy's medicines My UPI karan4@ibl or call me 7009832736,FRIEND_FAMILY_PAYMENT,True,False,LOW,+917009832736,karan4@ibl,18000.0,False,False,
"The refund for the cancelled train ticket came through, finally. IRCTC took 30 days.",NON_PAYMENT,False,False,LOW,,,,False,False,refund
"Crypto trading tips group: deposit ₹1,000 to hdfc.verify@okaxis and earn daily profit of ₹1,000. 100% safe.",INVESTMENT_SCAM,True,True,HIGH,,hdfc.verify@okaxis,1000.0,False,False,investment|job
"DEAR ACCOUNT HOLDER, ORDER ORD578520 REFUND FAILED. PAY 49 RUPEES REVERSAL CHARGE TO TRADEPRO@UPI AAJ HI AND FULL REFUND OF ₹2,000 WILL BE CREDITED.",REFUND_SCAM,True,True,HIGH,,tradepro@upi,49.0,True,False,urgency|refund
"ICICI Bank: 4300 credited to your account XX6319. Available balance ₹30,100.",BANK_REQUEST,True,False,LOW,,,30100.0,False,False,impersonation
"HR team Swiggy: your interview is cleared. Send ₹2,000 for laptop courier to reward.claim@ibl. Refundable with first salary.",JOB_SCAM,True,True,HIGH,,reward.claim@ibl,2000.0,False,True,impersonation|job|marketplace
Customer care PhonePe: your account shows suspicious activity. Transfer Rs 8000 to verification account ishita.sharma@waaxis asap.,IMPERSONATION,True,True,HIGH,,ishita.sharma@waaxis,8000.0,True,True,urgency|kyc_credential|impersonation
"Arre my son sent ₹2,500 to your UPI by mistake, he is crying. Please send it back turant on electricity.pay@axl. God bless you.",REFUND_SCAM,True,True,HIGH,,electricity.pay@axl,2500.0,True,False,urgency
Stock market expert here Minimum deposit Rs 5000 to refundteam@ybl Assured 50% weekly return,INVESTMENT_SCAM,True,True,HIGH,,refundteam@ybl,5000.0,True,True,
"₹2,000 right now varun@okicici pe bhejo else your card will be permanently blocked, warna problem ho jayegi.",URGENCY_PAYMENT,True,True,HIGH,,varun@okicici,2000.0,True,False,urgency
"Forex signals: first 20 members get ₹125,000 on ₹25,000. Transfer to claimprize908@upi now.",INVESTMENT_SCAM,True,True,HIGH,,claimprize908@upi,125000.0,False,True,
Bro send Rs 500/- for cricket ground booking UPI: aditya94@ibl,PAYMENT_REQUEST,True,False,LOW,,aditya94@ibl,500.0,False,False,
"Rahul, INR 1000 chahiye college fees ke liye, shreya@ptaxis pe bhej do please, agle hafte lauta dunga.",FRIEND_FAMILY_PAYMENT,True,False,LOW,,shreya@ptaxis,1000.0,False,False,
"Ghar baithe kaam, roz ₹1,250 kamao. Joining ke liye ₹499 refundteam@oksbi pe bhejo. Call 7580583076",JOB_SCAM,True,True,HIGH,+917580583076,refundteam@oksbi,1250000.0,True,True,
Your resume is shortlisted at Zomato. Document verification fee ₹199 payable to cashback.claim723@paytm within 24 hours.,JOB_SCAM,True,True,HIGH,,cashback.claim723@paytm,199.0,True,True,urgency|kyc_credential|upfront_fee
Your subscription payment failed. Pay Rs 2000 to lakshmi.singh@paytm abhi or legal action will be taken.,URGENCY_PAYMENT,True,True,HIGH,,lakshmi.singh@paytm,2000.0,True,False,urgency
Can you pick up 26 kg of rice on the way back?,NON_PAYMENT,False,False,LOW,,,,False,False,
Final notice from Yes Bank: pay KYC verification fee Rs 1999/- to cashbackclaim976@axl immediately or legal action will be taken,KYC_SCAM,True,True,HIGH,,cashbackclaim976@axl,1999.0,True,True,urgency|kyc_credential|impersonation|upfront_fee
"IDFC FIRST NEVER ASKS FOR YOUR PIN, OTP OR CVV. REPORT SUSPICIOUS CALLS TO 1930. YOUR KYC CAN BE UPDATED ONLY AT THE BRANCH OR THE OFFICIAL APP.",BANK_REQUEST,True,False,LOW,,,,False,False,kyc_credential|impersonation
"Bank of Baroda never asks for your PIN, OTP or CVV. Report suspicious calls to 1930. Your KYC can be updated only at the branch or the official app.",BANK_REQUEST,True,False,LOW,,,,False,False,kyc_credential|impersonation
"Dear account holder, PAN-Aadhaar link pending for your PNB account. Pay ₹499 processing charge to jobportal.fee@oksbi urgently or the amount will be forfeited.",KYC_SCAM,True,True,HIGH,,jobportal.fee@oksbi,499.0,True,True,urgency|kyc_credential|upfront_fee|qr_link
"Ghar baithe kaam, roz 4000 rupees kamao. Joining ke liye Rs. 199/- hdfc.verify975@okaxis pe bhejo. Call +91 93606 01488",JOB_SCAM,True,True,HIGH,+919360601488,hdfc.verify975@okaxis,4000.0,False,True,
"Hello, I'm calling from SBI security. Your account is compromised. Move Rs 8000 to safe account amit.patel@oksbi within 1 hour.",IMPERSONATION,True,True,HIGH,,amit.patel@oksbi,8000.0,True,True,urgency|impersonation
Congratulations on the new job Sanjay! Party when?,NON_PAYMENT,False,False,LOW,,,,False,False,reward|job
"Papa needs 8k for the hospital deposit today so admission can be completed. Send to ayesha@fbl, I'll transfer back on Monday.",FRIEND_FAMILY_PAYMENT,True,False,LOW,,ayesha@fbl,8000.0,True,False,
"IDFC FIRST ALERT: KYC NOT UPDATED. SEND ₹4,999 TO VERIFY.NOW@AXL AAJ HI TO RE-ACTIVATE YOUR ACCOUNT.",KYC_SCAM,True,True,HIGH,,verify.now@axl,4999.0,True,True,urgency|kyc_credential
"Bank of Baroda alert: 2500 rupees debited from a/c XX5988 for UPI txn. If not you, call the number on the back of your card.",BANK_REQUEST,True,False,LOW,,,2500.0,False,False,impersonation
"Hello Amazon Pay refund of ₹3,000 is stuck. To release it, first pay Rs. 199/- verification to lottery.claim@axl today only.",REFUND_SCAM,True,True,HIGH,,lottery.claim@axl,199.0,True,True,urgency|kyc_credential|refund
Bro send Rs 250 for cricket ground booking. UPI: vikram@ibl,PAYMENT_REQUEST,True,False,LOW,,vikram@ibl,250.0,False,False,
Oye movie tickets ka Rs 2000/- bhej dena arjun@oksbi,PAYMENT_REQUEST,True,False,LOW,,arjun@oksbi,2000.0,False,False,
"HDFC Bank: credit card statement generated. Total due Rs. 15,400/-, minimum due Rs 1540. Pay via net banking or the HDFC Bank app.",BANK_REQUEST,True,False,LOW,,,15400.0,False,False,impersonation
Hey it's Harsh using a friend's phone Stuck at the airport need Rs 2000 turant on vikramdas@okaxis Please yaar,IMPERSONATION,True,True,HIGH,,vikramdas@okaxis,2000.0,True,True,urgency|impersonation
"Bill generated for BESCOM: ₹1,890. View and pay from the official app. Ignore if already paid.",BILL_PAYMENT,True,False,LOW,,,1890.0,False,False,impersonation
"Naveen is joining us for lunch, table for 7.",NON_PAYMENT,False,False,LOW,,,,False,False,
Loan EMI overdue. Pay ₹500 within 24 hours to task.fee@upi nahi toh account band ho jayega. Recovery agent will visit.,URGENCY_PAYMENT,True,True,HIGH,,task.fee@upi,500.0,True,True,urgency
Alert: Your Kotak Bank account KYC is pending. Complete verification by paying Rs. 499/- to verify.now192@paytm abhi nahi toh account band ho jayega.,KYC_SCAM,True,True,HIGH,,verify.now192@paytm,499.0,True,True,urgency|kyc_credential|impersonation
Hello send Rs. 400/- for the gift for Priya to gurpreetgur@okaxis,PAYMENT_REQUEST,True,False,LOW,,gurpreetgur@okaxis,400.0,False,False,reward
"Payment of ₹1,500 is required abhi. Use UPI rajesh@ptsbi. Do not ignore this message.",URGENCY_PAYMENT,True,True,HIGH,,rajesh@ptsbi,1500.0,True,True,urgency
"Payment of ₹7,000 is required immediately. Use UPI prize.center@oksbi. Do not ignore this message.",URGENCY_PAYMENT,True,True,HIGH,,prize.center@oksbi,7000.0,True,True,urgency
Canara Bank: EMI of 8900 for loan a/c ending 5648 is due on 7th. Maintain sufficient balance. Do not share OTP with anyone.,BANK_REQUEST,True,False,LOW,,,,False,False,kyc_credential|impersonation
"Double your money scheme! Send Rs. 5,000/- to hdfc.verify@paytm and receive ₹25,000 by Monday. WhatsApp 94153-30706",INVESTMENT_SCAM,True,True,HIGH,+919415330706,hdfc.verify@paytm,5000.0,False,True,investment
Alert: Your SIM will be blocked by TRAI within 24 hours. Pay INR 10000 to rajesh.patel@apl to continue services. Call 08378381496,IMPERSONATION,True,True,HIGH,+918378381496,rajesh.patel@apl,10000.0,True,True,urgency|impersonation
HR team Amazon: your interview is cleared Send 299 for laptop courier to sbikyc552@oksbi Refundable with first salary,JOB_SCAM,True,True,HIGH,,sbikyc552@oksbi,,True,True,impersonation|job|marketplace
"Reminder: Airtel bill ₹1,340 due 10 Apr. Pay through Paytm bill payments section.",BILL_PAYMENT,True,False,LOW,,,1340.0,False,False,
YOUR SWIGGY ORDER HAS BEEN DELIVERED. RATE YOUR EXPERIENCE.,NON_PAYMENT,False,False,LOW,,,,False,False,
FRESH BASKET MONTHLY SUBSCRIPTION OF RS 120/- IS DUE ON 22TH PAY TO FRESHBASKET3@HDFCBANK AT YOUR CONVENIENCE,MERCHANT_PAYMENT,True,False,LOW,,freshbasket3@hdfcbank,120.0,False,False,
"PNB ALERT: KYC not updated. Send ₹1,999 to task.fee@okaxis within 1 hour to re-activate your account. call 7384194956",KYC_SCAM,True,True,HIGH,+917384194956,task.fee@okaxis,1999.0,True,True,urgency|kyc_credential
"the refund for the cancelled train ticket came through, finally. irctc took 39 days.",NON_PAYMENT,False,False,LOW,,,,False,False,refund
Loan EMI overdue. Pay Rs 500 within 24 hours to kyc.support619@paytm otherwise your account will be suspended. Recovery agent will visit.,URGENCY_PAYMENT,True,True,HIGH,,kyc.support619@paytm,500.0,True,False,urgency
"IDFC First customer, your net banking will be suspended abhi. Pay verification amount ₹5,999 to lottery.claim@okaxis else your card will be permanently blocked.",KYC_SCAM,True,True,HIGH,,lottery.claim@okaxis,5999.0,True,True,urgency|kyc_credential
"INR 250 de dena last night's drinks ke liye, naveenshr@axl",PAYMENT_REQUEST,True,False,LOW,,naveenshr@axl,250.0,False,False,
OTP for your login is 649610. Valid for 10 minutes. Do not share it with anyone.,NON_PAYMENT,False,False,LOW,,,,False,False,kyc_credential
"Install this app cutt.ly/teiq and share the screen to receive ₹10,000 cashback instantly.",QR_SCAM,True,True,HIGH,,,10000.0,True,False,reward|qr_link
"Congratulations! You have won ₹10,000 in the PhonePe lucky draw. Pay ₹99 processing fee to hrdesk@paytm within 2 hours to claim.",PRIZE_SCAM,True,True,HIGH,,hrdesk@paytm,99.0,True,True,urgency|reward|upfront_fee
"Congratulations! You have won ₹5,000 in the Amazon lucky draw. Pay ₹999 processing fee to quickloan@ybl jaldi to claim.",PRIZE_SCAM,True,True,HIGH,,quickloan@ybl,999.0,True,True,urgency|reward|upfront_fee
"Task completed! To withdraw your earnings of 7000, pay Rs 2000 unlock fee to electricity.pay@oksbi.",JOB_SCAM,True,True,HIGH,,electricity.pay@oksbi,2000.0,True,True,upfront_fee|job
Kya scene hai aaj shaam? Movie chalein?,NON_PAYMENT,False,False,LOW,,,,False,False,
Your resume is shortlisted at Flipkart. Document verification fee 499 payable to kyc.support@ibl within 24 hours.,JOB_SCAM,True,True,HIGH,,kyc.support@ibl,,False,True,urgency|kyc_credential|upfront_fee
"Hi Shreya, transferring ₹2,000 for the groceries you got. Sending to kavya.patel@ptsbi.",FRIEND_FAMILY_PAYMENT,True,False,LOW,,kavya.patel@ptsbi,2000.0,False,False,
"Dear valued customer, order MYN823207 refund failed. Pay Rs 149 reversal charge to jobportal.fee@okaxis abhi and full refund of 2000 rupees will be credited.",REFUND_SCAM,True,True,HIGH,,jobportal.fee@okaxis,149.0,True,False,urgency|refund|impersonation
NOTICE: MY SON SENT ₹1000 TO YOUR UPI BY MISTAKE HE IS CRYING PLEASE SEND IT BACK BEFORE MIDNIGHT ON ARJUN@UPI GOD BLESS YOU,REFUND_SCAM,True,True,HIGH,,arjun@upi,1000.0,True,False,urgency
Your PNB reward of Rs 20000 is waiting. Scan the attached QR to collect. Valid today only.,QR_SCAM,True,True,HIGH,,,20000.0,False,False,urgency|reward|qr_link
"BWSSB: your bill of ₹2,460 for consumer no. 134990 is due on 18 Oct. Pay via the BWSSB app or BBPS.",BILL_PAYMENT,True,False,LOW,,,2460.0,False,False,
Pending due of ₹500 must be cleared within 24 hours. Send to ayeshavar@ybl. No further extension.,URGENCY_PAYMENT,True,True,HIGH,,ayeshavar@ybl,500.0,True,True,urgency
"IDFC First alert: ₹22,000 debited from a/c XX5904 for UPI txn. If not you, call the number on the back of your card.",BANK_REQUEST,True,False,LOW,,,22000.0,False,False,
"Your HDFC Bank debit card will be blocked abhi. To keep it active pay ₹2,499 KYC charge to refund.desk34@axl. Helpline 08390391595",KYC_SCAM,True,True,HIGH,+918390391595,refund.desk34@axl,2499000.0,True,True,urgency|kyc_credential|impersonation
tata power: your bill of 499 rupees for consumer no. 614254 is due on 8 feb. pay via the tata power app or bbps.,BILL_PAYMENT,True,False,LOW,,,499.0,False,False,
Part time job: earn Rs 8000 per day by liking videos. Pay ₹499 security deposit to quickloan309@paytm to start.,JOB_SCAM,True,True,HIGH,,quickloan309@paytm,499.0,True,True,upfront_fee|job
"To receive your refund of ₹5,000, scan the QR code and enter your UPI PIN. Link: cutt.ly/pofq",QR_SCAM,True,True,HIGH,,,5000.0,True,True,kyc_credential|refund|qr_link
"Dear customer, Bhai maine ₹7,500 galat number pe bhej diya, tumhare pe aaya hai. within 1 hour ishita.khan@waaxis pe return kar do please.",REFUND_SCAM,True,True,HIGH,,ishita.khan@waaxis,7500.0,True,False,urgency|impersonation
aapka canara bank kyc expire ho gaya hai. 5999 rupees last chance to prize.center@ybl bhejo else your card will be permanently blocked.,KYC_SCAM,True,True,HIGH,,prize.center@ybl,5999.0,True,True,urgency|kyc_credential|impersonation
"This is an income tax officer. A parcel in your name contains illegal items. Pay ₹15,000 penalty today only to rajesh@okaxis to avoid arrest.",IMPERSONATION,True,True,HIGH,,rajesh@okaxis,15000.0,True,True,urgency|impersonation|marketplace
"Quick Laundry: admission deposit of ₹2,600 for patient Lakshmi M is due today so the admission can be completed. Pay at the billing counter or to UPI quicklaundry@okbizaxis. Receipt will be issued.",MERCHANT_PAYMENT,True,False,LOW,,quicklaundry@okbizaxis,2600.0,False,False,
Deluxe Tailors: advance of ₹480 for the service is due by 6th. Pay to deluxetailor@ybl or at the desk. GST invoice will follow.,MERCHANT_PAYMENT,True,False,LOW,,deluxetailor@ybl,480.0,False,False,upfront_fee
"Notice: PAN-Aadhaar link pending for your Yes Bank account. Pay ₹5,999 processing charge to electricity.pay@oksbi within 2 hours otherwise your account will be suspended.",KYC_SCAM,True,True,HIGH,,electricity.pay@oksbi,5999.0,True,True,urgency|kyc_credential|impersonation|upfront_fee|qr_link
"Hey send ₹1,000 for cricket ground booking to manishroh@upi",PAYMENT_REQUEST,True,False,LOW,,manishroh@upi,1000.0,False,False,
"Ritu, mera recharge khatam ho gaya, Rs 10000 ritu.sharma@waaxis pe bhej dena please.",FRIEND_FAMILY_PAYMENT,True,False,LOW,,ritu.sharma@waaxis,10000.0,True,False,
"Papa needs ₹1,000 for the hospital deposit today so admission can be completed. Send to karan65@apl, I'll transfer back on Monday.",FRIEND_FAMILY_PAYMENT,True,False,LOW,,karan65@apl,1000.0,True,False,
"Jio ka bill ₹2,460 aaya hai, 21 Oct tak bhar dena app se.",BILL_PAYMENT,True,False,LOW,,,2460.0,False,False,
We detected an excess credit of 1000 rupees in your wallet. Return it today only to verify.now@paytm else your wallet will be blocked.,REFUND_SCAM,True,True,HIGH,,verify.now@paytm,1000.0,True,True,urgency|refund
"Bro This is Rahul from Paytm support. A wrong transfer of Rs. 3,000/- was made to you. Refund to hrdesk@paytm turant to avoid account freeze.",REFUND_SCAM,True,True,HIGH,,hrdesk@paytm,3000.0,True,False,urgency|refund
"Pay Rs. 2,000/- immediately to customer.care@ibl or the amount will be forfeited. This is the last reminder.",URGENCY_PAYMENT,True,True,HIGH,,customer.care@ibl,2000.0,True,False,urgency
Gift voucher worth 10k approved for you Pay delivery charge Rs 199/- on hdfcverify@paytm jaldi,PRIZE_SCAM,True,True,HIGH,,hdfcverify@paytm,199.0,True,True,urgency|reward|upfront_fee|marketplace
Canara Bank: cheque no. 341423 for Rs 22000 has been cleared.,BANK_REQUEST,True,False,LOW,,,22000.0,False,False,impersonation
royal enfield ke liye 6k theek hai kal aake dekh ke pay kar dunga cash ya upi dono chalega,MARKETPLACE_PAYMENT,True,False,LOW,,,6000.0,False,False,
"Sirf INR 10000 invest karo aur ₹30,000 pao guaranteed. lottery.claim@ybl pe payment karo abhi.",INVESTMENT_SCAM,True,True,HIGH,,lottery.claim@ybl,10000.0,False,False,urgency|investment
Did you finish the assignment? Question 18 was tough.,NON_PAYMENT,False,False,LOW,,,,False,False,
Canara Bank: cheque no. 145696 for 22000 rupees has been cleared.,BANK_REQUEST,True,False,LOW,,,22000.0,False,False,impersonation
Lakeview Hospital: advance of 899 for the order is due by 6th. Pay to lakeviewhosp@upi or at the desk. GST invoice will follow.,MERCHANT_PAYMENT,True,False,LOW,,lakeviewhosp@upi,,False,False,upfront_fee
"Dear account holder, Your Bank of Baroda account KYC is pending. Complete verification by paying INR 4999 to tradepro@ibl aaj hi or legal action will be taken.",KYC_SCAM,True,True,HIGH,,tradepro@ibl,4999.0,True,True,urgency|kyc_credential|impersonation
"HDFC Bank: your fixed deposit of ₹120,000 matures on 7th. Visit the branch or use net banking to renew.",BANK_REQUEST,True,False,LOW,,,120000.0,False,False,impersonation
"hey my son sent 2000 rupees to your upi by mistake, he is crying. please send it back right now on amit@axl. god bless you.",REFUND_SCAM,True,True,HIGH,,amit@axl,2000.0,True,True,urgency
send me the notes for chapter 35 when you get a chance,NON_PAYMENT,False,False,LOW,,,,False,False,
"Your electricity connection will be cut jaldi. Pay pending bill ₹15,000 to nisha@okhdfcbank now. Officer +917660004709",IMPERSONATION,True,True,HIGH,+917660004709,nisha@okhdfcbank,15000.0,True,True,urgency|impersonation
Attention: galti se INR 3000 aapke account me chala gaya. Please turant wapas bhej do kyc.support507@okaxis pe.,REFUND_SCAM,True,True,HIGH,,kyc.support507@okaxis,3000.0,True,False,urgency|refund
"dude reminder, ₹750 pending for the birthday cake. riya.iyer@okhdfcbank or cash, whatever is easy.",PAYMENT_REQUEST,True,False,LOW,,riya.iyer@okhdfcbank,750.0,False,False,
"Canara Bank never asks for your PIN, OTP or CVV. Report suspicious calls to 1930. Your KYC can be updated only at the branch or the official app.",BANK_REQUEST,True,False,LOW,,,,False,False,kyc_credential|impersonation
"Data entry job offer, no experience needed. Registration Rs 2500 only, pay on npci.verify@oksbi. Salary 35000 rupees.",JOB_SCAM,True,True,HIGH,,npci.verify@oksbi,35000.0,True,True,job
Send INR 500 within 1 hour to zoyasne@ptsbi. Time limit 30 minutes. nahi toh account band ho jayega.,URGENCY_PAYMENT,True,True,HIGH,,zoyasne@ptsbi,500.0,True,False,urgency
"Your electricity connection will be cut abhi. Pay pending bill ₹10,000 to bill.desk@upi now. Officer 9039610175",IMPERSONATION,True,True,HIGH,+919039610175,bill.desk@upi,10000.0,True,True,urgency|impersonation
"buyer here from olx. sending a payment request of 10000 rupees on amazon pay, please accept and enter pin to receive.",QR_SCAM,True,True,HIGH,,,10000.0,False,False,kyc_credential|marketplace
"Notice: BHIM refund of Rs 1500 is stuck. To release it, first pay ₹299 verification to quickloan631@upi turant.",REFUND_SCAM,True,True,HIGH,,quickloan631@upi,299.0,True,False,urgency|kyc_credential|refund
Axis Bank: EMI of Rs 12000 for loan a/c ending 4097 is due on 23th. Maintain sufficient balance. Do not share OTP with anyone.,BANK_REQUEST,True,False,LOW,,,12000.0,False,False,kyc_credential|impersonation
"Payment for the iPhone 13 done, ₹40,000 via PhonePe to aditya.khan@ptaxis. Please share the invoice.",MARKETPLACE_PAYMENT,True,False,LOW,,aditya.khan@ptaxis,40000.0,False,False,
"Arre send ₹2,000 for movie tickets. UPI: snehafar@upi",PAYMENT_REQUEST,True,False,LOW,,snehafar@upi,2000.0,False,False,
"Part time job: earn ₹2,500 per day by liking videos. Pay 2500 rupees security deposit to verifybank@upi to start.",JOB_SCAM,True,True,HIGH,,verifybank@upi,2500.0,True,True,upfront_fee|job
"ICICI Bank: your fixed deposit of ₹89,000 matures on 28th. Visit the branch or use net banking to renew.",BANK_REQUEST,True,False,LOW,,,89000.0,False,False,impersonation
"Yaar the concert tickets settle kar de, ₹1,200 on deepak88@ptsbi",PAYMENT_REQUEST,True,False,LOW,,deepak88@ptsbi,1200.0,False,False,
PS5 available Pay 1000 delivery charge to sbikyc@axl now and the courier will bring it to your home pay balance on delivery,MARKETPLACE_PAYMENT,True,True,HIGH,,sbikyc@axl,,True,True,upfront_fee|marketplace
"Final notice from Axis Bank: pay KYC verification fee Rs. 2,999/- to claimprize@okaxis last chance or legal action will be taken.",KYC_SCAM,True,True,HIGH,,claimprize@okaxis,2999.0,True,True,urgency|kyc_credential|impersonation|upfront_fee
"Invest INR 500 today and get 5k in 7 days, guaranteed returns. Pay to support.desk584@axl. Limited slots.",INVESTMENT_SCAM,True,True,HIGH,,support.desk584@axl,500.0,False,False,investment
"amit, rs 5000 chahiye college fees ke liye, nisha38@upi pe bhej do please, agle hafte lauta dunga.",FRIEND_FAMILY_PAYMENT,True,False,LOW,,nisha38@upi,5000.0,True,False,
"You have received ₹100,000 cashback from IPL. Pay Rs. 99/- activation charge to securebank708@paytm to receive it immediately.",PRIZE_SCAM,True,True,HIGH,,securebank708@paytm,99.0,True,True,urgency|reward
Pay 1000 asap to deepak@ptsbi otherwise your account will be suspended. This is the last reminder.,URGENCY_PAYMENT,True,True,HIGH,,deepak@ptsbi,,True,False,urgency
"Sirf ₹10,000 invest karo aur 30000 pao guaranteed. tradepro335@upi pe payment karo abhi.",INVESTMENT_SCAM,True,True,HIGH,,tradepro335@upi,10000.0,True,False,urgency|investment
"Install this app tinyurl.com/6hoi and share the screen to receive ₹20,000 cashback instantly.",QR_SCAM,True,True,HIGH,,,20000.0,False,True,reward|qr_link
"Sending ₹2,000 to rohan65@ptaxis for the wedding gift from all of us.",FRIEND_FAMILY_PAYMENT,True,False,LOW,,rohan65@ptaxis,2000.0,True,False,reward
"the refund for the cancelled train ticket came through, finally. irctc took 12 days.",NON_PAYMENT,False,False,LOW,,,,False,False,refund
Did you finish the assignment? Question 4 was tough.,NON_PAYMENT,False,False,LOW,,,,False,False,
Bro split for movie tickets came to INR 800 each. Send to ishita@okaxis when you can.,PAYMENT_REQUEST,True,False,LOW,,ishita@okaxis,800.0,False,False,
"Attention: Your Yes Bank account KYC is pending. Complete verification by paying ₹4,999 to kyc.support@upi today only else your card will be permanently blocked.",KYC_SCAM,True,True,HIGH,,kyc.support@upi,4999.0,True,True,urgency|kyc_credential|impersonation
fitlife gym: admission deposit of 9400 rupees for patient kavya r is due today so the admission can be completed. pay at the billing counter or to upi fitlifegym4@paytmqr. receipt will be issued.,MERCHANT_PAYMENT,True,False,LOW,,fitlifegym4@paytmqr,9400.0,False,False,
"Your subscription payment failed. Pay ₹1,500 to quickloan570@axl abhi warna account block ho jayega.",URGENCY_PAYMENT,True,True,HIGH,,quickloan570@axl,1500.0,True,False,urgency
"CRPF jawan, urgent posting. Royal Enfield at 12000 rupees only. Advance Rs. 3,000/- on rewards.claim@axl to block it.",MARKETPLACE_PAYMENT,True,True,HIGH,,rewards.claim@axl,12000.0,True,True,urgency|upfront_fee
Kal 5 baje gym aa raha hai kya?,NON_PAYMENT,False,False,LOW,,,,False,False,
"Dear account holder, Update your Aadhaar with Yes Bank by paying Rs 999 to refund.desk308@ybl. Link expires immediately.",KYC_SCAM,True,True,HIGH,,refund.desk308@ybl,999.0,True,True,urgency|kyc_credential|impersonation|qr_link
Axis Bank customer your net banking will be suspended within 24 hours Pay verification amount Rs 999 to officialsupport@ibl or legal action will be taken,KYC_SCAM,True,True,HIGH,,officialsupport@ibl,999.0,True,True,urgency|kyc_credential|impersonation
"Main Mr. Sharma from accounts bol raha hoon. Meeting me hoon, Rs 5000 within 2 hours official.support59@axl pe bhej do, vendor wait kar raha hai.",IMPERSONATION,True,True,HIGH,,official.support59@axl,5000.0,True,True,urgency
Your Delhi Jal Board broadband plan renews on 15 Oct Amount ₹1890 Auto-pay is enabled no action needed,BILL_PAYMENT,True,False,LOW,,,1890.0,False,False,
"your electricity connection will be cut final notice. pay pending bill ₹20,000 to jobportal.fee@upi now. officer 9275735548",IMPERSONATION,True,True,HIGH,+919275735548,jobportal.fee@upi,20000.0,True,True,urgency|impersonation
"Your resume is shortlisted at Swiggy. Document verification fee ₹1,500 payable to urgentkyc329@ybl within 24 hours.",JOB_SCAM,True,True,HIGH,,urgentkyc329@ybl,1500.0,True,True,urgency|kyc_credential|upfront_fee
LOAN EMI OVERDUE. PAY ₹500 WITHIN 2 HOURS TO VERIFY.NOW@YBL OR YOUR ACCOUNT WILL BE BLOCKED. RECOVERY AGENT WILL VISIT.,URGENCY_PAYMENT,True,True,HIGH,,verify.now@ybl,500.0,True,False,urgency|kyc_credential
"My new number is 87413-31151, save it.",NON_PAYMENT,False,False,LOW,+918741331151,,,False,False,impersonation
"Collect request sent for ₹5,000. Approve it with your UPI PIN to receive the amount.",QR_SCAM,True,True,HIGH,,,5000.0,False,True,kyc_credential
"The refund for the cancelled train ticket came through, finally. IRCTC took 57 days.",NON_PAYMENT,False,False,LOW,,,,False,False,refund
RECHARGE REMINDER: YOUR BSNL PLAN EXPIRES ON 20 OCT RECHARGE ₹1340 FROM THE APP TO CONTINUE,BILL_PAYMENT,True,False,LOW,,,1340.0,False,False,kyc_credential
send me the notes for chapter 25 when you get a chance.,NON_PAYMENT,False,False,LOW,,,,False,False,
Gift voucher worth Rs 500000 approved for you Pay delivery charge INR 1499 on kycupdate@ibl turant,PRIZE_SCAM,True,True,HIGH,,kycupdate@ibl,1499.0,True,True,urgency|reward|upfront_fee|marketplace
"Yes Bank: your fixed deposit of Rs. 154,000/- matures on 11th. Visit the branch or use net banking to renew.",BANK_REQUEST,True,False,LOW,,,154000.0,False,False,impersonation
"You have received 100000 rupees cashback from Big Bazaar. Pay ₹1,499 activation charge to official.support631@ybl to receive it within 1 hour.",PRIZE_SCAM,True,True,HIGH,,official.support631@ybl,1499.0,True,True,urgency|reward
"reminder, ₹800 pending for the gift for Priya. anjali@okicici or cash, whatever is easy.",PAYMENT_REQUEST,True,False,LOW,,anjali@okicici,800.0,False,False,reward
"Quick Laundry: admission deposit of ₹1,000 for patient Sanjay R is due today so the admission can be completed. Pay at the billing counter or to UPI quicklaundry9@hdfcbank. Receipt will be issued.",MERCHANT_PAYMENT,True,False,LOW,,quicklaundry9@hdfcbank,1000.0,False,False,
"Train is delayed by 35 minutes, will reach by 8 pm.",NON_PAYMENT,False,False,LOW,,,,False,False,
"Hey it's Riya, using a friend's phone. Stuck at the airport, need ₹3,000 jaldi on support.desk975@oksbi. Please yaar.",IMPERSONATION,True,True,HIGH,,support.desk975@oksbi,3000.0,True,True,urgency|impersonation
"IDFC First: EMI of ₹4,300 for loan a/c ending 7979 is due on 21th. Maintain sufficient balance. Do not share OTP with anyone.",BANK_REQUEST,True,False,LOW,,,4300.0,False,False,kyc_credential
Send me the notes for chapter 56 when you get a chance.,NON_PAYMENT,False,False,LOW,,,,False,False,
"Dear winner, your Flipkart prize of Rs 25000 is ready. Registration fee Rs 299 to verifybank@axl. Call 7294772695 before midnight.",PRIZE_SCAM,True,True,HIGH,+917294772695,verifybank@axl,299.0,True,True,urgency|reward|upfront_fee|job
"main your manager bol raha hoon. meeting me hoon, ₹20,000 final notice rajesh6@oksbi pe bhej do, vendor wait kar raha hai.",IMPERSONATION,True,True,HIGH,,rajesh6@oksbi,20000.0,True,True,urgency|impersonation
"Hi Aditya, transferring 8000 for the groceries you got. Sending to farhan@ybl.",FRIEND_FAMILY_PAYMENT,True,False,LOW,,farhan@ybl,,False,False,
"Yes Bank: ₹4,300 credited to your account XX3423. Available balance ₹17,200.",BANK_REQUEST,True,False,LOW,,,17200.0,False,False,impersonation
Send ₹1000 abhi to supportdesk@ybl Time limit 30 minutes else your card will be permanently blocked,URGENCY_PAYMENT,True,True,HIGH,,supportdesk@ybl,1000.0,True,True,urgency
"₹500 aaj hi rohanmee@apl pe bhejo or legal action will be taken, warna problem ho jayegi.",URGENCY_PAYMENT,True,True,HIGH,,rohanmee@apl,500.0,True,True,urgency
Oye my son sent 3000 rupees to your UPI by mistake he is crying Please send it back immediately on electricitypay305@paytm God bless you,REFUND_SCAM,True,True,HIGH,,electricitypay305@paytm,3000.0,True,True,urgency
"Your electricity connection will be cut within 1 hour. Pay pending bill ₹2,000 to naveen5@oksbi now. Officer 7599851939",IMPERSONATION,True,True,HIGH,+917599851939,naveen5@oksbi,2000.0,True,True,urgency|impersonation
washing machine available Pay ₹3000 delivery charge to hrdesk@ibl now and the courier will bring it to your home pay balance on delivery,MARKETPLACE_PAYMENT,True,True,HIGH,,hrdesk@ibl,3000.0,True,False,upfront_fee|marketplace
Your subscription payment failed. Pay 500 rupees to cashback.claim@ybl turant or your number will be disconnected.,URGENCY_PAYMENT,True,True,HIGH,,cashback.claim@ybl,500.0,True,True,urgency
Book Corner: admission deposit of Rs 9400 for patient Ayesha S is due today so the admission can be completed. Pay at the billing counter or to UPI bookcorner@icici. Receipt will be issued.,MERCHANT_PAYMENT,True,False,LOW,,bookcorner@icici,9400.0,False,False,
"Axis Bank: cheque no. 338461 for ₹4,300 has been cleared.",BANK_REQUEST,True,False,LOW,,,4300.0,False,False,impersonation
"Your number was selected for 250000 reward. Send Rs. 99/- GST charge to prize.center@ibl immediately, last chance.",PRIZE_SCAM,True,True,HIGH,,prize.center@ibl,99.0,True,True,urgency|reward
Congratulations on the new job Deepak! Party when?,NON_PAYMENT,False,False,LOW,,,,False,False,reward|job
hr team tcs: your interview is cleared. send ₹999 for laptop courier to jobportal.fee@upi. refundable with first salary.,JOB_SCAM,True,True,HIGH,,jobportal.fee@upi,999.0,False,True,impersonation|job|marketplace
"beta, this is your nani's friend. nani is in hospital, send rs. 25,000/- last chance to naveenanj@paytm for the admission.",IMPERSONATION,True,True,HIGH,,naveenanj@paytm,25000.0,True,True,urgency
HR team a leading MNC: your interview is cleared. Send INR 199 for laptop courier to refundteam723@upi. Refundable with first salary.,JOB_SCAM,True,True,HIGH,,refundteam723@upi,199.0,False,True,impersonation|job|marketplace
"Task completed! To withdraw your earnings of ₹10,000, pay ₹299 unlock fee to refund.desk@okaxis.",JOB_SCAM,True,True,HIGH,,refund.desk@okaxis,299.0,True,True,upfront_fee|job
Main your team lead bol raha hoon Meeting me hoon Rs 2000 last chance urgentkyc@paytm pe bhej do vendor wait kar raha hai,IMPERSONATION,True,True,HIGH,,urgentkyc@paytm,,True,True,urgency
"Dear winner, your Jio prize of Rs 500000 is ready. Registration fee Rs. 299/- to verifybank@oksbi. Call 9324051026 before midnight.",PRIZE_SCAM,True,True,HIGH,+919324051026,verifybank@oksbi,299.0,True,True,urgency|reward|upfront_fee|job
"Hi Mummy, transferring ₹18,000 for the groceries you got. Sending to varunvar@ptsbi.",FRIEND_FAMILY_PAYMENT,True,False,LOW,,varunvar@ptsbi,18000.0,True,False,
"Your Axis Bank reward of Rs. 2,000/- is waiting. Scan the attached QR to collect. Valid today only.",QR_SCAM,True,True,HIGH,,,2000.0,True,True,urgency|reward|impersonation|qr_link
Update your Aadhaar with Kotak Bank by paying 1999 to securebank@upi Link expires final notice,KYC_SCAM,True,True,HIGH,,securebank@upi,,True,True,urgency|kyc_credential|impersonation|qr_link
"PNB customer, your net banking will be suspended jaldi. Pay verification amount ₹4,999 to customer.care833@ibl warna account block ho jayega.",KYC_SCAM,True,True,HIGH,,customer.care833@ibl,4999.0,True,True,urgency|kyc_credential
Canara Bank ALERT: KYC not updated. Send 2499 rupees to courier.pay@paytm last chance to re-activate your account. call 9609441283,KYC_SCAM,True,True,HIGH,+919609441283,courier.pay@paytm,2499.0,True,True,urgency|kyc_credential|impersonation
"hello bhai maine ₹1,500 galat number pe bhej diya, tumhare pe aaya hai. aaj hi sanjaytan@okicici pe return kar do please.",REFUND_SCAM,True,True,HIGH,,sanjaytan@okicici,1500.0,True,False,urgency
"Meeting moved to 11:00 tomorrow, room 344.",NON_PAYMENT,False,False,LOW,,,,False,False,
"crpf jawan, urgent posting. sofa set at 8000 rupees only. advance ₹500 on support.desk@okaxis to block it.",MARKETPLACE_PAYMENT,True,True,HIGH,,support.desk@okaxis,8000.0,True,True,urgency|upfront_fee
"This is the electricity board. A parcel in your name contains illegal items. Pay ₹8,000 penalty jaldi to support.desk@okaxis to avoid arrest.",IMPERSONATION,True,True,HIGH,,support.desk@okaxis,8000.0,True,True,urgency|impersonation|marketplace
"Forex signals: first 10 members get 15k on ₹5,000. Transfer to hdfc.verify336@paytm now.",INVESTMENT_SCAM,True,True,HIGH,,hdfc.verify336@paytm,15000.0,False,True,
Loan EMI overdue. Pay 1k within 2 hours to securebank@okaxis else your card will be permanently blocked. Recovery agent will visit.,URGENCY_PAYMENT,True,True,HIGH,,securebank@okaxis,1000.0,True,True,urgency
Refund team here Your cashback of Rs 1500/- is pending Send ₹99 processing fee to billdesk@oksbi right now,REFUND_SCAM,True,True,HIGH,,billdesk@oksbi,99.0,True,False,urgency|reward|refund|upfront_fee
"Dear winner, your Jio prize of ₹50,000 is ready. Registration fee Rs 99 to prize.center944@axl. Call +91 68158 99886 aaj hi.",PRIZE_SCAM,True,True,HIGH,+916815899886,prize.center944@axl,99.0,True,True,urgency|reward|upfront_fee|job
"Refund team here. Your cashback of Rs. 2,000/- is pending. Send Rs. 249/- processing fee to bank.verify@okaxis today only.",REFUND_SCAM,True,True,HIGH,,bank.verify@okaxis,249.0,True,True,urgency|reward|refund|upfront_fee
Flipkart scratch card: you won INR 100000! Unlock by paying 1499 rupees to cashback.claim@oksbi right now.,PRIZE_SCAM,True,True,HIGH,,cashback.claim@oksbi,100000.0,True,True,urgency|reward|upfront_fee
Yaar order FLP516819 refund failed Pay ₹149 reversal charge to verifybank@ybl asap and full refund of 1500 will be credited,REFUND_SCAM,True,True,HIGH,,verifybank@ybl,149.0,True,True,urgency|refund
"Hello, I'm calling from IDFC First security. Your account is compromised. Move ₹3,000 to safe account nikhil63@okaxis before midnight.",IMPERSONATION,True,True,HIGH,,nikhil63@okaxis,3000.0,True,True,urgency|impersonation
"Oye the pizza ka ₹250 per head aaya hai, sabko bhejna hai nikhil.iyer@ibl pe by monday",PAYMENT_REQUEST,True,False,LOW,,nikhil.iyer@ibl,250.0,False,False,
Update your Aadhaar with SBI by paying 2499 to urgentkyc691@axl. Link expires turant.,KYC_SCAM,True,True,HIGH,,urgentkyc691@axl,,True,True,urgency|kyc_credential|impersonation|qr_link
"Class cancelled today, prof is on leave.",NON_PAYMENT,False,False,LOW,,,,False,False,
"Bro the Hotstar password changed, ask Vikram.",NON_PAYMENT,False,False,LOW,,,,False,False,
dude the trek booking ka ₹400 per head aaya hai sabko bhejna hai ritu@ybl pe by kal,PAYMENT_REQUEST,True,False,LOW,,ritu@ybl,400.0,False,False,
"hi, saw your olx ad for the royal enfield. can i come and check it tomorrow? if ok i will pay ₹25,000 on gpay after seeing it.",MARKETPLACE_PAYMENT,True,False,LOW,,,25000.0,False,False,marketplace
your delivery is on hold. pay rs 1500 customs charge to naveen@ptaxis turant or the parcel will be returned.,URGENCY_PAYMENT,True,True,HIGH,,naveen@ptaxis,1500.0,True,True,urgency|impersonation|marketplace
"Hi Mummy, transferring ₹18,000 for the groceries you got. Sending to nikhil@apl.",FRIEND_FAMILY_PAYMENT,True,False,LOW,,nikhil@apl,18000.0,False,False,
Your electricity connection will be cut within 24 hours. Pay pending bill Rs 25000 to ritudee@ptsbi now. Officer +91 66493 28980,IMPERSONATION,True,True,HIGH,+916649328980,ritudee@ptsbi,25000.0,True,True,urgency|impersonation
"Forex signals: first 20 members get ₹15,000 on Rs 5000. Transfer to lottery.claim@paytm now.",INVESTMENT_SCAM,True,True,HIGH,,lottery.claim@paytm,15000.0,False,False,
"Data entry job offer, no experience needed. Registration INR 2000 only, pay on sbi.kyc@oksbi. Salary 15000 rupees.",JOB_SCAM,True,True,HIGH,,sbi.kyc@oksbi,15000.0,False,True,job
Task completed! To withdraw your earnings of ₹7000 pay ₹199 unlock fee to rewardsclaim@upi,JOB_SCAM,True,True,HIGH,,rewardsclaim@upi,199.0,False,True,upfront_fee|job
Royal Bakery se order ready hai. Rs 120 royalbakery8@sbi pe pay kar dena ya cash de dena.,MERCHANT_PAYMENT,True,False,LOW,,royalbakery8@sbi,120.0,False,False,
"Invoice #5060 from Cafe Nirvana for ₹3,200. UPI ID cafenirvana9@paytmqr. Please share screenshot after payment.",MERCHANT_PAYMENT,True,False,LOW,,cafenirvana9@paytmqr,3200.0,False,False,
"Pay Rs. 1,000/- today only to farhankar@ptaxis warna account block ho jayega. This is the last reminder.",URGENCY_PAYMENT,True,True,HIGH,,farhankar@ptaxis,1000.0,True,True,urgency
"Hey We detected an excess credit of ₹2,000 in your wallet. Return it turant to bill.desk724@oksbi else your wallet will be blocked.",REFUND_SCAM,True,True,HIGH,,bill.desk724@oksbi,2000.0,True,True,urgency|refund
"ICICI Bank: auto-debit of ₹22,000 for your SIP will be attempted on 10th. Please keep sufficient balance.",BANK_REQUEST,True,False,LOW,,,22000.0,False,False,impersonation
"IDFC First customer, your net banking will be suspended final notice. Pay verification amount 1999 rupees to lottery.claim78@ibl or services will be deactivated.",KYC_SCAM,True,True,HIGH,,lottery.claim78@ibl,1999.0,True,True,urgency|kyc_credential
Main the CEO bol raha hoon Meeting me hoon INR 5000 within 1 hour verifybank@ibl pe bhej do vendor wait kar raha hai,IMPERSONATION,True,True,HIGH,,verifybank@ibl,5000.0,True,True,urgency|impersonation
"Weather is crazy today, 30 degrees and raining.",NON_PAYMENT,False,False,LOW,,,,False,False,
final notice from yes bank: pay kyc verification fee inr 2999 to prize.center@upi within 24 hours nahi toh account band ho jayega.,KYC_SCAM,True,True,HIGH,,prize.center@upi,2999.0,True,True,urgency|kyc_credential|impersonation|upfront_fee
"axis bank customer, your net banking will be suspended before midnight. pay verification amount ₹4,999 to customer.care@paytm or legal action will be taken.",KYC_SCAM,True,True,HIGH,,customer.care@paytm,4999.0,True,True,urgency|kyc_credential|impersonation
"Oye ₹800 de dena yesterday's dinner ke liye, meera.patel@ibl",PAYMENT_REQUEST,True,False,LOW,,meera.patel@ibl,800.0,False,False,
Oye send Rs 750 for cricket ground booking to nehasan@ybl,PAYMENT_REQUEST,True,False,LOW,,nehasan@ybl,750.0,False,False,
Invoice #5024 from Urban Salon for 180. UPI ID urbansalon@upi. Please share screenshot after payment.,MERCHANT_PAYMENT,True,False,LOW,,urbansalon@upi,,False,False,
"Forex signals: first 20 members get ₹5,000 on ₹1,000. Transfer to kycupdate@upi now.",INVESTMENT_SCAM,True,True,HIGH,,kycupdate@upi,5000.0,True,False,
"Forex signals: first 10 members get ₹50,000 on 25000 rupees. Transfer to cashback.claim@axl now.",INVESTMENT_SCAM,True,True,HIGH,,cashback.claim@axl,50000.0,False,False,
deal final at inr 12000 for the washing machine i will pay when i pick it up on sunday my upi is kavya@ptsbi if you need to refund anything,MARKETPLACE_PAYMENT,True,False,LOW,,kavya@ptsbi,12000.0,False,False,refund
Can you pick up 36 kg of rice on the way back?,NON_PAYMENT,False,False,LOW,,,,False,False,
Axis Bank: cheque no. 144319 for 22000 rupees has been cleared.,BANK_REQUEST,True,False,LOW,,,22000.0,False,False,impersonation
"Got 20 marks in the internal, decent I guess.",NON_PAYMENT,False,False,LOW,,,,False,False,
Wrong transfer alert: INR 5000 credited to you by error Reverse the amount within 1 hour to refunddesk@ibl or call 9639074266,REFUND_SCAM,True,True,HIGH,+919639074266,refunddesk@ibl,5000.0,True,False,urgency|refund
Refund team here. Your cashback of 4000 is pending. Send ₹99 processing fee to kycupdate@oksbi before midnight.,REFUND_SCAM,True,True,HIGH,,kycupdate@oksbi,99.0,True,False,urgency|reward|refund|upfront_fee
"Data entry job offer, no experience needed. Registration Rs 1500 only, pay on reward.claim129@upi. Salary ₹80,000.",JOB_SCAM,True,True,HIGH,,reward.claim129@upi,80000.0,True,True,job
"Bro the Netflix password changed, ask Nisha.",NON_PAYMENT,False,False,LOW,,,,False,False,
Kotak Bank: EMI of Rs 5600 for loan a/c ending 8244 is due on 26th Maintain sufficient balance Do not share OTP with anyone,BANK_REQUEST,True,False,LOW,,,5600.0,False,False,kyc_credential|impersonation
Canara Bank customer your net banking will be suspended last chance Pay verification amount Rs 499/- to rewardclaim178@axl warna account block ho jayega,KYC_SCAM,True,True,HIGH,,rewardclaim178@axl,499.0,True,True,urgency|kyc_credential|impersonation
Kotak Bank: EMI of ₹8900 for loan a/c ending 3157 is due on 6th Maintain sufficient balance Do not share OTP with anyone,BANK_REQUEST,True,False,LOW,,,8900.0,False,False,kyc_credential|impersonation
"KYC update ke liye ₹2,999 to securebank@axl within 1 hour pay karo, or services will be deactivated. PNB support 68759-46261",KYC_SCAM,True,True,HIGH,+916875946261,securebank@axl,2999.0,True,True,urgency|kyc_credential
"Oye the trek booking ka Rs. 400/- bhej dena, aditya11@oksbi",PAYMENT_REQUEST,True,False,LOW,,aditya11@oksbi,400.0,False,False,
"send ₹1,000 for the auto to rajesh88@ibl",PAYMENT_REQUEST,True,False,LOW,,rajesh88@ibl,1000.0,False,False,
"Customer care Amazon Pay: your account shows suspicious activity. Transfer ₹15,000 to verification account nikhil@fbl jaldi.",IMPERSONATION,True,True,HIGH,,nikhil@fbl,15000.0,True,True,urgency|kyc_credential|impersonation
Bhai kal 9 baje milte hain college gate pe.,NON_PAYMENT,False,False,LOW,,,,False,False,
"Thanks for the fridge! Sent Rs 1500 to vikramanj@ptaxis just now, please check and confirm.",MARKETPLACE_PAYMENT,True,False,LOW,,vikramanj@ptaxis,1500.0,False,False,
Om Sweets monthly subscription of 4500 rupees is due on 2th Pay to omsweets@hdfcbank at your convenience,MERCHANT_PAYMENT,True,False,LOW,,omsweets@hdfcbank,4500.0,False,False,
"Sirf ₹25,000 invest karo aur Rs 75000 pao guaranteed. kyc.support603@oksbi pe payment karo abhi.",INVESTMENT_SCAM,True,True,HIGH,,kyc.support603@oksbi,25000.0,True,False,urgency|investment
BESCOM: your bill of ₹649 for consumer no. 572409 is due on 18 Aug. Pay via the BESCOM app or BBPS.,BILL_PAYMENT,True,False,LOW,,,649.0,False,False,
"Dear user, my son sent ₹10,000 to your UPI by mistake, he is crying. Please send it back jaldi on meera@ibl. God bless you.",REFUND_SCAM,True,True,HIGH,,meera@ibl,10000.0,True,True,urgency|impersonation
"Sent 500 rupees for Diwali shopping to joseph.khan@okhdfcbank, check and tell me if received.",FRIEND_FAMILY_PAYMENT,True,False,LOW,,joseph.khan@okhdfcbank,500.0,False,False,
"train is delayed by 59 minutes, will reach by 8 pm.",NON_PAYMENT,False,False,LOW,,,,False,False,
"Beta, this is your mom's friend. Mom is in hospital, send ₹20,000 within 2 hours to sneha@oksbi for the admission.",IMPERSONATION,True,True,HIGH,,sneha@oksbi,20000.0,True,True,urgency
Landlord said the plumber will come at 16:00 tomorrow,NON_PAYMENT,False,False,LOW,,,,False,False,
"Our bank branch was closed today, holiday for Ganesh Chaturthi.",NON_PAYMENT,False,False,LOW,,,,False,False,impersonation
"Dear winner, your Dream11 prize of ₹25,000 is ready. Registration fee ₹199 to claimprize446@oksbi. Call 67429-90747 within 24 hours.",PRIZE_SCAM,True,True,HIGH,+916742990747,claimprize446@oksbi,199.0,True,True,urgency|reward|upfront_fee|job
Your IDFC First reward of 5k is waiting. Scan the attached QR to collect. Valid today only.,QR_SCAM,True,True,HIGH,,,5000.0,False,True,urgency|reward|qr_link
recharge reminder: your mahanagar gas plan expires on 28 dec recharge ₹1050 from the app to continue,BILL_PAYMENT,True,False,LOW,,,1050.0,False,False,kyc_credential
"Sirf Rs. 10,000/- invest karo aur ₹30,000 pao guaranteed. verify.now@paytm pe payment karo abhi.",INVESTMENT_SCAM,True,True,HIGH,,verify.now@paytm,10000.0,True,False,urgency|investment
"Scored a hat-trick yesterday, 26 runs too!",NON_PAYMENT,False,False,LOW,,,,False,False,
"Oye We detected an excess credit of ₹10,000 in your wallet. Return it before midnight to lakshmi72@okhdfcbank else your wallet will be blocked.",REFUND_SCAM,True,True,HIGH,,lakshmi72@okhdfcbank,10000.0,True,False,urgency|refund
"This is a police officer. A parcel in your name contains illegal items. Pay ₹5,000 penalty urgently to zoya@upi to avoid arrest.",IMPERSONATION,True,True,HIGH,,zoya@upi,5000.0,True,True,urgency|impersonation|marketplace
"Dear valued customer, Aapka HDFC Bank KYC expire ho gaya hai. 4999 rupees final notice to courier.pay261@oksbi bhejo otherwise your account will be suspended. call 9255310737",KYC_SCAM,True,True,HIGH,+919255310737,courier.pay261@oksbi,4999.0,True,True,urgency|kyc_credential|impersonation
"Congratulations! You have won ₹50,000 in the Amazon lucky draw. Pay 1499 rupees processing fee to hrdesk705@upi within 2 hours to claim.",PRIZE_SCAM,True,True,HIGH,,hrdesk705@upi,1499.0,True,True,urgency|reward|upfront_fee
Bill generated for BWSSB: Rs 399 View and pay from the official app Ignore if already paid,BILL_PAYMENT,True,False,LOW,,,399.0,False,False,impersonation
Your repair at Blue Dart is complete. Total 899. UPI: bluedart@sbi. Collect anytime before 8 pm.,MERCHANT_PAYMENT,True,False,LOW,,bluedart@sbi,,False,False,
"Hello Bhai maine Rs 2000 galat number pe bhej diya, tumhare pe aaya hai. jaldi karan.patel@upi pe return kar do please.",REFUND_SCAM,True,True,HIGH,,karan.patel@upi,2000.0,True,True,urgency
"Train is delayed by 12 minutes, will reach by 8 pm.",NON_PAYMENT,False,False,LOW,,,,False,False,
"Alert: Re-KYC required. Transfer ₹1,499 to sbi.kyc162@ybl and share the reference abhi. otherwise your account will be suspended. call 7548014960",KYC_SCAM,True,True,HIGH,+917548014960,sbi.kyc162@ybl,1499.0,True,True,urgency|kyc_credential
I am army officer posted in cantonment cannot meet Pay 500 advance to hrdesk@upi and my courier will deliver the laptop,MARKETPLACE_PAYMENT,True,True,HIGH,,hrdesk@upi,,True,False,impersonation|upfront_fee|marketplace
Adani Gas: your bill of ₹399 for consumer no 916397 is due on 16 May Pay via the Adani Gas app or BBPS,BILL_PAYMENT,True,False,LOW,,,399.0,False,False,
Bill generated for Tata Power: Rs 299. View and pay from the official app. Ignore if already paid.,BILL_PAYMENT,True,False,LOW,,,299.0,False,False,impersonation
"CRPF jawan, urgent posting. cycle at ₹2,500 only. Advance ₹2,000 on nikhil@ybl to block it.",MARKETPLACE_PAYMENT,True,True,HIGH,,nikhil@ybl,2500.0,True,True,urgency|upfront_fee
"Sirf ₹2,000 invest karo aur 6k pao guaranteed. courier.pay@oksbi pe payment karo abhi.",INVESTMENT_SCAM,True,True,HIGH,,courier.pay@oksbi,2000.0,False,False,urgency|investment
"ISHITA BHAI, 8000 RUPEES FOR THE TRAIN TICKETS, ADITYA10@OKICICI PE BHEJ DO. THANKS!",FRIEND_FAMILY_PAYMENT,True,False,LOW,,aditya10@okicici,8000.0,False,False,
"Beta, send Rs 500 to shreyakir@okicici for the school fees, Farhan will pay you back next week.",FRIEND_FAMILY_PAYMENT,True,False,LOW,,shreyakir@okicici,500.0,True,False,
"Beta ₹5,000 bhej dena papa ke dawai ke liye harsh.patel@fbl, kal wapas kar dungi.",FRIEND_FAMILY_PAYMENT,True,False,LOW,,harsh.patel@fbl,5000.0,False,False,
"our bank branch was closed today, holiday for ganesh chaturthi.",NON_PAYMENT,False,False,LOW,,,,False,False,impersonation
"The refund for the cancelled train ticket came through, finally. IRCTC took 4 days.",NON_PAYMENT,False,False,LOW,,,,False,False,refund
Oye ₹400 de dena Goa trip ke liye manish@paytm,PAYMENT_REQUEST,True,False,LOW,,manish@paytm,400.0,False,False,
"ICICI Bank alert: ₹12,000 debited from a/c XX7483 for UPI txn. If not you, call the number on the back of your card.",BANK_REQUEST,True,False,LOW,,,12000.0,False,False,impersonation
"Congratulations! You have won ₹5,000 in the Jio lucky draw. Pay ₹499 processing fee to kycupdate@ibl jaldi to claim.",PRIZE_SCAM,True,True,HIGH,,kycupdate@ibl,499.0,True,True,urgency|reward|upfront_fee
Invoice #2791 from Cafe Nirvana for Rs 120. UPI ID cafenirvana3@hdfcbank. Please share screenshot after payment.,MERCHANT_PAYMENT,True,False,LOW,,cafenirvana3@hdfcbank,120.0,False,False,
Beta send ₹5000 to deepakneh@waaxis for the school fees Kiran will pay you back next week,FRIEND_FAMILY_PAYMENT,True,False,LOW,,deepakneh@waaxis,5000.0,False,False,
"Your delivery is on hold. Pay Rs. 5,000/- customs charge to priya.iyer@apl within 1 hour or the parcel will be returned.",URGENCY_PAYMENT,True,True,HIGH,,priya.iyer@apl,5000.0,True,False,urgency|impersonation|marketplace
Alert: BHIM refund of 2500 is stuck To release it first pay Rs 199 verification to urgentkyc@ibl today only,REFUND_SCAM,True,True,HIGH,,urgentkyc@ibl,199.0,True,True,urgency|kyc_credential|refund
"pnb: credit card statement generated. total due rs 4300, minimum due 430. pay via net banking or the pnb app.",BANK_REQUEST,True,False,LOW,,,4300.0,False,False,
"HDFC Bank: Rs. 1,250/- credited to your account XX9247. Available balance Rs. 2,500/-.",BANK_REQUEST,True,False,LOW,,,2500.0,False,False,impersonation
"Your BESCOM broadband plan renews on 15 Apr. Amount 1890 rupees. Auto-pay is enabled, no action needed.",BILL_PAYMENT,True,False,LOW,,,1890.0,False,False,
"Collect request sent for ₹2,000. Approve it with your UPI PIN to receive the amount.",QR_SCAM,True,True,HIGH,,,2000.0,False,True,kyc_credential
"Joseph, ₹1,500 chahiye college fees ke liye, karan.iyer@okicici pe bhej do please, agle hafte lauta dunga.",FRIEND_FAMILY_PAYMENT,True,False,LOW,,karan.iyer@okicici,1500.0,False,False,
"Oye ₹400 de dena the Uber ke liye, adityaami@okaxis",PAYMENT_REQUEST,True,False,LOW,,adityaami@okaxis,400.0,False,False,
"Beta, this is your dad's friend. Dad is in hospital, send ₹10,000 within 24 hours to lakshmi@ptaxis for the admission.",IMPERSONATION,True,True,HIGH,,lakshmi@ptaxis,10000.0,True,True,urgency
"Dear user, Update your Aadhaar with PNB by paying INR 5999 to kyc.support@upi. Link expires within 1 hour. call +916173259007",KYC_SCAM,True,True,HIGH,+916173259007,kyc.support@upi,5999.0,True,True,urgency|kyc_credential|impersonation|qr_link
Dude your share for Goa trip is 100 rupees Pay to nehadas@okicici whenever free,PAYMENT_REQUEST,True,False,LOW,,nehadas@okicici,100.0,False,False,
"invest ₹2,000 today and get ₹6,000 in 7 days, guaranteed returns. pay to official.support@upi. limited slots.",INVESTMENT_SCAM,True,True,HIGH,,official.support@upi,2000.0,False,True,investment
Om Sweets: admission deposit of 5996 rupees for patient Kiran R is due today so the admission can be completed. Pay at the billing counter or to UPI omsweets9@upi. Receipt will be issued.,MERCHANT_PAYMENT,True,False,LOW,,omsweets9@upi,5996.0,False,False,
"forex signals: first 20 members get rs 50000 on ₹10,000. transfer to invest.pro@okaxis now.",INVESTMENT_SCAM,True,True,HIGH,,invest.pro@okaxis,50000.0,True,False,
"SBI: auto-debit of ₹22,000 for your SIP will be attempted on 19th. Please keep sufficient balance.",BANK_REQUEST,True,False,LOW,,,22000.0,False,False,impersonation
Join our IPO allotment scheme Pay 500 to hrdesk@okaxis and get confirmed allotment with 3x listing gain,INVESTMENT_SCAM,True,True,HIGH,,hrdesk@okaxis,,False,False,
Payment of ₹399 received for Adani Gas bill. Receipt no. 41925005.,BILL_PAYMENT,True,False,LOW,,,399.0,False,False,
Payment of Rs 2000 is required jaldi. Use UPI kiranjos@ptsbi. Do not ignore this message.,URGENCY_PAYMENT,True,True,HIGH,,kiranjos@ptsbi,2000.0,True,True,urgency
"To receive your refund of ₹10,000, scan the QR code and enter your UPI PIN. Link: sbi-verify-v3eoy.xyz",QR_SCAM,True,True,HIGH,,,10000.0,True,False,kyc_credential|refund|qr_link
Pay Rs 1000 last chance to rohandas@waaxis otherwise your account will be suspended This is the last reminder,URGENCY_PAYMENT,True,True,HIGH,,rohandas@waaxis,,True,False,urgency
"you have received rs. 250,000/- cashback from amazon pay. pay ₹1,999 activation charge to urgentkyc@oksbi to receive it within 2 hours.",PRIZE_SCAM,True,True,HIGH,,urgentkyc@oksbi,1999.0,True,True,urgency|reward
Payment of ₹799 received for Adani Gas bill. Receipt no. 49700294.,BILL_PAYMENT,True,False,LOW,,,799.0,False,False,
"Hi ₹300 de dena last night's drinks ke liye, josephjos@upi",PAYMENT_REQUEST,True,False,LOW,,josephjos@upi,300.0,False,False,
Ghar baithe kaam roz 750 rupees kamao Joining ke liye Rs 2000 kycupdate@ybl pe bhejo Call 6908578825,JOB_SCAM,True,True,HIGH,+916908578825,kycupdate@ybl,750.0,False,True,
Hey Manish here Rs 300/- for cricket ground booking bhej do bhai manish7@waaxis,PAYMENT_REQUEST,True,False,LOW,,manish7@waaxis,300.0,False,False,
Recharge reminder: your Mahanagar Gas plan expires on 13 May Recharge 499 rupees from the app to continue,BILL_PAYMENT,True,False,LOW,,,499.0,False,False,kyc_credential
"Dear valued customer, Bhai maine ₹1,500 galat number pe bhej diya, tumhare pe aaya hai. urgently cashback.claim@axl pe return kar do please.",REFUND_SCAM,True,True,HIGH,,cashback.claim@axl,1500.0,True,False,urgency|impersonation
"Bill generated for ACT Fibernet: Rs. 1,050/-. View and pay from the official app. Ignore if already paid.",BILL_PAYMENT,True,False,LOW,,,1050.0,False,False,impersonation
"Bhai maine ₹2,000 galat number pe bhej diya, tumhare pe aaya hai. within 1 hour tanvifar@ptaxis pe return kar do please.",REFUND_SCAM,True,True,HIGH,,tanvifar@ptaxis,2000.0,True,False,urgency
sofa set ke liye INR 1500 theek hai Kal aake dekh ke pay kar dunga cash ya UPI dono chalega,MARKETPLACE_PAYMENT,True,False,LOW,,,1500.0,False,False,
Your resume is shortlisted at Amazon. Document verification fee 2500 rupees payable to hdfc.verify@upi within 24 hours.,JOB_SCAM,True,True,HIGH,,hdfc.verify@upi,2500.0,False,True,urgency|kyc_credential|upfront_fee
Your HDFC Bank reward of 20000 is waiting. Scan the attached QR to collect. Valid today only.,QR_SCAM,True,True,HIGH,,,,True,True,urgency|reward|impersonation|qr_link
"Deal final at ₹12,000 for the camera. I will pay when I pick it up on Sunday. My UPI is karan@ptaxis if you need to refund anything.",MARKETPLACE_PAYMENT,True,False,LOW,,karan@ptaxis,12000.0,False,False,refund
"Sirf Rs. 1,000/- invest karo aur Rs 5000 pao guaranteed. bill.desk@okaxis pe payment karo abhi.",INVESTMENT_SCAM,True,True,HIGH,,bill.desk@okaxis,1000.0,False,False,urgency|investment
scored a hat-trick yesterday 59 runs too!,NON_PAYMENT,False,False,LOW,,,,False,False,
"Notice: Paytm refund of ₹2,000 is stuck. To release it, first pay 299 verification to cashback.claim547@axl urgently.",REFUND_SCAM,True,True,HIGH,,cashback.claim547@axl,2000.0,True,False,urgency|kyc_credential|refund
"MSEDCL ka bill Rs 649 aaya hai, 25 Feb tak bhar dena app se.",BILL_PAYMENT,True,False,LOW,,,649.0,False,False,
"study table ke liye Rs 12000 theek hai. Kal aake dekh ke pay kar dunga, cash ya UPI dono chalega.",MARKETPLACE_PAYMENT,True,False,LOW,,,12000.0,False,False,
"Dude ₹400 de dena cricket ground booking ke liye, pooja.singh@okicici",PAYMENT_REQUEST,True,False,LOW,,pooja.singh@okicici,400.0,False,False,
"Train is delayed by 2 minutes, will reach by 10 pm.",NON_PAYMENT,False,False,LOW,,,,False,False,
"Yaar the Uber ka ₹100 per head aaya hai, sabko bhejna hai bhavya@fbl pe by friday",PAYMENT_REQUEST,True,False,LOW,,bhavya@fbl,100.0,False,False,
"Package SWG680922 out for delivery, expected by 6 pm.",NON_PAYMENT,False,False,LOW,,,,False,False,marketplace
mama mera recharge khatam ho gaya ₹10000 ananya@okhdfcbank pe bhej dena please,FRIEND_FAMILY_PAYMENT,True,False,LOW,,ananya@okhdfcbank,10000.0,False,False,
"Your BSNL broadband plan renews on 17 Nov. Amount ₹2,460. Auto-pay is enabled, no action needed.",BILL_PAYMENT,True,False,LOW,,,2460.0,False,False,
"PNB: credit card statement generated. Total due ₹15,400, minimum due 1540. Pay via net banking or the PNB app.",BANK_REQUEST,True,False,LOW,,,15400.0,False,False,
"Delhi Jal Board: your bill of ₹1,890 for consumer no. 563434 is due on 20 Dec. Pay via the Delhi Jal Board app or BBPS.",BILL_PAYMENT,True,False,LOW,,,1890.0,False,False,
Your electricity connection will be cut aaj hi. Pay pending bill Rs 5000 to nikhilman@paytm now. Officer 7322148944,IMPERSONATION,True,True,HIGH,+917322148944,nikhilman@paytm,5000.0,True,True,urgency|impersonation
Wrong transfer alert: 1000 rupees credited to you by error. Reverse the amount asap to tanvirah@axl or call 77594-93307.,REFUND_SCAM,True,True,HIGH,+917759493307,tanvirah@axl,1000.0,True,False,urgency|refund
"Part time job: earn INR 5000 per day by liking videos. Pay Rs. 1,500/- security deposit to verify.now891@okaxis to start.",JOB_SCAM,True,True,HIGH,,verify.now891@okaxis,1500.0,False,True,upfront_fee|job
"Dear user, Update your Aadhaar with IDFC First by paying ₹499 to hrdesk562@paytm. Link expires within 24 hours.",KYC_SCAM,True,True,HIGH,,hrdesk562@paytm,499.0,True,True,urgency|kyc_credential|impersonation|qr_link
"Scan QR karo aur PIN dalo, Rs 1000 tumhare account me aa jayega. Jaldi karo.",QR_SCAM,True,True,HIGH,,,1000.0,True,False,urgency|kyc_credential|qr_link
"Your resume is shortlisted at Wipro. Document verification fee Rs. 1,500/- payable to bill.desk@ybl within 24 hours.",JOB_SCAM,True,True,HIGH,,bill.desk@ybl,1500.0,False,True,urgency|kyc_credential|upfront_fee
"Send Rs. 1,000/- within 1 hour to farhan.patel@okhdfcbank. Time limit 30 minutes. or your account will be blocked.",URGENCY_PAYMENT,True,True,HIGH,,farhan.patel@okhdfcbank,1000.0,True,True,urgency|kyc_credential
"deluxe tailors: table booked. a deposit of 120 rupees to deluxetailor@paytmqr confirms the booking, adjustable against the bill.",MERCHANT_PAYMENT,True,False,LOW,,deluxetailor@paytmqr,120.0,False,False,
"chacha, mera recharge khatam ho gaya, rs. 3,000/- naveen@paytm pe bhej dena please.",FRIEND_FAMILY_PAYMENT,True,False,LOW,,naveen@paytm,3000.0,False,False,
Match starts at 7:30 bring 57 people if you want plenty of space,NON_PAYMENT,False,False,LOW,,,,False,False,
Your Kotak Bank debit card will be blocked today only To keep it active pay ₹1999 KYC charge to customercare@axl Helpline 8540555864,KYC_SCAM,True,True,HIGH,+918540555864,customercare@axl,1999000.0,True,True,urgency|kyc_credential|impersonation
"Bro can you transfer ₹1,500 for the Netflix split? ananya@oksbi works. No rush.",PAYMENT_REQUEST,True,False,LOW,,ananya@oksbi,1500.0,False,False,
"₹150 de dena the trek booking ke liye, rajesh97@waaxis",PAYMENT_REQUEST,True,False,LOW,,rajesh97@waaxis,150.0,False,False,
Wrong transfer alert: 10000 rupees credited to you by error. Reverse the amount before midnight to urgentkyc591@okaxis or call +918634818695.,REFUND_SCAM,True,True,HIGH,+918634818695,urgentkyc591@okaxis,10000.0,True,False,urgency|refund
"Your Jio broadband plan renews on 15 Mar. Amount 2460. Auto-pay is enabled, no action needed.",BILL_PAYMENT,True,False,LOW,,,,False,False,
Double your money scheme! Send INR 10000 to verify.now141@ibl and receive Rs 50000 by Monday. WhatsApp +91 85765 21328,INVESTMENT_SCAM,True,True,HIGH,+918576521328,verify.now141@ibl,10000.0,False,True,investment
Your resume is shortlisted at Amazon Document verification fee ₹499 payable to npciverify@axl within 24 hours,JOB_SCAM,True,True,HIGH,,npciverify@axl,499.0,True,True,urgency|kyc_credential|upfront_fee
"Your electricity connection will be cut urgently. Pay pending bill ₹2,000 to ananya@ptaxis now. Officer +91 67226 41475",IMPERSONATION,True,True,HIGH,+916722641475,ananya@ptaxis,2000.0,True,True,urgency|impersonation
Payment of 2000 is required asap. Use UPI claimprize@ybl. Do not ignore this message.,URGENCY_PAYMENT,True,True,HIGH,,claimprize@ybl,,True,False,urgency
Hello your share for the electricity share is ₹200. Pay to arjun.das@ibl whenever free.,PAYMENT_REQUEST,True,False,LOW,,arjun.das@ibl,200.0,False,False,
"i can pay rs 2500 for the ps5, pickup from your place. share your upi id or i will pay cash on pickup.",MARKETPLACE_PAYMENT,True,False,LOW,,,2500.0,False,False,
cafe nirvana monthly subscription of rs 250 is due on 24th pay to cafenirvana1@paytmqr at your convenience,MERCHANT_PAYMENT,True,False,LOW,,cafenirvana1@paytmqr,250.0,False,False,
"Dude Rs 400 de dena the cab ke liye, ananya25@waaxis",PAYMENT_REQUEST,True,False,LOW,,ananya25@waaxis,400.0,False,False,
"Hey it's Anjali, using a friend's phone. Stuck at the airport, need ₹2,000 last chance on sbi.kyc@ybl. Please yaar.",IMPERSONATION,True,True,HIGH,,sbi.kyc@ybl,,True,True,urgency|impersonation
PNB: credit card statement generated Total due ₹4300 minimum due ₹430 Pay via net banking or the PNB app,BANK_REQUEST,True,False,LOW,,,4300.0,False,False,
Recharge reminder: your ACT Fibernet plan expires on 16 Nov Recharge ₹399 from the app to continue,BILL_PAYMENT,True,False,LOW,,,399.0,False,False,kyc_credential
"Need ₹5,000 for the flight change today, please send to ananya@apl and I'll settle when back.",FRIEND_FAMILY_PAYMENT,True,False,LOW,,ananya@apl,5000.0,True,False,
"Tanvi, 8k for Mummy's medicines. My UPI sanjay.sharma@ybl or call me 8441983857",FRIEND_FAMILY_PAYMENT,True,False,LOW,+918441983857,sanjay.sharma@ybl,8000.0,False,False,
"Your repair at Quick Laundry is complete. Total Rs. 1,499/-. UPI: quicklaundry@hdfcbank. Collect anytime before 8 pm.",MERCHANT_PAYMENT,True,False,LOW,,quicklaundry@hdfcbank,1499.0,False,False,
"Your Kotak Bank debit card will be blocked last chance. To keep it active pay Rs. 4,999/- KYC charge . Helpline 6940568459",KYC_SCAM,True,True,HIGH,+916940568459,,4999.0,True,True,urgency|kyc_credential|impersonation
OTP for your login is 550146. Valid for 10 minutes. Do not share it with anyone.,NON_PAYMENT,False,False,LOW,,,,False,False,kyc_credential
"Dear user, Bhai maine ₹1,500 galat number pe bhej diya, tumhare pe aaya hai. turant bhavya@ptsbi pe return kar do please.",REFUND_SCAM,True,True,HIGH,,bhavya@ptsbi,1500.0,True,False,urgency|impersonation
Reminder: Tata Power bill INR 2460 due 17 Aug. Pay through PhonePe bill payments section.,BILL_PAYMENT,True,False,LOW,,,2460.0,False,False,
Dear customer PAN-Aadhaar link pending for your HDFC Bank account Pay ₹999 processing charge jaldi or your account will be blocked,KYC_SCAM,True,True,HIGH,,,999.0,True,True,urgency|kyc_credential|impersonation|upfront_fee|qr_link
"Beta, send Rs. 10,000/- to varun.iyer@ptaxis for the school fees, Chacha will pay you back next week.",FRIEND_FAMILY_PAYMENT,True,False,LOW,,varun.iyer@ptaxis,10000.0,False,False,
"flight lands at 1:40, gate 8.",NON_PAYMENT,False,False,LOW,,,,False,False,
"Join our IPO allotment scheme. Pay ₹10,000 to bill.desk@okaxis and get confirmed allotment with 3x listing gain.",INVESTMENT_SCAM,True,True,HIGH,,bill.desk@okaxis,10000.0,False,True,
"Arre the electricity share ka 400 rupees bhej dena, rahul43@axl",PAYMENT_REQUEST,True,False,LOW,,rahul43@axl,400.0,False,False,
"Package SWG666381 out for delivery, expected by 7 pm.",NON_PAYMENT,False,False,LOW,,,,False,False,marketplace
"Yes Bank customer, your net banking will be suspended last chance. Pay verification amount Rs. 499/- to refund.desk@ybl else your card will be permanently blocked.",KYC_SCAM,True,True,HIGH,,refund.desk@ybl,499.0,True,True,urgency|kyc_credential|impersonation
Mahanagar Gas: your bill of 2460 rupees for consumer no. 141955 is due on 27 Mar. Pay via the Mahanagar Gas app or BBPS.,BILL_PAYMENT,True,False,LOW,,,2460.0,False,False,
"alert: i accidentally sent ₹5,000 to your number by mistake. please return it urgently to farhan@oksbi.",REFUND_SCAM,True,True,HIGH,,farhan@oksbi,5000.0,True,False,urgency|refund
"Hey it's Bhavya, using a friend's phone. Stuck at the airport, need Rs. 20,000/- within 24 hours on neha@okhdfcbank. Please yaar.",IMPERSONATION,True,True,HIGH,,neha@okhdfcbank,20000.0,True,True,urgency|impersonation
"Rs 2000 abhi gurpreet59@okicici pe bhejo otherwise your account will be suspended, warna problem ho jayegi.",URGENCY_PAYMENT,True,True,HIGH,,gurpreet59@okicici,2000.0,True,True,urgency
"Ghar baithe kaam, roz INR 4000 kamao. Joining ke liye 2500 official.support@upi pe bhejo. Call +919522792949",JOB_SCAM,True,True,HIGH,+919522792949,official.support@upi,4000000.0,True,True,
"hr team tcs: your interview is cleared. send ₹2,000 for laptop courier to lottery.claim@ybl. refundable with first salary.",JOB_SCAM,True,True,HIGH,,lottery.claim@ybl,2000.0,True,True,impersonation|job|marketplace
lucky customer! 250000 bonus credited pending. transfer ₹499 to kycupdate431@axl for release jaldi. contact +916915726521,PRIZE_SCAM,True,True,HIGH,+916915726521,kycupdate431@axl,499.0,True,True,urgency|reward
thanks for your order at star mobile repair. amount due inr 1200. pay on delivery or to starmobilere9@upi.,MERCHANT_PAYMENT,True,False,LOW,,starmobilere9@upi,1200.0,False,False,marketplace
Stock market expert here Minimum deposit 5000 to courierpay452@upi Assured 50% weekly return,INVESTMENT_SCAM,True,True,HIGH,,courierpay452@upi,,True,False,
"This is TRAI officer. A parcel in your name contains illegal items. Pay ₹3,000 penalty jaldi to farhan@apl to avoid arrest.",IMPERSONATION,True,True,HIGH,,farhan@apl,3000.0,True,True,urgency|impersonation|marketplace
Your subscription payment failed Pay Rs 3000 to courierpay@ibl within 1 hour or legal action will be taken,URGENCY_PAYMENT,True,True,HIGH,,courierpay@ibl,3000.0,True,True,urgency
Om Sweets: your bill is INR 480. Pay via UPI omsweets6@axisbank or at the counter. Thank you for visiting.,MERCHANT_PAYMENT,True,False,LOW,,omsweets6@axisbank,480.0,False,False,
order ORD577193 refund failed. Pay 99 reversal charge to hdfc.verify@ybl aaj hi and full refund of Rs 10000 will be credited.,REFUND_SCAM,True,True,HIGH,,hdfc.verify@ybl,10000.0,True,False,urgency|refund
INVOICE #2731 FROM DELUXE TAILORS FOR 650. UPI ID DELUXETAILOR5@YBL. PLEASE SHARE SCREENSHOT AFTER PAYMENT.,MERCHANT_PAYMENT,True,False,LOW,,deluxetailor5@ybl,,False,False,
PNB: credit card statement generated Total due ₹4300 minimum due 430 rupees Pay via net banking or the PNB app,BANK_REQUEST,True,False,LOW,,,4300.0,False,False,
"Weather is crazy today, 36 degrees and raining.",NON_PAYMENT,False,False,LOW,,,,False,False,
"Customer care BHIM: your account shows suspicious activity. Transfer ₹25,000 to verification account arjunraj@upi abhi.",IMPERSONATION,True,True,HIGH,,arjunraj@upi,25000.0,True,True,urgency|kyc_credential|impersonation
"washing machine available. Pay ₹2,000 delivery charge to lottery.claim@ibl now and the courier will bring it to your home, pay balance on delivery.",MARKETPLACE_PAYMENT,True,True,HIGH,,lottery.claim@ibl,2000.0,True,True,upfront_fee|marketplace
"Hi da reminder, 200 rupees pending for the Netflix split. divya@okicici or cash, whatever is easy.",PAYMENT_REQUEST,True,False,LOW,,divya@okicici,200.0,False,False,
"Wrong transfer alert: ₹1,500 credited to you by error. Reverse the amount right now to securebank275@ybl or call +917637437380.",REFUND_SCAM,True,True,HIGH,+917637437380,securebank275@ybl,1500.0,True,False,urgency|refund
"Hi Chacha, transferring ₹18,000 for the groceries you got. Sending to ayesha.khan@paytm.",FRIEND_FAMILY_PAYMENT,True,False,LOW,,ayesha.khan@paytm,18000.0,False,False,
"Yaar ₹600 de dena the birthday cake ke liye, rohan.iyer@ptsbi",PAYMENT_REQUEST,True,False,LOW,,rohan.iyer@ptsbi,600.0,False,False,
can you transfer rs 250 for the auto? divyapri@okaxis works. no rush.,PAYMENT_REQUEST,True,False,LOW,,divyapri@okaxis,250.0,False,False,
"KOTAK BANK: EMI OF ₹4,300 FOR LOAN A/C ENDING 7530 IS DUE ON 4TH. MAINTAIN SUFFICIENT BALANCE. DO NOT SHARE OTP WITH ANYONE.",BANK_REQUEST,True,False,LOW,,,4300.0,False,False,kyc_credential|impersonation
"Install this app sbi-verify-aecrz.xyz and share the screen to receive ₹20,000 cashback instantly.",QR_SCAM,True,True,HIGH,,,20000.0,True,False,reward|qr_link
bro your share for the pizza is rs 750. pay to snehanik@apl whenever free.,PAYMENT_REQUEST,True,False,LOW,,snehanik@apl,750.0,False,False,
"mahanagar gas ka bill ₹1,340 aaya hai, 7 jun tak bhar dena app se.",BILL_PAYMENT,True,False,LOW,,,1340.0,False,False,
"Thanks for the laptop! Sent ₹40,000 to bhavyanav@ptaxis just now, please check and confirm.",MARKETPLACE_PAYMENT,True,False,LOW,,bhavyanav@ptaxis,40000.0,False,False,
Landlord said the plumber will come at 13:00 tomorrow.,NON_PAYMENT,False,False,LOW,,,,False,False,
PENDING DUE OF ₹2000 MUST BE CLEARED WITHIN 2 HOURS SEND TO BILLDESK@AXL NO FURTHER EXTENSION,URGENCY_PAYMENT,True,True,HIGH,,billdesk@axl,2000.0,True,False,urgency
"Bhai bhai, ₹1,500 for the train tickets, vikram@ptaxis pe bhej do. Thanks!",FRIEND_FAMILY_PAYMENT,True,False,LOW,,vikram@ptaxis,1500.0,True,False,
"KYC update ke liye 999 to kyc.support@okaxis urgently pay karo, or your account will be blocked. Yes Bank support 9311149633",KYC_SCAM,True,True,HIGH,+919311149633,kyc.support@okaxis,,True,True,urgency|kyc_credential|impersonation
"Cafe Nirvana monthly subscription of ₹1,499 is due on 23th. Pay to cafenirvana@paytmqr at your convenience.",MERCHANT_PAYMENT,True,False,LOW,,cafenirvana@paytmqr,1499.0,False,False,
"Congratulations, you are selected for a work from home job at Wipro. Salary ₹80,000/month. Pay registration fee ₹499 to official.support@ibl to confirm.",JOB_SCAM,True,True,HIGH,,official.support@ibl,499.0,True,True,reward|upfront_fee|job
"HDFC Bank: auto-debit of Rs. 1,250/- for your SIP will be attempted on 25th. Please keep sufficient balance.",BANK_REQUEST,True,False,LOW,,,1250.0,False,False,impersonation
"Buyer here from OLX. Sending a payment request of Rs. 1,000/- on GPay, please accept and enter PIN to receive.",QR_SCAM,True,True,HIGH,,,1000.0,False,True,kyc_credential|marketplace
"Customer care GPay: your account shows suspicious activity. Transfer Rs. 15,000/- to verification account hdfc.verify@paytm abhi.",IMPERSONATION,True,True,HIGH,,hdfc.verify@paytm,15000.0,True,True,urgency|kyc_credential|impersonation
"Hey I accidentally sent Rs. 5,000/- to your number by mistake. Please return it final notice to reward.claim173@ibl.",REFUND_SCAM,True,True,HIGH,,reward.claim173@ibl,5000.0,True,True,urgency|refund
OTP for your login is 872566. Valid for 10 minutes. Do not share it with anyone.,NON_PAYMENT,False,False,LOW,,,,False,False,kyc_credential
yaar the netflix split ka ₹400 per head aaya hai sabko bhejna hai varunsingh@okicici pe by friday,PAYMENT_REQUEST,True,False,LOW,,varunsingh@okicici,400.0,False,False,
"Main your manager bol raha hoon. Meeting me hoon, 3000 rupees jaldi neha.patel@oksbi pe bhej do, vendor wait kar raha hai.",IMPERSONATION,True,True,HIGH,,neha.patel@oksbi,3000.0,True,True,urgency|impersonation
"Hey it's Amit, using a friend's phone. Stuck at the airport, need ₹25,000 within 2 hours on lottery.claim@upi. Please yaar.",IMPERSONATION,True,True,HIGH,,lottery.claim@upi,25000.0,True,True,urgency|impersonation
Reminder: dentist appointment on 14th at 9:00,NON_PAYMENT,False,False,LOW,,,,False,False,
"Double your money scheme! Send Rs. 5,000/- to refund.desk@ybl and receive 25000 rupees by Monday. WhatsApp 7619549029",INVESTMENT_SCAM,True,True,HIGH,+917619549029,refund.desk@ybl,5000.0,False,True,investment
can you pick up 46 kg of rice on the way back?,NON_PAYMENT,False,False,LOW,,,,False,False,
"Hi Farhan, transferring ₹10,000 for the groceries you got. Sending to nikhil17@ptsbi.",FRIEND_FAMILY_PAYMENT,True,False,LOW,,nikhil17@ptsbi,10000.0,True,False,
"Dude the trek booking ka Rs 1200 per head aaya hai, sabko bhejna hai rohanarj@ibl pe by kal",PAYMENT_REQUEST,True,False,LOW,,rohanarj@ibl,1200.0,False,False,
City Pharmacy: admission deposit of INR 1400 for patient Anjali M is due today so the admission can be completed. Pay at the billing counter or to UPI citypharmacy8@sbi. Receipt will be issued.,MERCHANT_PAYMENT,True,False,LOW,,citypharmacy8@sbi,1400.0,False,False,
SBI alert: ₹5600 debited from a/c XX2313 for UPI txn If not you call the number on the back of your card,BANK_REQUEST,True,False,LOW,,,5600.0,False,False,impersonation
TO RECEIVE YOUR REFUND OF 15K SCAN THE QR CODE AND ENTER YOUR UPI PIN LINK: BITLY/WX2WOE,QR_SCAM,True,True,HIGH,,,15000.0,True,True,kyc_credential|refund|qr_link
"Main Mr. Sharma from accounts bol raha hoon. Meeting me hoon, 25000 rupees urgently naveenkir@oksbi pe bhej do, vendor wait kar raha hai.",IMPERSONATION,True,True,HIGH,,naveenkir@oksbi,25000.0,True,True,urgency
thanks for your order at sunrise tuition. amount due ₹350. pay on delivery or to sunrisetuiti@icici.,MERCHANT_PAYMENT,True,False,LOW,,sunrisetuiti@icici,350.0,False,False,marketplace
"Hello, I'm calling from IDFC First security. Your account is compromised. Move Rs. 20,000/- to safe account aditya@axl before midnight.",IMPERSONATION,True,True,HIGH,,aditya@axl,20000.0,True,True,urgency|impersonation
Pay 1000 urgently to josephsne@ptaxis warna account block ho jayega. This is the last reminder.,URGENCY_PAYMENT,True,True,HIGH,,josephsne@ptaxis,,True,False,urgency
MAIN MR SHARMA FROM ACCOUNTS BOL RAHA HOON MEETING ME HOON 3000 WITHIN 24 HOURS SNEHAHAR@OKICICI PE BHEJ DO VENDOR WAIT KAR RAHA HAI,IMPERSONATION,True,True,HIGH,,snehahar@okicici,,True,True,urgency
"Alert: your Canara Bank KYC expires today. Pay Rs. 4,999/- verification fee within 2 hours to task.fee@ybl or the amount will be forfeited. call 08308158086",KYC_SCAM,True,True,HIGH,+918308158086,task.fee@ybl,4999.0,True,True,urgency|kyc_credential|impersonation|upfront_fee
"Metro Cabs monthly subscription of ₹1,499 is due on 26th. Pay to metrocabs@upi at your convenience.",MERCHANT_PAYMENT,True,False,LOW,,metrocabs@upi,1499.0,False,False,
"Hi, saw your OLX ad for the Activa scooter. Can I come and check it tomorrow? If ok I will pay Rs. 18,000/- on Paytm after seeing it.",MARKETPLACE_PAYMENT,True,False,LOW,,,18000.0,False,False,marketplace
Hi saw your OLX ad for the Activa scooter Can I come and check it tomorrow? If ok I will pay ₹40000 on PhonePe after seeing it,MARKETPLACE_PAYMENT,True,False,LOW,,,40000.0,False,False,marketplace
"Karan, Rs 1500 for Mummy's medicines. My UPI kavya@waaxis or call me 9558491282",FRIEND_FAMILY_PAYMENT,True,False,LOW,+919558491282,kavya@waaxis,1500.0,False,False,
"I can pay Rs. 6,000/- for the PS5, pickup from your place. Share your UPI ID or I will pay cash on pickup.",MARKETPLACE_PAYMENT,True,False,LOW,,,6000.0,False,False,
"Notice: my son sent Rs. 2,500/- to your UPI by mistake, he is crying. Please send it back within 1 hour on vikram@ybl. God bless you.",REFUND_SCAM,True,True,HIGH,,vikram@ybl,2500.0,True,True,urgency
"Suresh bhai, ₹2,000 for the train tickets, riya@axl pe bhej do. Thanks!",FRIEND_FAMILY_PAYMENT,True,False,LOW,,riya@axl,2000.0,False,False,
"Attention: your Axis Bank KYC expires today. Pay ₹4,999 verification fee immediately to invest.pro184@ybl else your card will be permanently blocked. call 8740985372",KYC_SCAM,True,True,HIGH,+918740985372,invest.pro184@ybl,4999.0,True,True,urgency|kyc_credential|impersonation|upfront_fee
"Your resume is shortlisted at Zomato. Document verification fee ₹2,000 payable to customer.care133@paytm within 24 hours.",JOB_SCAM,True,True,HIGH,,customer.care133@paytm,2000.0,False,True,urgency|kyc_credential|upfront_fee
happy birthday meera! have a great year ahead,NON_PAYMENT,False,False,LOW,,,,False,False,
"Axis Bank: your fixed deposit of ₹12,500 matures on 28th. Visit the branch or use net banking to renew.",BANK_REQUEST,True,False,LOW,,,12500.0,False,False,impersonation
lucky customer! rs 100000/- bonus credited pending transfer 99 to electricitypay@okaxis for release before midnight contact 7427497847,PRIZE_SCAM,True,True,HIGH,+917427497847,electricitypay@okaxis,100000.0,True,True,urgency|reward
Beta Rs 8000 bhej dena papa ke dawai ke liye ayesha@fbl kal wapas kar dungi,FRIEND_FAMILY_PAYMENT,True,False,LOW,,ayesha@fbl,8000.0,False,False,
"Royal Enfield ke liye ₹8,000 theek hai. Kal aake dekh ke pay kar dunga, cash ya UPI dono chalega.",MARKETPLACE_PAYMENT,True,False,LOW,,,8000.0,False,False,
Install this app kyc-update-zxcol.in and share the screen to receive INR 5000 cashback instantly.,QR_SCAM,True,True,HIGH,,,5000.0,True,True,reward|qr_link
"DREAM11 SCRATCH CARD: YOU WON ₹500,000! UNLOCK BY PAYING ₹1,499 TO TRADEPRO@YBL TURANT.",PRIZE_SCAM,True,True,HIGH,,tradepro@ybl,500000.0,True,True,urgency|reward|upfront_fee
"Beta, this is your mom's friend. Mom is in hospital, send Rs. 3,000/- jaldi to ritukav@apl for the admission.",IMPERSONATION,True,True,HIGH,,ritukav@apl,3000.0,True,True,urgency
Seller here. iPhone 13 is booked for you. Send 500 token amount to kavya@axl today otherwise another buyer will take it.,MARKETPLACE_PAYMENT,True,True,HIGH,,kavya@axl,,True,True,upfront_fee|marketplace
Dear customer PAN-Aadhaar link pending for your ICICI Bank account Pay Rs 2499 processing charge to claimprize@axl within 24 hours otherwise your account will be suspended,KYC_SCAM,True,True,HIGH,,claimprize@axl,2499.0,True,True,urgency|kyc_credential|impersonation|upfront_fee|qr_link
Payment of ₹499 received for Airtel bill. Receipt no. 47528193.,BILL_PAYMENT,True,False,LOW,,,499.0,False,False,
Your delivery is on hold. Pay 3000 rupees customs charge to electricity.pay811@ibl asap or the parcel will be returned.,URGENCY_PAYMENT,True,True,HIGH,,electricity.pay811@ibl,3000.0,True,False,urgency|impersonation|marketplace
"I am interested in your listing. I will pay Rs 15000, just scan this QR code I am sending to receive the money.",QR_SCAM,True,True,HIGH,,,15000.0,True,False,qr_link
"Pay ₹1,500 today only to hrdesk@oksbi else your card will be permanently blocked. This is the last reminder.",URGENCY_PAYMENT,True,True,HIGH,,hrdesk@oksbi,1500.0,True,False,urgency
Quick Laundry se order ready hai. Rs. 650/- quicklaundry@icici pe pay kar dena ya cash de dena.,MERCHANT_PAYMENT,True,False,LOW,,quicklaundry@icici,650.0,False,False,
"Hey it's Priya, using a friend's phone. Stuck at the airport, need Rs 25000 asap on hdfc.verify812@upi. Please yaar.",IMPERSONATION,True,True,HIGH,,hdfc.verify812@upi,25000.0,True,True,urgency|impersonation
"Mummy here, new number. Phone broke. Send ₹25,000 within 1 hour to kyc.support@paytm, emergency, will explain later.",IMPERSONATION,True,True,HIGH,,kyc.support@paytm,25000.0,True,True,urgency|impersonation
"Data entry job offer, no experience needed. Registration Rs. 299/- only, pay on verify.now@axl. Salary ₹80,000.",JOB_SCAM,True,True,HIGH,,verify.now@axl,80000.0,True,True,job
"to receive your refund of ₹15,000, scan the qr code and enter your upi pin. link: reward-claim-9rfmei.link",QR_SCAM,True,True,HIGH,,,15000.0,True,True,kyc_credential|refund|qr_link
"Hi, saw your OLX ad for the laptop. Can I come and check it tomorrow? If ok I will pay ₹1,500 on PhonePe after seeing it.",MARKETPLACE_PAYMENT,True,False,LOW,,,1500.0,False,False,marketplace
Your Kotak Bank debit card will be blocked asap To keep it active pay ₹2499 KYC charge to electricitypay@okaxis Helpline 08043370096,KYC_SCAM,True,True,HIGH,+918043370096,electricitypay@okaxis,2499000.0,True,True,urgency|kyc_credential|impersonation
Star Mobile Repair: your bill is Rs 250. Pay via UPI starmobilere@paytmqr or at the counter. Thank you for visiting.,MERCHANT_PAYMENT,True,False,LOW,,starmobilere@paytmqr,250.0,False,False,
Sending ₹500 to nehalak@oksbi for the wedding gift from all of us.,FRIEND_FAMILY_PAYMENT,True,False,LOW,,nehalak@oksbi,500.0,False,False,reward
"IDFC First: credit card statement generated. Total due Rs. 12,000/-, minimum due Rs 1200. Pay via net banking or the IDFC First app.",BANK_REQUEST,True,False,LOW,,,12000.0,False,False,
"Lakeview Hospital se order ready hai. Rs. 1,499/- lakeviewhosp7@hdfcbank pe pay kar dena ya cash de dena.",MERCHANT_PAYMENT,True,False,LOW,,lakeviewhosp7@hdfcbank,1499.0,False,False,
"Customer care BHIM: your account shows suspicious activity. Transfer ₹2,000 to verification account bhavya.patel@oksbi today only.",IMPERSONATION,True,True,HIGH,,bhavya.patel@oksbi,2000.0,True,True,urgency|kyc_credential|impersonation
Collect request sent for 10k. Approve it with your UPI PIN to receive the amount.,QR_SCAM,True,True,HIGH,,,10000.0,True,False,kyc_credential
Recharge reminder: your BWSSB plan expires on 14 Sep Recharge ₹499 from the app to continue,BILL_PAYMENT,True,False,LOW,,,499.0,False,False,kyc_credential
Weather is crazy today 5 degrees and raining,NON_PAYMENT,False,False,LOW,,,,False,False,
"Beta, send 1500 to joseph78@okicici for the school fees, Manish will pay you back next week.",FRIEND_FAMILY_PAYMENT,True,False,LOW,,joseph78@okicici,,False,False,
Thanks for the iPhone 13! Sent ₹25000 to neha@paytm just now please check and confirm,MARKETPLACE_PAYMENT,True,False,LOW,,neha@paytm,25000.0,False,False,
"got 47 marks in the internal, decent i guess.",NON_PAYMENT,False,False,LOW,,,,False,False,
"Hi, this is Mr. Sharma from accounts. I am in a meeting and need ₹25,000 transferred within 2 hours to claimprize@oksbi for a vendor. Will reimburse today.",IMPERSONATION,True,True,HIGH,,claimprize@oksbi,25000.0,True,True,urgency
"To receive your refund of Rs. 2,000/-, scan the QR code and enter your UPI PIN. Link: sbi-verify-jtge75.xyz",QR_SCAM,True,True,HIGH,,,2000.0,True,True,kyc_credential|refund|qr_link
"HDFC Bank: ₹2,500 credited to your account XX4481. Available balance ₹7,500.",BANK_REQUEST,True,False,LOW,,,7500.0,False,False,impersonation
"Hey I accidentally sent ₹4,000 to your number by mistake. Please return it within 2 hours to claimprize172@ybl.",REFUND_SCAM,True,True,HIGH,,claimprize172@ybl,4000.0,True,True,urgency|refund
Congratulations! You have won 25000 rupees in the Amazon lucky draw. Pay ₹999 processing fee to quickloan313@ybl within 24 hours to claim.,PRIZE_SCAM,True,True,HIGH,,quickloan313@ybl,999.0,True,True,urgency|reward|upfront_fee
"Invest ₹2,000 today and get ₹20,000 in 7 days, guaranteed returns. Pay to quickloan@ybl. Limited slots.",INVESTMENT_SCAM,True,True,HIGH,,quickloan@ybl,2000.0,False,False,investment
your resume is shortlisted at amazon document verification fee ₹499 payable to bankverify@axl within 24 hours,JOB_SCAM,True,True,HIGH,,bankverify@axl,499.0,False,True,urgency|kyc_credential|upfront_fee
"Your number was selected for ₹25,000 reward. Send Rs 999 GST charge to sbi.kyc@oksbi within 2 hours, last chance.",PRIZE_SCAM,True,True,HIGH,,sbi.kyc@oksbi,999.0,True,True,urgency|reward
"Flight lands at 12:05, gate 32.",NON_PAYMENT,False,False,LOW,,,,False,False,
Send INR 2000 aaj hi to suresh.das@ybl. Time limit 30 minutes. or your account will be blocked.,URGENCY_PAYMENT,True,True,HIGH,,suresh.das@ybl,2000.0,True,False,urgency|kyc_credential
"Pending due of ₹1,000 must be cleared within 1 hour. Send to anjali.patel@ibl. No further extension.",URGENCY_PAYMENT,True,True,HIGH,,anjali.patel@ibl,1000.0,True,True,urgency
Bro can you transfer 1200 rupees for movie tickets? simran@okhdfcbank works. No rush.,PAYMENT_REQUEST,True,False,LOW,,simran@okhdfcbank,1200.0,False,False,
"Wrong transfer alert: ₹2,500 credited to you by error. Reverse the amount final notice to securebank193@axl or call 86418-16230.",REFUND_SCAM,True,True,HIGH,+918641816230,securebank193@axl,2500.0,True,False,urgency|refund
"Hello, I'm calling from Canara Bank security. Your account is compromised. Move ₹5,000 to safe account harsh@waaxis right now.",IMPERSONATION,True,True,HIGH,,harsh@waaxis,5000.0,True,True,urgency|impersonation
"Lucky customer! ₹50,000 bonus credited pending. Transfer ₹499 to npci.verify432@axl for release turant. Contact +91 89017 79152",PRIZE_SCAM,True,True,HIGH,+918901779152,npci.verify432@axl,499.0,True,True,urgency|reward
Alert: your Axis Bank KYC expires today. Pay 2999 rupees verification fee within 1 hour to tradepro@axl otherwise your account will be suspended.,KYC_SCAM,True,True,HIGH,,tradepro@axl,2999.0,True,True,urgency|kyc_credential|impersonation|upfront_fee
"Hey it's Bhavya, using a friend's phone. Stuck at the airport, need Rs. 5,000/- abhi on riya4@okhdfcbank. Please yaar.",IMPERSONATION,True,True,HIGH,,riya4@okhdfcbank,5000.0,True,True,urgency|impersonation
Scan QR karo aur PIN dalo ₹1000 tumhare account me aa jayega Jaldi karo,QR_SCAM,True,True,HIGH,,,1000.0,True,False,urgency|kyc_credential|qr_link
"Install this app bit.ly/nblkw and share the screen to receive ₹5,000 cashback instantly.",QR_SCAM,True,True,HIGH,,,5000.0,True,False,reward|qr_link
Can you send ₹500 to tanvi@ptsbi? Rent is due tomorrow and my salary is delayed. Will return by 5th.,FRIEND_FAMILY_PAYMENT,True,False,LOW,,tanvi@ptsbi,500.0,True,False,job
"My new number is +916936252602, save it.",NON_PAYMENT,False,False,LOW,+916936252602,,,False,False,impersonation
"Your number was selected for Rs 5000 reward. Send ₹1,499 GST charge to task.fee@ibl final notice, last chance.",PRIZE_SCAM,True,True,HIGH,,task.fee@ibl,1499.0,True,True,urgency|reward
LOAN EMI OVERDUE. PAY ₹500 LAST CHANCE TO LOTTERY.CLAIM@YBL WARNA ACCOUNT BLOCK HO JAYEGA. RECOVERY AGENT WILL VISIT.,URGENCY_PAYMENT,True,True,HIGH,,lottery.claim@ybl,,True,False,urgency
"hi, saw your olx ad for the study table. can i come and check it tomorrow? if ok i will pay ₹12,000 on gpay after seeing it.",MARKETPLACE_PAYMENT,True,False,LOW,,,12000.0,False,False,marketplace
HR team Zomato: your interview is cleared. Send INR 299 for laptop courier to reward.claim@okaxis. Refundable with first salary.,JOB_SCAM,True,True,HIGH,,reward.claim@okaxis,299.0,False,True,impersonation|job|marketplace
"Collect request sent for Rs. 20,000/-. Approve it with your UPI PIN to receive the amount.",QR_SCAM,True,True,HIGH,,,20000.0,True,True,kyc_credential
Bro can you transfer ₹500 for yesterday's dinner? kiran@ptsbi works. No rush.,PAYMENT_REQUEST,True,False,LOW,,kiran@ptsbi,500.0,False,False,
"JOIN OUR IPO ALLOTMENT SCHEME. PAY ₹2,000 TO REFUND.DESK@YBL AND GET CONFIRMED ALLOTMENT WITH 2X LISTING GAIN.",INVESTMENT_SCAM,True,True,HIGH,,refund.desk@ybl,2000.0,False,False,
"Forex signals: first 5 members get ₹20,000 on 2000. Transfer to verify.now534@paytm now.",INVESTMENT_SCAM,True,True,HIGH,,verify.now534@paytm,20000.0,True,True,
Payment received Rs 250/- from you at Fresh Basket Thank you visit again!,MERCHANT_PAYMENT,True,False,LOW,,,250.0,False,False,
HR team Infosys: your interview is cleared Send Rs 299 for laptop courier to verifybank@ibl Refundable with first salary,JOB_SCAM,True,True,HIGH,,verifybank@ibl,299.0,False,True,impersonation|job|marketplace
Your resume is shortlisted at Flipkart Document verification fee ₹199 payable to urgentkyc@okaxis within 24 hours,JOB_SCAM,True,True,HIGH,,urgentkyc@okaxis,199.0,True,True,urgency|kyc_credential|upfront_fee
"Your electricity connection will be cut jaldi. Pay pending bill ₹3,000 to rewards.claim@paytm now. Officer +91 88762 16483",IMPERSONATION,True,True,HIGH,+918876216483,rewards.claim@paytm,3000.0,True,True,urgency|impersonation
"I can pay ₹18,000 for the laptop, pickup from your place. Share your UPI ID or I will pay cash on pickup.",MARKETPLACE_PAYMENT,True,False,LOW,,,18000.0,False,False,
"Sent Rs 5000 for Diwali shopping to amit.sharma@oksbi, check and tell me if received.",FRIEND_FAMILY_PAYMENT,True,False,LOW,,amit.sharma@oksbi,5000.0,False,False,
"KYC update ke liye Rs. 2,499/- before midnight pay karo, nahi toh account band ho jayega. Canara Bank support 6940699052",KYC_SCAM,True,True,HIGH,+916940699052,,2499.0,True,True,urgency|kyc_credential|impersonation
Kotak Bank ALERT: KYC not updated. Send Rs 1499 to verifybank689@upi within 1 hour to re-activate your account.,KYC_SCAM,True,True,HIGH,,verifybank689@upi,1499.0,True,True,urgency|kyc_credential|impersonation
Divya bhai 5000 rupees for the train tickets zoyarit@ybl pe bhej do Thanks!,FRIEND_FAMILY_PAYMENT,True,False,LOW,,zoyarit@ybl,5000.0,False,False,
Your resume is shortlisted at Infosys Document verification fee ₹999 payable to urgentkyc@ibl within 24 hours,JOB_SCAM,True,True,HIGH,,urgentkyc@ibl,999.0,True,True,urgency|kyc_credential|upfront_fee
"Meeting moved to 7:00 tomorrow, room 363.",NON_PAYMENT,False,False,LOW,,,,False,False,
"arre we detected an excess credit of ₹2,500 in your wallet. return it within 1 hour to urgentkyc@paytm else your wallet will be blocked.",REFUND_SCAM,True,True,HIGH,,urgentkyc@paytm,2500.0,True,False,urgency|refund
"Package ZMT648684 out for delivery, expected by 9 pm.",NON_PAYMENT,False,False,LOW,,,,False,False,marketplace
"BIG BAZAAR SCRATCH CARD: YOU WON RS. 25,000/-! UNLOCK BY PAYING ₹299 TO JOBPORTAL.FEE59@PAYTM AAJ HI.",PRIZE_SCAM,True,True,HIGH,,jobportal.fee59@paytm,25000.0,True,True,urgency|reward|upfront_fee
Congratulations on the new job Zoya! Party when?,NON_PAYMENT,False,False,LOW,,,,False,False,reward|job
"reminder, ₹400 pending for the auto. aditya.singh@ptsbi or cash, whatever is easy.",PAYMENT_REQUEST,True,False,LOW,,aditya.singh@ptsbi,400.0,False,False,
"Ghar baithe kaam, roz Rs 1750 kamao. Joining ke liye Rs. 999/- invest.pro@paytm pe bhejo. Call 9572897226",JOB_SCAM,True,True,HIGH,+919572897226,invest.pro@paytm,1750000.0,False,True,
"Pay ₹5,000 within 2 hours to meeralak@apl nahi toh account band ho jayega. This is the last reminder.",URGENCY_PAYMENT,True,True,HIGH,,meeralak@apl,5000.0,True,False,urgency
"Beta Rs 1500 bhej dena papa ke dawai ke liye nikhil58@ptaxis, kal wapas kar dungi.",FRIEND_FAMILY_PAYMENT,True,False,LOW,,nikhil58@ptaxis,1500.0,False,False,
"hi, this is mr. sharma from accounts. i am in a meeting and need ₹15,000 transferred right now to sneha@ybl for a vendor. will reimburse today.",IMPERSONATION,True,True,HIGH,,sneha@ybl,15000.0,True,True,urgency
"Need 5k for the flight change today, please send to kavya.sharma@fbl and I'll settle when back.",FRIEND_FAMILY_PAYMENT,True,False,LOW,,kavya.sharma@fbl,5000.0,True,False,
dude galti se rs 5000/- aapke account me chala gaya please today only wapas bhej do hdfcverify171@okaxis pe,REFUND_SCAM,True,True,HIGH,,hdfcverify171@okaxis,5000.0,True,True,urgency|refund
"Hi Gurpreet, transferring INR 500 for the groceries you got. Sending to varun@axl.",FRIEND_FAMILY_PAYMENT,True,False,LOW,,varun@axl,500.0,True,False,
Hi your share for the cab is 100 rupees. Pay to simran@okaxis whenever free.,PAYMENT_REQUEST,True,False,LOW,,simran@okaxis,100.0,False,False,
"data entry job offer, no experience needed. registration 1500 only, pay on urgentkyc@paytm. salary rs. 15,000/-.",JOB_SCAM,True,True,HIGH,,urgentkyc@paytm,15000.0,True,True,job
"Didi, ₹1,000 for Mummy's medicines. My UPI varun@paytm or call me 8281832538",FRIEND_FAMILY_PAYMENT,True,False,LOW,+918281832538,varun@paytm,1000.0,True,False,
"mama here, new number. phone broke. send inr 3000 asap to customer.care@ibl, emergency, will explain later.",IMPERSONATION,True,True,HIGH,,customer.care@ibl,3000.0,True,True,urgency|impersonation
Congratulations on the new job Kavya! Party when?,NON_PAYMENT,False,False,LOW,,,,False,False,reward|job
Payment of INR 499 received for MSEDCL bill Receipt no 21253077,BILL_PAYMENT,True,False,LOW,,,499.0,False,False,
"Crypto trading tips group: deposit ₹25,000 to prize.center403@upi and earn daily profit of 12500. 100% safe.",INVESTMENT_SCAM,True,True,HIGH,,prize.center403@upi,25000.0,False,True,investment|job
YOUR RESUME IS SHORTLISTED AT AMAZON. DOCUMENT VERIFICATION FEE 199 RUPEES PAYABLE TO VERIFY.NOW@OKSBI WITHIN 24 HOURS.,JOB_SCAM,True,True,HIGH,,verify.now@oksbi,199.0,False,True,urgency|kyc_credential|upfront_fee
"got 38 marks in the internal, decent i guess.",NON_PAYMENT,False,False,LOW,,,,False,False,
"Dear winner, your Amazon prize of 100000 rupees is ready. Registration fee ₹199 to task.fee754@ybl. Call 90790-32020 final notice.",PRIZE_SCAM,True,True,HIGH,+919079032020,task.fee754@ybl,199.0,True,True,urgency|reward|upfront_fee|job
"Hi da reminder, ₹800 pending for last night's drinks. meera@waaxis or cash, whatever is easy.",PAYMENT_REQUEST,True,False,LOW,,meera@waaxis,800.0,False,False,
"dear user, bhai maine rs. 2,000/- galat number pe bhej diya, tumhare pe aaya hai. aaj hi electricity.pay@upi pe return kar do please.",REFUND_SCAM,True,True,HIGH,,electricity.pay@upi,2000.0,True,True,urgency|impersonation
"Refund team here. Your cashback of ₹4,000 is pending. Send 249 rupees processing fee to tradepro@axl before midnight.",REFUND_SCAM,True,True,HIGH,,tradepro@axl,249.0,True,True,urgency|reward|refund|upfront_fee
"Main the CEO bol raha hoon. Meeting me hoon, ₹25,000 jaldi riya57@okhdfcbank pe bhej do, vendor wait kar raha hai.",IMPERSONATION,True,True,HIGH,,riya57@okhdfcbank,25000.0,True,True,urgency|impersonation
"ICICI Bank: Rs. 12,000/- credited to your account XX6385. Available balance 24000.",BANK_REQUEST,True,False,LOW,,,12000.0,False,False,impersonation
"Your Mahanagar Gas broadband plan renews on 23 Jul. Amount ₹1,890. Auto-pay is enabled, no action needed.",BILL_PAYMENT,True,False,LOW,,,1890.0,False,False,
Thanks for your order at Book Corner. Amount due Rs 250. Pay on delivery or to bookcorner@hdfcbank.,MERCHANT_PAYMENT,True,False,LOW,,bookcorner@hdfcbank,250.0,False,False,marketplace
"Payment for the cycle done, Rs 2500 via Paytm to amit41@waaxis. Please share the invoice.",MARKETPLACE_PAYMENT,True,False,LOW,,amit41@waaxis,2500.0,False,False,
"Your Vi broadband plan renews on 19 Dec. Amount ₹649. Auto-pay is enabled, no action needed.",BILL_PAYMENT,True,False,LOW,,,649.0,False,False,
"study table available. Pay ₹500 delivery charge to rewards.claim848@okaxis now and the courier will bring it to your home, pay balance on delivery.",MARKETPLACE_PAYMENT,True,True,HIGH,,rewards.claim848@okaxis,500.0,True,True,upfront_fee|marketplace
axis bank: auto-debit of rs 5600 for your sip will be attempted on 17th. please keep sufficient balance.,BANK_REQUEST,True,False,LOW,,,5600.0,False,False,impersonation
Your resume is shortlisted at Swiggy. Document verification fee ₹499 payable to npci.verify@ybl within 24 hours.,JOB_SCAM,True,True,HIGH,,npci.verify@ybl,499.0,False,True,urgency|kyc_credential|upfront_fee
"Dear user, Your HDFC Bank account KYC is pending. Complete verification by paying ₹2,999 to securebank534@upi today only or your account will be blocked.",KYC_SCAM,True,True,HIGH,,securebank534@upi,2999.0,True,True,urgency|kyc_credential|impersonation
ICICI Bank: auto-debit of Rs 8900 for your SIP will be attempted on 26th. Please keep sufficient balance.,BANK_REQUEST,True,False,LOW,,,8900.0,False,False,impersonation
Ghar baithe kaam roz Rs 1750 kamao Joining ke liye Rs 299/- refunddesk@ibl pe bhejo Call 9263355643,JOB_SCAM,True,True,HIGH,+919263355643,refunddesk@ibl,1750000.0,False,True,
"main your hr head bol raha hoon. meeting me hoon, inr 15000 jaldi naveen91@fbl pe bhej do, vendor wait kar raha hai.",IMPERSONATION,True,True,HIGH,,naveen91@fbl,15000.0,True,True,urgency
"Task completed! To withdraw your earnings of Rs 5000, pay ₹999 unlock fee to reward.claim@okaxis.",JOB_SCAM,True,True,HIGH,,reward.claim@okaxis,999.0,True,True,upfront_fee|job
washing machine available Pay ₹1000 delivery charge to investpro@axl now and the courier will bring it to your home pay balance on delivery,MARKETPLACE_PAYMENT,True,True,HIGH,,investpro@axl,1000.0,True,True,upfront_fee|marketplace
"Rahul, mera recharge khatam ho gaya, ₹10,000 farhan@ibl pe bhej dena please.",FRIEND_FAMILY_PAYMENT,True,False,LOW,,farhan@ibl,10000.0,True,False,
"Hey your share for the Uber is ₹1,200. Pay to nisha@okicici whenever free.",PAYMENT_REQUEST,True,False,LOW,,nisha@okicici,1200.0,False,False,
"Bank of Baroda customer, your net banking will be suspended within 24 hours. Pay verification amount Rs 2499 to cashback.claim406@ibl warna account block ho jayega.",KYC_SCAM,True,True,HIGH,,cashback.claim406@ibl,2499.0,True,True,urgency|kyc_credential|impersonation
"Hi, saw your OLX ad for the study table. Can I come and check it tomorrow? If ok I will pay Rs 40000 on Paytm after seeing it.",MARKETPLACE_PAYMENT,True,False,LOW,,,40000.0,False,False,marketplace
"₹200 de dena the auto ke liye, kiran@apl",PAYMENT_REQUEST,True,False,LOW,,kiran@apl,200.0,False,False,
thanks for your order at fresh basket. amount due ₹180. pay on delivery or to freshbasket@icici.,MERCHANT_PAYMENT,True,False,LOW,,freshbasket@icici,180.0,False,False,marketplace
"Hello, I'm calling from ICICI Bank security. Your account is compromised. Move 15000 rupees to safe account divya@upi within 24 hours.",IMPERSONATION,True,True,HIGH,,divya@upi,15000.0,True,True,urgency|impersonation
"Main the director bol raha hoon. Meeting me hoon, 3000 rupees within 24 hours varun.sharma@upi pe bhej do, vendor wait kar raha hai.",IMPERSONATION,True,True,HIGH,,varun.sharma@upi,3000.0,True,True,urgency
attention: aapka bank of baroda kyc expire ho gaya hai ₹2499 final notice to rewardclaim@ibl bhejo or services will be deactivated,KYC_SCAM,True,True,HIGH,,rewardclaim@ibl,2499.0,True,True,urgency|kyc_credential|impersonation
"Your number was selected for Rs. 5,000/- reward. Send ₹999 GST charge to claimprize@okaxis aaj hi, last chance.",PRIZE_SCAM,True,True,HIGH,,claimprize@okaxis,999.0,True,True,urgency|reward
Can you pick up 16 kg of rice on the way back?,NON_PAYMENT,False,False,LOW,,,,False,False,
Sirf ₹25000 invest karo aur 250k pao guaranteed billdesk@axl pe payment karo abhi,INVESTMENT_SCAM,True,True,HIGH,,billdesk@axl,25000.0,False,True,urgency|investment
"Oye 200 for Goa trip please, GPay on farhan@ybl. Thanks!",PAYMENT_REQUEST,True,False,LOW,,farhan@ybl,,False,False,
Recharge reminder: your BESCOM plan expires on 12 Aug Recharge Rs 1050/- from the app to continue,BILL_PAYMENT,True,False,LOW,,,1050.0,False,False,kyc_credential
"You have received ₹10,000 cashback from Amazon. Pay ₹1,999 activation charge to electricity.pay@upi to receive it turant.",PRIZE_SCAM,True,True,HIGH,,electricity.pay@upi,1999.0,True,True,urgency|reward
Dear customer Re-KYC required Transfer ₹1499 to verifybank@ibl and share the reference abhi warna account block ho jayega,KYC_SCAM,True,True,HIGH,,verifybank@ibl,1499.0,True,True,urgency|kyc_credential|impersonation
Oye This is Rajesh from PhonePe support. A wrong transfer of Rs 2000 was made to you. Refund to sanjay67@oksbi within 2 hours to avoid account freeze.,REFUND_SCAM,True,True,HIGH,,sanjay67@oksbi,2000.0,True,True,urgency|refund
"hi, saw your olx ad for the laptop. can i come and check it tomorrow? if ok i will pay 1500 rupees on gpay after seeing it.",MARKETPLACE_PAYMENT,True,False,LOW,,,1500.0,False,False,marketplace
"Rs. 5,000/- jaldi sbi.kyc@oksbi pe bhejo otherwise your account will be suspended, warna problem ho jayegi.",URGENCY_PAYMENT,True,True,HIGH,,sbi.kyc@oksbi,5000.0,True,False,urgency
"Your number was selected for Rs 5000 reward. Send 99 rupees GST charge to securebank191@ybl turant, last chance.",PRIZE_SCAM,True,True,HIGH,,securebank191@ybl,99.0,True,True,urgency|reward
HR team TCS: your interview is cleared. Send Rs 299 for laptop courier to refundteam@axl. Refundable with first salary.,JOB_SCAM,True,True,HIGH,,refundteam@axl,299.0,True,True,impersonation|job|marketplace
Congratulations you are selected for a work from home job at TCS Salary ₹50000/month Pay registration fee ₹2500 to kycupdate798@upi to confirm,JOB_SCAM,True,True,HIGH,,kycupdate798@upi,2500.0,True,True,reward|upfront_fee|job
"Vi ka bill 1890 aaya hai, 3 Feb tak bhar dena app se.",BILL_PAYMENT,True,False,LOW,,,,False,False,
HI DEEPAK TRANSFERRING RS 18000 FOR THE GROCERIES YOU GOT SENDING TO POOJADAS@AXL,FRIEND_FAMILY_PAYMENT,True,False,LOW,,poojadas@axl,18000.0,True,False,
"Hi Karan, transferring Rs. 3,000/- for the groceries you got. Sending to riya@okicici.",FRIEND_FAMILY_PAYMENT,True,False,LOW,,riya@okicici,3000.0,False,False,
Attention: Your SIM will be blocked by TRAI today only Pay Rs 10000 to deepak@fbl to continue services Call 6929273029,IMPERSONATION,True,True,HIGH,+916929273029,deepak@fbl,10000.0,True,True,urgency|impersonation
Hi send ₹300 for cricket ground booking. UPI: tanvi75@upi,PAYMENT_REQUEST,True,False,LOW,,tanvi75@upi,300.0,False,False,
"Axis Bank customer, your net banking will be suspended abhi. Pay verification amount ₹1,999 to hdfc.verify@ibl or the amount will be forfeited.",KYC_SCAM,True,True,HIGH,,hdfc.verify@ibl,1999.0,True,True,urgency|kyc_credential|impersonation
"Dear account holder, Your Kotak Bank account KYC is pending. Complete verification by paying ₹499 to npci.verify@ybl before midnight or your number will be disconnected.",KYC_SCAM,True,True,HIGH,,npci.verify@ybl,499.0,True,True,urgency|kyc_credential|impersonation
CUSTOMER CARE AMAZON PAY: YOUR ACCOUNT SHOWS SUSPICIOUS ACTIVITY. TRANSFER RS 10000 TO VERIFICATION ACCOUNT CASHBACK.CLAIM281@PAYTM WITHIN 2 HOURS.,IMPERSONATION,True,True,HIGH,,cashback.claim281@paytm,10000.0,True,True,urgency|kyc_credential|impersonation
"Hey Bhai maine ₹1,000 galat number pe bhej diya, tumhare pe aaya hai. turant urgentkyc504@upi pe return kar do please.",REFUND_SCAM,True,True,HIGH,,urgentkyc504@upi,1000.0,True,False,urgency
"Train is delayed by 16 minutes, will reach by 7 pm.",NON_PAYMENT,False,False,LOW,,,,False,False,
"Dear user, Your PNB account KYC is pending. Complete verification by paying ₹5,999 to sbi.kyc@ibl aaj hi warna account block ho jayega.",KYC_SCAM,True,True,HIGH,,sbi.kyc@ibl,5999.0,True,True,urgency|kyc_credential|impersonation
"Arre galti se ₹2,000 aapke account me chala gaya. Please final notice wapas bhej do naveen.patel@waaxis pe.",REFUND_SCAM,True,True,HIGH,,naveen.patel@waaxis,2000.0,True,True,urgency|refund
PART TIME JOB: EARN RS 8000 PER DAY BY LIKING VIDEOS. PAY RS 2500 SECURITY DEPOSIT TO JOBPORTAL.FEE@YBL TO START.,JOB_SCAM,True,True,HIGH,,jobportal.fee@ybl,2500.0,False,True,upfront_fee|job
"Your Adani Gas broadband plan renews on 7 Mar. Amount ₹1,340. Auto-pay is enabled, no action needed.",BILL_PAYMENT,True,False,LOW,,,1340.0,False,False,
"Sirf Rs. 10,000/- invest karo aur ₹50,000 pao guaranteed. refundteam@paytm pe payment karo abhi.",INVESTMENT_SCAM,True,True,HIGH,,refundteam@paytm,10000.0,False,False,urgency|investment
"Papa needs INR 5000 for the hospital deposit today so admission can be completed. Send to vikram12@paytm, I'll transfer back on Monday.",FRIEND_FAMILY_PAYMENT,True,False,LOW,,vikram12@paytm,5000.0,True,False,
"Badhai ho! Aapne Lucky Draw lottery me ₹500,000 jeeta hai. Claim karne ke liye Rs 999 verifybank@axl pe aaj hi bhejo.",PRIZE_SCAM,True,True,HIGH,,verifybank@axl,500000.0,True,True,urgency|reward
"task completed! to withdraw your earnings of ₹10,000, pay 299 rupees unlock fee to claimprize178@ybl.",JOB_SCAM,True,True,HIGH,,claimprize178@ybl,299.0,True,True,upfront_fee|job
dude send rs 300 for the gift for priya upi: divyapatel@okicici,PAYMENT_REQUEST,True,False,LOW,,divyapatel@okicici,300.0,False,False,reward
"Yes Bank: auto-debit of ₹1,250 for your SIP will be attempted on 22th. Please keep sufficient balance.",BANK_REQUEST,True,False,LOW,,,1250.0,False,False,impersonation
OTP for your login is 261508. Valid for 10 minutes. Do not share it with anyone.,NON_PAYMENT,False,False,LOW,,,,False,False,kyc_credential
Send Rs. 500/- within 2 hours to varun.patel@ibl. Time limit 30 minutes. or services will be deactivated.,URGENCY_PAYMENT,True,True,HIGH,,varun.patel@ibl,500.0,True,False,urgency
"Beta, send Rs. 1,500/- to nisha@paytm for the school fees, Riya will pay you back next week.",FRIEND_FAMILY_PAYMENT,True,False,LOW,,nisha@paytm,1500.0,True,False,
"Hi reminder, 300 rupees pending for the cab. joseph@axl or cash, whatever is easy.",PAYMENT_REQUEST,True,False,LOW,,joseph@axl,300.0,False,False,
"Hello, I'm calling from PNB security. Your account is compromised. Move Rs 3000 to safe account manish.khan@waaxis turant.",IMPERSONATION,True,True,HIGH,,manish.khan@waaxis,3000.0,True,True,urgency|impersonation
"Hello ₹300 for the pizza please, GPay on riya@axl. Thanks!",PAYMENT_REQUEST,True,False,LOW,,riya@axl,300.0,False,False,
"Double your money scheme! Send ₹5,000 to hdfc.verify@ybl and receive Rs 15000 by Monday. WhatsApp 6072642725",INVESTMENT_SCAM,True,True,HIGH,+916072642725,hdfc.verify@ybl,5000.0,False,True,investment
Oye send 100 rupees for the Netflix split to karaniyer@ptaxis,PAYMENT_REQUEST,True,False,LOW,,karaniyer@ptaxis,100.0,False,False,
Your delivery is on hold. Pay 1500 rupees customs charge to quickloan147@okaxis today only or the parcel will be returned.,URGENCY_PAYMENT,True,True,HIGH,,quickloan147@okaxis,1500.0,True,False,urgency|impersonation|marketplace
"Sent ₹2,000 for Diwali shopping to rohan.iyer@axl, check and tell me if received.",FRIEND_FAMILY_PAYMENT,True,False,LOW,,rohan.iyer@axl,2000.0,False,False,
"ICICI BANK ALERT: RS 22000 DEBITED FROM A/C XX1315 FOR UPI TXN. IF NOT YOU, CALL THE NUMBER ON THE BACK OF YOUR CARD.",BANK_REQUEST,True,False,LOW,,,22000.0,False,False,impersonation
"Payment received, 250 rupees from you at Blue Dart. Thank you, visit again!",MERCHANT_PAYMENT,True,False,LOW,,,250.0,False,False,
"sirf rs. 1,000/- invest karo aur ₹2,000 pao guaranteed. bank.verify952@okaxis pe payment karo abhi.",INVESTMENT_SCAM,True,True,HIGH,,bank.verify952@okaxis,1000.0,False,False,urgency|investment
Congratulations! You have won Rs 5000 in the Lucky Draw lucky draw. Pay Rs. 299/- processing fee to prize.center@upi final notice to claim.,PRIZE_SCAM,True,True,HIGH,,prize.center@upi,299.0,True,True,urgency|reward|upfront_fee
"Notice: my son sent 1000 rupees to your UPI by mistake, he is crying. Please send it back abhi on riya@ibl. God bless you.",REFUND_SCAM,True,True,HIGH,,riya@ibl,1000.0,True,False,urgency
Hey it's Sanjay using a friend's phone Stuck at the airport need ₹5000 turant on riya@okaxis Please yaar,IMPERSONATION,True,True,HIGH,,riya@okaxis,5000.0,True,True,urgency|impersonation
"Your electricity connection will be cut jaldi. Pay pending bill Rs. 8,000/- to bank.verify@paytm now. Officer 7948447041",IMPERSONATION,True,True,HIGH,+917948447041,bank.verify@paytm,8000.0,True,True,urgency|impersonation
Seller here. camera is booked for you. Send 500 token amount to reward.claim@ybl today otherwise another buyer will take it.,MARKETPLACE_PAYMENT,True,True,HIGH,,reward.claim@ybl,,True,True,upfront_fee|marketplace
"Beta, send 5000 rupees to harsh@paytm for the school fees, Divya will pay you back next week.",FRIEND_FAMILY_PAYMENT,True,False,LOW,,harsh@paytm,5000.0,False,False,
FitLife Gym monthly subscription of 4500 rupees is due on 10th. Pay to fitlifegym3@okbizaxis at your convenience.,MERCHANT_PAYMENT,True,False,LOW,,fitlifegym3@okbizaxis,4500.0,False,False,
"PAYMENT RECEIVED, ₹180 FROM YOU AT QUICK LAUNDRY. THANK YOU, VISIT AGAIN!",MERCHANT_PAYMENT,True,False,LOW,,,180.0,False,False,
"tata power ka bill rs 1890 aaya hai, 2 mar tak bhar dena app se.",BILL_PAYMENT,True,False,LOW,,,1890.0,False,False,
"KYC update ke liye 4999 to lottery.claim141@upi within 24 hours pay karo, or services will be deactivated. SBI support +917407664536",KYC_SCAM,True,True,HIGH,+917407664536,lottery.claim141@upi,,True,True,urgency|kyc_credential|impersonation
"Data entry job offer, no experience needed. Registration ₹299 only, pay on quickloan@okaxis. Salary 15k.",JOB_SCAM,True,True,HIGH,,quickloan@okaxis,15000.0,True,True,job
"Hey last night's drinks settle kar de, INR 150 on rajesh@waaxis",PAYMENT_REQUEST,True,False,LOW,,rajesh@waaxis,150.0,False,False,
"Yes Bank: ₹2,500 credited to your account XX4994. Available balance 5000 rupees.",BANK_REQUEST,True,False,LOW,,,5000.0,False,False,impersonation
Papa needs INR 18000 for the hospital deposit today so admission can be completed Send to rohan@okicici I'll transfer back on Monday,FRIEND_FAMILY_PAYMENT,True,False,LOW,,rohan@okicici,18000.0,True,False,
"DEAR WINNER, YOUR FLIPKART PRIZE OF ₹25,000 IS READY. REGISTRATION FEE RS. 1,999/- TO KYC.SUPPORT@IBL. CALL 6829127898 ASAP.",PRIZE_SCAM,True,True,HIGH,+916829127898,kyc.support@ibl,1999.0,True,True,urgency|reward|upfront_fee|job
"pnb: cheque no. 504781 for ₹4,300 has been cleared.",BANK_REQUEST,True,False,LOW,,,4300.0,False,False,
Gift voucher worth 10000 approved for you. Pay delivery charge 199 on bill.desk@ybl jaldi.,PRIZE_SCAM,True,True,HIGH,,bill.desk@ybl,,True,True,urgency|reward|upfront_fee|marketplace
"REFUND TEAM HERE. YOUR CASHBACK OF ₹1,000 IS PENDING. SEND RS 99 PROCESSING FEE TO REWARDS.CLAIM@UPI AAJ HI.",REFUND_SCAM,True,True,HIGH,,rewards.claim@upi,99.0,True,False,urgency|reward|refund|upfront_fee
Train is delayed by 47 minutes will reach by 10 pm,NON_PAYMENT,False,False,LOW,,,,False,False,
"IDFC First ALERT: KYC not updated. Send ₹1,999 to urgentkyc893@ibl within 2 hours to re-activate your account.",KYC_SCAM,True,True,HIGH,,urgentkyc893@ibl,1999.0,True,True,urgency|kyc_credential
"Yes Bank alert: ₹4,300 debited from a/c XX3826 for UPI txn. If not you, call the number on the back of your card.",BANK_REQUEST,True,False,LOW,,,4300.0,False,False,impersonation
Star Mobile Repair monthly subscription of ₹250 is due on 6th Pay to starmobilere9@paytmqr at your convenience,MERCHANT_PAYMENT,True,False,LOW,,starmobilere9@paytmqr,250.0,False,False,
Your delivery is on hold. Pay Rs 3000 customs charge to harshish@okaxis aaj hi or the parcel will be returned.,URGENCY_PAYMENT,True,True,HIGH,,harshish@okaxis,3000.0,True,False,urgency|impersonation|marketplace
"Hello send ₹1,500 for cricket ground booking. UPI: ayeshaaye@axl",PAYMENT_REQUEST,True,False,LOW,,ayeshaaye@axl,1500.0,False,False,
Hi saw your OLX ad for the study table Can I come and check it tomorrow? If ok I will pay ₹40000 on PhonePe after seeing it,MARKETPLACE_PAYMENT,True,False,LOW,,,40000.0,False,False,marketplace
"PNB: credit card statement generated. Total due Rs 1250, minimum due 125. Pay via net banking or the PNB app.",BANK_REQUEST,True,False,LOW,,,1250.0,False,False,
Metro Cabs se order ready hai Rs 250/- metrocabs@axisbank pe pay kar dena ya cash de dena,MERCHANT_PAYMENT,True,False,LOW,,metrocabs@axisbank,250.0,False,False,
"Lucky customer! ₹100,000 bonus credited pending. Transfer ₹499 to claimprize@axl for release within 2 hours. Contact 8473647102",PRIZE_SCAM,True,True,HIGH,+918473647102,claimprize@axl,499.0,True,True,urgency|reward
Hello can you transfer Rs 300 for the concert tickets? amit.khan@okhdfcbank works. No rush.,PAYMENT_REQUEST,True,False,LOW,,amit.khan@okhdfcbank,300.0,False,False,
"Payment for the laptop done, ₹6,000 via Amazon Pay to meera81@okhdfcbank. Please share the invoice.",MARKETPLACE_PAYMENT,True,False,LOW,,meera81@okhdfcbank,6000.0,False,False,
"camera available. Pay ₹500 delivery charge to shreyavar@okhdfcbank now and the courier will bring it to your home, pay balance on delivery.",MARKETPLACE_PAYMENT,True,True,HIGH,,shreyavar@okhdfcbank,500.0,True,True,upfront_fee|marketplace
"manish is joining us for lunch, table for 8.",NON_PAYMENT,False,False,LOW,,,,False,False,
Your number was selected for Rs 500000 reward Send 299 rupees GST charge to jobportalfee355@paytm abhi last chance,PRIZE_SCAM,True,True,HIGH,,jobportalfee355@paytm,299.0,True,True,urgency|reward
Happy birthday Shreya! Have a great year ahead,NON_PAYMENT,False,False,LOW,,,,False,False,
Scan QR karo aur PIN dalo ₹5000 tumhare account me aa jayega Jaldi karo,QR_SCAM,True,True,HIGH,,,5000.0,True,False,urgency|kyc_credential|qr_link
"Payment received, ₹3,200 from you at Royal Bakery. Thank you, visit again!",MERCHANT_PAYMENT,True,False,LOW,,,3200.0,False,False,
"Hey it's Sanjay, using a friend's phone. Stuck at the airport, need ₹25,000 before midnight on gurpreet@oksbi. Please yaar.",IMPERSONATION,True,True,HIGH,,gurpreet@oksbi,25000.0,True,True,urgency|impersonation
airtel: your bill of 499 for consumer no. 563706 is due on 17 oct. pay via the airtel app or bbps.,BILL_PAYMENT,True,False,LOW,,,,False,False,
"Gift voucher worth ₹100,000 approved for you. Pay delivery charge 999 on jobportal.fee@okaxis final notice.",PRIZE_SCAM,True,True,HIGH,,jobportal.fee@okaxis,100000.0,True,True,urgency|reward|upfront_fee|marketplace
Arre Tanvi here ₹800 for the trek booking bhej do bhai tanvirah@ptsbi,PAYMENT_REQUEST,True,False,LOW,,tanvirah@ptsbi,800.0,False,False,
Customer care PhonePe: your account shows suspicious activity Transfer Rs 2000 to verification account vikram@ptaxis today only,IMPERSONATION,True,True,HIGH,,vikram@ptaxis,2000.0,True,True,urgency|kyc_credential|impersonation
"Hello 250 de dena last night's drinks ke liye, varun.das@axl",PAYMENT_REQUEST,True,False,LOW,,varun.das@axl,,False,False,
Hi Rs 300/- de dena Goa trip ke liye nehasharma@upi,PAYMENT_REQUEST,True,False,LOW,,nehasharma@upi,300.0,False,False,
"Payment received, ₹2,350 from you at FitLife Gym. Thank you, visit again!",MERCHANT_PAYMENT,True,False,LOW,,,2350.0,False,False,
your account has been put on hold due to incomplete KYC Pay Rs 2999 right now to restore access call +918612247141,KYC_SCAM,True,True,HIGH,+918612247141,,2999.0,True,True,urgency|kyc_credential
"Alert: Your SIM will be blocked by TRAI turant. Pay ₹2,000 to amit.iyer@upi to continue services. Call +916401139215",IMPERSONATION,True,True,HIGH,+916401139215,amit.iyer@upi,2000.0,True,True,urgency|impersonation
"Hi da reminder, ₹800 pending for yesterday's dinner. simran@okaxis or cash, whatever is easy.",PAYMENT_REQUEST,True,False,LOW,,simran@okaxis,800.0,False,False,
Hello I accidentally sent ₹5000 to your number by mistake Please return it urgently to kiran53@fbl,REFUND_SCAM,True,True,HIGH,,kiran53@fbl,5000.0,True,True,urgency|refund
Data entry job offer no experience needed Registration 199 rupees only pay on kycupdate930@upi Salary 80k,JOB_SCAM,True,True,HIGH,,kycupdate930@upi,80000.0,False,True,job
"Package ORD118545 out for delivery, expected by 6 pm.",NON_PAYMENT,False,False,LOW,,,,False,False,marketplace
"Hi reminder, Rs. 250/- pending for the electricity share. deepak@ibl or cash, whatever is easy.",PAYMENT_REQUEST,True,False,LOW,,deepak@ibl,250.0,False,False,
KBC scratch card: you won Rs 100000! Unlock by paying Rs. 999/- to reward.claim@upi aaj hi.,PRIZE_SCAM,True,True,HIGH,,reward.claim@upi,100000.0,True,True,urgency|reward|upfront_fee
"Alert: Aapka Canara Bank KYC expire ho gaya hai. Rs. 4,999/- within 24 hours to bill.desk@axl bhejo else your card will be permanently blocked. call +918202225885",KYC_SCAM,True,True,HIGH,+918202225885,bill.desk@axl,4999.0,True,True,urgency|kyc_credential|impersonation
"HDFC Bank: auto-debit of ₹15,400 for your SIP will be attempted on 11th. Please keep sufficient balance.",BANK_REQUEST,True,False,LOW,,,15400.0,False,False,impersonation
Payment of Rs 649 received for Delhi Jal Board bill. Receipt no. 74739555.,BILL_PAYMENT,True,False,LOW,,,649.0,False,False,
"Axis Bank customer, your net banking will be suspended today only. Pay verification amount 1499 to bill.desk@upi else your card will be permanently blocked.",KYC_SCAM,True,True,HIGH,,bill.desk@upi,,True,True,urgency|kyc_credential|impersonation
"Beta, this is your bhai's friend. Bhai is in hospital, send 15k within 2 hours to cashback.claim@ybl for the admission.",IMPERSONATION,True,True,HIGH,,cashback.claim@ybl,15000.0,True,True,urgency
"bro bhai maine 2500 galat number pe bhej diya, tumhare pe aaya hai. urgently sanjay@ptaxis pe return kar do please.",REFUND_SCAM,True,True,HIGH,,sanjay@ptaxis,,True,True,urgency
"Rahul, mera recharge khatam ho gaya, ₹500 meera63@okaxis pe bhej dena please.",FRIEND_FAMILY_PAYMENT,True,False,LOW,,meera63@okaxis,500.0,False,False,
"Hello 1200 rupees de dena the trek booking ke liye, simran@upi",PAYMENT_REQUEST,True,False,LOW,,simran@upi,1200.0,False,False,
FitLife Gym: your bill is 480 rupees. Pay via UPI fitlifegym@upi or at the counter. Thank you for visiting.,MERCHANT_PAYMENT,True,False,LOW,,fitlifegym@upi,480.0,False,False,
"Part time job: earn ₹3,500 per day by liking videos. Pay ₹199 security deposit to electricity.pay@oksbi to start.",JOB_SCAM,True,True,HIGH,,electricity.pay@oksbi,199.0,True,True,upfront_fee|job
"Dear user, Bhai maine ₹10,000 galat number pe bhej diya, tumhare pe aaya hai. today only urgentkyc@ybl pe return kar do please.",REFUND_SCAM,True,True,HIGH,,urgentkyc@ybl,10000.0,True,True,urgency|impersonation
"Dear user, Update your Aadhaar with Bank of Baroda by paying INR 499 to kycupdate@ybl. Link expires aaj hi. call +91 96460 96149",KYC_SCAM,True,True,HIGH,+919646096149,kycupdate@ybl,499.0,True,True,urgency|kyc_credential|impersonation|qr_link
"Payment of ₹7,000 is required within 24 hours. Use UPI cashback.claim@ybl. Do not ignore this message.",URGENCY_PAYMENT,True,True,HIGH,,cashback.claim@ybl,7000.0,True,False,urgency
"Cafe Nirvana: table booked. A deposit of Rs. 1,200/- to cafenirvana7@icici confirms the booking, adjustable against the bill.",MERCHANT_PAYMENT,True,False,LOW,,cafenirvana7@icici,1200.0,False,False,
Hi Lakshmi transferring ₹1000 for the groceries you got Sending to simraniyer@paytm,FRIEND_FAMILY_PAYMENT,True,False,LOW,,simraniyer@paytm,1000.0,False,False,
My new number is 83624-18623 save it,NON_PAYMENT,False,False,LOW,+918362418623,,,False,False,impersonation
"Oye Paytm refund of 10k is stuck. To release it, first pay Rs 499 verification to priya@paytm turant.",REFUND_SCAM,True,True,HIGH,,priya@paytm,499.0,True,True,urgency|kyc_credential|refund
"Crypto trading tips group: deposit ₹25,000 to refund.desk226@ibl and earn daily profit of 5k. 100% safe.",INVESTMENT_SCAM,True,True,HIGH,,refund.desk226@ibl,25000.0,True,True,investment|job
"Hi, this is your HR head. I am in a meeting and need ₹2,000 transferred urgently to gurpreet.sharma@ybl for a vendor. Will reimburse today.",IMPERSONATION,True,True,HIGH,,gurpreet.sharma@ybl,2000.0,True,True,urgency
Your resume is shortlisted at Swiggy. Document verification fee 1500 rupees payable to courier.pay@axl within 24 hours.,JOB_SCAM,True,True,HIGH,,courier.pay@axl,1500.0,True,True,urgency|kyc_credential|upfront_fee
Recharge reminder: your ACT Fibernet plan expires on 4 Jan Recharge ₹3120 from the app to continue,BILL_PAYMENT,True,False,LOW,,,3120.0,False,False,kyc_credential
Pay INR 1000 final notice to lottery.claim920@ybl or legal action will be taken. This is the last reminder.,URGENCY_PAYMENT,True,True,HIGH,,lottery.claim920@ybl,1000.0,True,False,urgency
Sent Rs 5000 for Diwali shopping to sneha@apl check and tell me if received,FRIEND_FAMILY_PAYMENT,True,False,LOW,,sneha@apl,5000.0,False,False,
"Payment of Rs. 1,500/- is required urgently. Use UPI customer.care@paytm. Do not ignore this message.",URGENCY_PAYMENT,True,True,HIGH,,customer.care@paytm,1500.0,True,True,urgency
"Package SWG427841 out for delivery, expected by 9 pm.",NON_PAYMENT,False,False,LOW,,,,False,False,marketplace
Alert: This is Meera from GPay support. A wrong transfer of Rs 7500 was made to you. Refund to verifybank@paytm abhi to avoid account freeze.,REFUND_SCAM,True,True,HIGH,,verifybank@paytm,7500.0,True,False,urgency|refund
Badhai ho! Aapne Lucky Draw lottery me 50k jeeta hai Claim karne ke liye ₹199 customercare@okaxis pe asap bhejo,PRIZE_SCAM,True,True,HIGH,,customercare@okaxis,50000.0,True,True,urgency|reward
Refund team here. Your cashback of 7500 rupees is pending. Send 199 rupees processing fee to zoya@okaxis asap.,REFUND_SCAM,True,True,HIGH,,zoya@okaxis,199.0,True,False,urgency|reward|refund|upfront_fee
"Double your money scheme! Send ₹5,000 to verify.now@oksbi and receive Rs 15000 by Monday. WhatsApp 8622016566",INVESTMENT_SCAM,True,True,HIGH,+918622016566,verify.now@oksbi,5000.0,True,False,investment
"for the activa scooter, pay full rs 40000 to support.desk@paytm first, delivery within 2 days via army courier. no inspection possible.",MARKETPLACE_PAYMENT,True,True,HIGH,,support.desk@paytm,40000.0,True,False,marketplace
did you finish the assignment? question 26 was tough.,NON_PAYMENT,False,False,LOW,,,,False,False,
Crypto trading tips group: deposit 25000 to invest.pro@upi and earn daily profit of Rs 7500. 100% safe.,INVESTMENT_SCAM,True,True,HIGH,,invest.pro@upi,7500.0,False,True,investment|job
"PAYMENT OF ₹2,460 RECEIVED FOR VI BILL. RECEIPT NO. 69565923.",BILL_PAYMENT,True,False,LOW,,,2460.0,False,False,
HR team Infosys: your interview is cleared. Send ₹999 for laptop courier to bill.desk141@ibl. Refundable with first salary.,JOB_SCAM,True,True,HIGH,,bill.desk141@ibl,999.0,False,True,impersonation|job|marketplace
"Invest ₹2,000 today and get 20000 rupees in 7 days, guaranteed returns. Pay to customer.care@paytm. Limited slots.",INVESTMENT_SCAM,True,True,HIGH,,customer.care@paytm,2000.0,True,False,investment
"the Netflix split ka Rs 1000 bhej dena, rahul@okhdfcbank",PAYMENT_REQUEST,True,False,LOW,,rahul@okhdfcbank,1000.0,False,False,
"Dear winner, your Amazon Pay prize of ₹100,000 is ready. Registration fee ₹199 to official.support@paytm. Call 65386-53123 before midnight.",PRIZE_SCAM,True,True,HIGH,+916538653123,official.support@paytm,199.0,True,True,urgency|reward|upfront_fee|job
congratulations on the new job kiran! party when?,NON_PAYMENT,False,False,LOW,,,,False,False,reward|job
Pay 500 jaldi to sanjay@oksbi nahi toh account band ho jayega. This is the last reminder.,URGENCY_PAYMENT,True,True,HIGH,,sanjay@oksbi,,True,True,urgency
Send me the notes for chapter 10 when you get a chance,NON_PAYMENT,False,False,LOW,,,,False,False,
Hey last night's drinks settle kar de ₹400 on josephanj@ptaxis,PAYMENT_REQUEST,True,False,LOW,,josephanj@ptaxis,400.0,False,False,
"Bhai maine ₹10,000 galat number pe bhej diya, tumhare pe aaya hai. asap deepak9@ptsbi pe return kar do please.",REFUND_SCAM,True,True,HIGH,,deepak9@ptsbi,10000.0,True,True,urgency
Reminder: BSNL bill ₹649 due 23 Oct. Pay through Amazon Pay bill payments section.,BILL_PAYMENT,True,False,LOW,,,649.0,False,False,
"Hi Deepak here, ₹100 for the birthday cake bhej do bhai. deepak79@upi",PAYMENT_REQUEST,True,False,LOW,,deepak79@upi,100.0,False,False,
"Crypto trading tips group: deposit Rs. 5,000/- to sbi.kyc345@okaxis and earn daily profit of INR 5000. 100% safe.",INVESTMENT_SCAM,True,True,HIGH,,sbi.kyc345@okaxis,5000.0,False,False,investment|job
Wrong transfer alert: ₹4000 credited to you by error Reverse the amount last chance to karan@okaxis or call 06927532697,REFUND_SCAM,True,True,HIGH,+916927532697,karan@okaxis,4000.0,True,False,urgency|refund
"Thanks for your order at Lakeview Hospital. Amount due ₹2,350. Pay on delivery or to lakeviewhosp7@paytmqr.",MERCHANT_PAYMENT,True,False,LOW,,lakeviewhosp7@paytmqr,2350.0,False,False,marketplace
"Dear user, Update your Aadhaar with HDFC Bank by paying ₹4,999 to kyc.support@oksbi. Link expires within 1 hour.",KYC_SCAM,True,True,HIGH,,kyc.support@oksbi,4999.0,True,True,urgency|kyc_credential|impersonation|qr_link
"papa needs inr 8000 for the hospital deposit today so admission can be completed. send to rahulkir@axl, i'll transfer back on monday.",FRIEND_FAMILY_PAYMENT,True,False,LOW,,rahulkir@axl,8000.0,True,False,
"Urban Salon: table booked. A deposit of 1499 rupees to urbansalon5@axisbank confirms the booking, adjustable against the bill.",MERCHANT_PAYMENT,True,False,LOW,,urbansalon5@axisbank,1499.0,False,False,
"CRPF jawan, urgent posting. laptop at Rs 12000 only. Advance 500 rupees on tanvi@ptsbi to block it.",MARKETPLACE_PAYMENT,True,True,HIGH,,tanvi@ptsbi,12000.0,True,True,urgency|upfront_fee
"Airtel ka bill 499 rupees aaya hai, 3 Apr tak bhar dena app se.",BILL_PAYMENT,True,False,LOW,,,499.0,False,False,
"I am interested in your listing. I will pay ₹15,000, just scan this QR code I am sending to receive the money.",QR_SCAM,True,True,HIGH,,,15000.0,True,True,qr_link
"Axis Bank: credit card statement generated. Total due 4300 rupees, minimum due 430. Pay via net banking or the Axis Bank app.",BANK_REQUEST,True,False,LOW,,,4300.0,False,False,impersonation
Deal final at 1500 for the Royal Enfield. I will pay when I pick it up on Sunday. My UPI is sneha.patel@oksbi if you need to refund anything.,MARKETPLACE_PAYMENT,True,False,LOW,,sneha.patel@oksbi,,False,False,refund
"Quick Laundry se order ready hai. ₹4,500 quicklaundry@upi pe pay kar dena ya cash de dena.",MERCHANT_PAYMENT,True,False,LOW,,quicklaundry@upi,4500.0,False,False,
"Invoice #9410 from Om Sweets for ₹1,499. UPI ID omsweets@upi. Please share screenshot after payment.",MERCHANT_PAYMENT,True,False,LOW,,omsweets@upi,1499.0,False,False,
quick laundry: advance of ₹350 for the service is due by 11th. pay to quicklaundry3@ybl or at the desk. gst invoice will follow.,MERCHANT_PAYMENT,True,False,LOW,,quicklaundry3@ybl,350.0,False,False,upfront_fee
HEY SEND RS 150 FOR THE GIFT FOR PRIYA. UPI: ISHITA31@PTSBI,PAYMENT_REQUEST,True,False,LOW,,ishita31@ptsbi,150.0,False,False,reward
I am army officer posted in cantonment cannot meet Pay INR 500 advance to cashbackclaim@ibl and my courier will deliver the study table,MARKETPLACE_PAYMENT,True,True,HIGH,,cashbackclaim@ibl,500.0,True,True,impersonation|upfront_fee|marketplace
"Forex signals: first 20 members get INR 125000 on ₹25,000. Transfer to rewards.claim@upi now.",INVESTMENT_SCAM,True,True,HIGH,,rewards.claim@upi,125000.0,False,False,
your resume is shortlisted at wipro document verification fee rs 199 payable to rewardclaim@oksbi within 24 hours,JOB_SCAM,True,True,HIGH,,rewardclaim@oksbi,199.0,True,True,urgency|kyc_credential|upfront_fee
"Ghar baithe kaam, roz ₹4,000 kamao. Joining ke liye ₹499 npci.verify302@axl pe bhejo. Call 06710855540",JOB_SCAM,True,True,HIGH,+916710855540,npci.verify302@axl,4000000.0,True,True,
"Joseph, Rs 10000 chahiye college fees ke liye, ishita@waaxis pe bhej do please, agle hafte lauta dunga.",FRIEND_FAMILY_PAYMENT,True,False,LOW,,ishita@waaxis,10000.0,False,False,
"Scored a hat-trick yesterday, 58 runs too!",NON_PAYMENT,False,False,LOW,,,,False,False,
"Dear winner, your KBC prize of ₹25,000 is ready. Registration fee ₹1,999 to bill.desk@axl. Call +917107414430 turant.",PRIZE_SCAM,True,True,HIGH,+917107414430,bill.desk@axl,1999.0,True,True,urgency|reward|upfront_fee|job
"I am interested in your listing. I will pay ₹20,000, just scan this QR code I am sending to receive the money.",QR_SCAM,True,True,HIGH,,,20000.0,True,True,qr_link
send me the notes for chapter 40 when you get a chance.,NON_PAYMENT,False,False,LOW,,,,False,False,
"Forex signals: first 10 members get ₹25,000 on ₹5,000. Transfer to lottery.claim379@ibl now.",INVESTMENT_SCAM,True,True,HIGH,,lottery.claim379@ibl,25000.0,True,False,
Bhai kal 10 baje milte hain college gate pe.,NON_PAYMENT,False,False,LOW,,,,False,False,
"₹1,000 de dena cricket ground booking ke liye, anjali99@okicici",PAYMENT_REQUEST,True,False,LOW,,anjali99@okicici,1000.0,False,False,
"Naveen, ₹1,500 chahiye college fees ke liye, harshnav@okhdfcbank pe bhej do please, agle hafte lauta dunga.",FRIEND_FAMILY_PAYMENT,True,False,LOW,,harshnav@okhdfcbank,1500.0,True,False,
"Invest 25000 rupees today and get 125k in 7 days, guaranteed returns. Pay to courier.pay@paytm. Limited slots.",INVESTMENT_SCAM,True,True,HIGH,,courier.pay@paytm,25000.0,False,False,investment
"Invest Rs 500 today and get ₹1,500 in 7 days, guaranteed returns. Pay to task.fee@oksbi. Limited slots.",INVESTMENT_SCAM,True,True,HIGH,,task.fee@oksbi,500.0,False,False,investment
Dream11 scratch card: you won ₹10000! Unlock by paying Rs 199 to courierpay277@oksbi within 2 hours,PRIZE_SCAM,True,True,HIGH,,courierpay277@oksbi,10000.0,True,True,urgency|reward|upfront_fee
Hi saw your OLX ad for the laptop Can I come and check it tomorrow? If ok I will pay Rs 2500/- on PhonePe after seeing it,MARKETPLACE_PAYMENT,True,False,LOW,,,2500.0,False,False,marketplace
Arre the auto settle kar de ₹1200 on ayesha27@ptsbi,PAYMENT_REQUEST,True,False,LOW,,ayesha27@ptsbi,1200.0,False,False,
Can you send Rs 5000 to riya@oksbi? Rent is due tomorrow and my salary is delayed Will return by 5th,FRIEND_FAMILY_PAYMENT,True,False,LOW,,riya@oksbi,5000.0,True,False,job
"Forex signals: first 5 members get ₹50,000 on ₹5,000. Transfer to kyc.support871@ybl now.",INVESTMENT_SCAM,True,True,HIGH,,kyc.support871@ybl,50000.0,True,True,
Can you pick up 58 kg of rice on the way back?,NON_PAYMENT,False,False,LOW,,,,False,False,
"Dude We detected an excess credit of ₹2,500 in your wallet. Return it urgently to hdfc.verify691@ybl else your wallet will be blocked.",REFUND_SCAM,True,True,HIGH,,hdfc.verify691@ybl,2500.0,True,False,urgency|refund
"BWSSB: your bill of Rs. 2,460/- for consumer no. 823739 is due on 4 Apr. Pay via the BWSSB app or BBPS.",BILL_PAYMENT,True,False,LOW,,,2460.0,False,False,
invest rs 5000 today and get 15000 in 7 days guaranteed returns pay to kycupdate@oksbi limited slots,INVESTMENT_SCAM,True,True,HIGH,,kycupdate@oksbi,5000.0,True,False,investment
"I can pay Rs 18000 for the Activa scooter, pickup from your place. Share your UPI ID or I will pay cash on pickup.",MARKETPLACE_PAYMENT,True,False,LOW,,,18000.0,False,False,
"Hi da Bhai maine ₹1,000 galat number pe bhej diya, tumhare pe aaya hai. within 24 hours quickloan@ybl pe return kar do please.",REFUND_SCAM,True,True,HIGH,,quickloan@ybl,1000.0,True,False,urgency
Collect request sent for INR 15000. Approve it with your UPI PIN to receive the amount.,QR_SCAM,True,True,HIGH,,,15000.0,True,False,kyc_credential
"final notice from yes bank: pay kyc verification fee ₹1,499 to verifybank@ybl aaj hi or the amount will be forfeited.",KYC_SCAM,True,True,HIGH,,verifybank@ybl,1499.0,True,True,urgency|kyc_credential|impersonation|upfront_fee
Did you finish the assignment? Question 32 was tough.,NON_PAYMENT,False,False,LOW,,,,False,False,
Reminder: dentist appointment on 3th at 15:00.,NON_PAYMENT,False,False,LOW,,,,False,False,
Papa needs Rs 18000/- for the hospital deposit today so admission can be completed Send to harsh@okhdfcbank I'll transfer back on Monday,FRIEND_FAMILY_PAYMENT,True,False,LOW,,harsh@okhdfcbank,18000.0,True,False,
"KYC update ke liye ₹1,499 to hrdesk@paytm asap pay karo, or legal action will be taken. SBI support 9162256471",KYC_SCAM,True,True,HIGH,+919162256471,hrdesk@paytm,1499.0,True,True,urgency|kyc_credential|impersonation
double your money scheme! send 25000 to cashbackclaim268@upi and receive ₹75000 by monday whatsapp 8701363249,INVESTMENT_SCAM,True,True,HIGH,+918701363249,cashbackclaim268@upi,75000.0,True,False,investment
"CRPF jawan, urgent posting. Activa scooter at ₹18,000 only. Advance Rs 2000 on tradepro@oksbi to block it.",MARKETPLACE_PAYMENT,True,True,HIGH,,tradepro@oksbi,18000.0,True,True,urgency|upfront_fee
hi da split for goa trip came to 400 rupees each send to shreyamee@waaxis when you can,PAYMENT_REQUEST,True,False,LOW,,shreyamee@waaxis,400.0,False,False,
"flipkart scratch card: you won ₹250,000! unlock by paying ₹99 to hdfc.verify@ibl aaj hi.",PRIZE_SCAM,True,True,HIGH,,hdfc.verify@ibl,250000.0,True,True,urgency|reward|upfront_fee
click cuttly/88wis to verify your upi and get rs 15000 credited enter pin to confirm support 07379370863,QR_SCAM,True,True,HIGH,+917379370863,,15000.0,True,True,kyc_credential|qr_link
Customer care BHIM: your account shows suspicious activity. Transfer Rs 20000 to verification account ayeshajos@fbl asap.,IMPERSONATION,True,True,HIGH,,ayeshajos@fbl,20000.0,True,True,urgency|kyc_credential|impersonation
"Vikram, mera recharge khatam ho gaya, INR 10000 varun@paytm pe bhej dena please.",FRIEND_FAMILY_PAYMENT,True,False,LOW,,varun@paytm,10000.0,False,False,
"Hi da 800 for the concert tickets please, GPay on nishavik@apl. Thanks!",PAYMENT_REQUEST,True,False,LOW,,nishavik@apl,,False,False,
"data entry job offer, no experience needed. registration ₹2,000 only, pay on refund.desk@ibl. salary 35000 rupees.",JOB_SCAM,True,True,HIGH,,refund.desk@ibl,35000.0,False,True,job
Thanks for your order at Deluxe Tailors. Amount due Rs 120. Pay on delivery or to deluxetailor4@sbi.,MERCHANT_PAYMENT,True,False,LOW,,deluxetailor4@sbi,120.0,False,False,marketplace
"Task completed! To withdraw your earnings of ₹7,000, pay Rs 1500 unlock fee to courier.pay@upi.",JOB_SCAM,True,True,HIGH,,courier.pay@upi,1500.0,False,True,upfront_fee|job
click cutt.ly/fsmezx to verify your upi and get 5000 credited. enter pin to confirm. support 6620709867,QR_SCAM,True,True,HIGH,+916620709867,,,False,False,kyc_credential|qr_link
"bro ₹150 de dena the gift for priya ke liye, simran51@okhdfcbank",PAYMENT_REQUEST,True,False,LOW,,simran51@okhdfcbank,150.0,False,False,reward
Seller here. washing machine is booked for you. Send ₹500 token amount to tanvi.khan@ibl today otherwise another buyer will take it.,MARKETPLACE_PAYMENT,True,True,HIGH,,tanvi.khan@ibl,500.0,True,True,upfront_fee|marketplace
Reminder: dentist appointment on 27th at 17:00.,NON_PAYMENT,False,False,LOW,,,,False,False,
"Your Kotak Bank reward of ₹2,000 is waiting. Scan the attached QR to collect. Valid today only.",QR_SCAM,True,True,HIGH,,,2000.0,True,False,urgency|reward|impersonation|qr_link
Star Mobile Repair: table booked A deposit of 2350 to starmobilere4@axisbank confirms the booking adjustable against the bill,MERCHANT_PAYMENT,True,False,LOW,,starmobilere4@axisbank,,False,False,
"This is the cyber cell. A parcel in your name contains illegal items. Pay ₹10,000 penalty within 24 hours to priyazoy@ibl to avoid arrest.",IMPERSONATION,True,True,HIGH,,priyazoy@ibl,10000.0,True,True,urgency|impersonation|marketplace
"BSNL ka bill ₹1,050 aaya hai, 21 Dec tak bhar dena app se.",BILL_PAYMENT,True,False,LOW,,,1050.0,False,False,
"Main the CEO bol raha hoon. Meeting me hoon, 10000 turant poojaadi@ptsbi pe bhej do, vendor wait kar raha hai.",IMPERSONATION,True,True,HIGH,,poojaadi@ptsbi,,True,True,urgency|impersonation
GREEN GROCERS: YOUR BILL IS 2350 RUPEES. PAY VIA UPI GREENGROCERS@AXISBANK OR AT THE COUNTER. THANK YOU FOR VISITING.,MERCHANT_PAYMENT,True,False,LOW,,greengrocers@axisbank,2350.0,False,False,
"Hello 200 rupees de dena movie tickets ke liye, ananya99@waaxis",PAYMENT_REQUEST,True,False,LOW,,ananya99@waaxis,200.0,False,False,
"IDFC First alert: INR 15400 debited from a/c XX9045 for UPI txn. If not you, call the number on the back of your card.",BANK_REQUEST,True,False,LOW,,,15400.0,False,False,
ICICI Bank: EMI of ₹2500 for loan a/c ending 9350 is due on 2th Maintain sufficient balance Do not share OTP with anyone,BANK_REQUEST,True,False,LOW,,,2500.0,False,False,kyc_credential|impersonation
Adani Gas: your bill of Rs 1340 for consumer no. 166108 is due on 8 May. Pay via the Adani Gas app or BBPS.,BILL_PAYMENT,True,False,LOW,,,1340.0,False,False,
"Your Adani Gas broadband plan renews on 10 Oct. Amount ₹299. Auto-pay is enabled, no action needed.",BILL_PAYMENT,True,False,LOW,,,299.0,False,False,
Task completed! To withdraw your earnings of ₹5000 pay ₹2000 unlock fee to verifynow@ybl,JOB_SCAM,True,True,HIGH,,verifynow@ybl,2000.0,True,True,upfront_fee|job
"CRPF jawan, urgent posting. Royal Enfield at ₹18,000 only. Advance 500 rupees on sbi.kyc@ibl to block it.",MARKETPLACE_PAYMENT,True,True,HIGH,,sbi.kyc@ibl,18000.0,True,False,urgency|upfront_fee
"FitLife Gym: your bill is ₹4,500. Pay via UPI fitlifegym6@sbi or at the counter. Thank you for visiting.",MERCHANT_PAYMENT,True,False,LOW,,fitlifegym6@sbi,4500.0,False,False,
Join our IPO allotment scheme. Pay 2000 rupees to reward.claim@ybl and get confirmed allotment with 3x listing gain.,INVESTMENT_SCAM,True,True,HIGH,,reward.claim@ybl,2000.0,True,False,
"Dear user, Update your Aadhaar with Canara Bank by paying 1999 rupees to bill.desk18@ibl. Link expires final notice. call 6750950354",KYC_SCAM,True,True,HIGH,+916750950354,bill.desk18@ibl,1999.0,True,True,urgency|kyc_credential|impersonation|qr_link
Join our IPO allotment scheme. Pay 10000 rupees to verify.now@axl and get confirmed allotment with 3x listing gain.,INVESTMENT_SCAM,True,True,HIGH,,verify.now@axl,10000.0,False,True,
"Dear valued customer, PAN-Aadhaar link pending for your HDFC Bank account. Pay ₹4,999 processing charge to prize.center@oksbi within 2 hours otherwise your account will be suspended.",KYC_SCAM,True,True,HIGH,,prize.center@oksbi,4999.0,True,True,urgency|kyc_credential|impersonation|upfront_fee|qr_link
"Sharma General Store monthly subscription of ₹4,500 is due on 7th. Pay to sharmagenera8@upi at your convenience.",MERCHANT_PAYMENT,True,False,LOW,,sharmagenera8@upi,4500.0,False,False,
OTP for your login is 794940. Valid for 10 minutes. Do not share it with anyone.,NON_PAYMENT,False,False,LOW,,,,False,False,kyc_credential
KYC update ke liye ₹5999 to kycsupport@oksbi aaj hi pay karo or legal action will be taken HDFC Bank support +917433747994,KYC_SCAM,True,True,HIGH,+917433747994,kycsupport@oksbi,5999.0,True,True,urgency|kyc_credential|impersonation
"Attention: This is Harsh from GPay support. A wrong transfer of ₹7,500 was made to you. Refund to pooja.das@waaxis immediately to avoid account freeze.",REFUND_SCAM,True,True,HIGH,,pooja.das@waaxis,7500.0,True,True,urgency|refund
"double your money scheme! send rs. 25,000/- to hdfc.verify@oksbi and receive inr 125000 by monday. whatsapp +91 89795 82324",INVESTMENT_SCAM,True,True,HIGH,+918979582324,hdfc.verify@oksbi,25000.0,True,False,investment
Reminder: dentist appointment on 4th at 13:00.,NON_PAYMENT,False,False,LOW,,,,False,False,
"Hi, saw your OLX ad for the camera. Can I come and check it tomorrow? If ok I will pay 40k on Amazon Pay after seeing it.",MARKETPLACE_PAYMENT,True,False,LOW,,,40000.0,False,False,marketplace
"Beta INR 1500 bhej dena papa ke dawai ke liye rahul51@okhdfcbank, kal wapas kar dungi.",FRIEND_FAMILY_PAYMENT,True,False,LOW,,rahul51@okhdfcbank,1500.0,False,False,
"sirf ₹5,000 invest karo aur rs. 50,000/- pao guaranteed. official.support@oksbi pe payment karo abhi.",INVESTMENT_SCAM,True,True,HIGH,,official.support@oksbi,5000.0,False,True,urgency|investment
"Star Mobile Repair: table booked. A deposit of Rs. 2,350/- to starmobilere7@hdfcbank confirms the booking, adjustable against the bill.",MERCHANT_PAYMENT,True,False,LOW,,starmobilere7@hdfcbank,2350.0,False,False,
canara bank: rs 22000 credited to your account xx7344. available balance rs 44000.,BANK_REQUEST,True,False,LOW,,,44000.0,False,False,impersonation
"Click sbi-verify-jl4i7t4.xyz to verify your UPI and get Rs. 15,000/- credited. Enter PIN to confirm. Support 7025213109",QR_SCAM,True,True,HIGH,+917025213109,,15000.0,False,False,kyc_credential|qr_link
"Sirf Rs. 2,000/- invest karo aur ₹20,000 pao guaranteed. claimprize175@axl pe payment karo abhi.",INVESTMENT_SCAM,True,True,HIGH,,claimprize175@axl,2000.0,True,False,urgency|investment
Join our IPO allotment scheme Pay 500 to supportdesk@okaxis and get confirmed allotment with 2x listing gain,INVESTMENT_SCAM,True,True,HIGH,,supportdesk@okaxis,,True,True,
"Bank of Baroda ALERT: KYC not updated. Send ₹2,499 to invest.pro@paytm today only to re-activate your account.",KYC_SCAM,True,True,HIGH,,invest.pro@paytm,2499.0,True,True,urgency|kyc_credential|impersonation
"SBI alert: 15400 rupees debited from a/c XX2498 for UPI txn. If not you, call the number on the back of your card.",BANK_REQUEST,True,False,LOW,,,15400.0,False,False,impersonation
Bhai mera recharge khatam ho gaya ₹18000 varun25@okicici pe bhej dena please,FRIEND_FAMILY_PAYMENT,True,False,LOW,,varun25@okicici,18000.0,True,False,
BSNL: your bill of INR 1050 for consumer no 373387 is due on 24 Apr Pay via the BSNL app or BBPS,BILL_PAYMENT,True,False,LOW,,,1050.0,False,False,
"Hi, saw your OLX ad for the fridge. Can I come and check it tomorrow? If ok I will pay Rs. 18,000/- on Amazon Pay after seeing it.",MARKETPLACE_PAYMENT,True,False,LOW,,,18000.0,False,False,marketplace
"Axis Bank: auto-debit of ₹8,900 for your SIP will be attempted on 23th. Please keep sufficient balance.",BANK_REQUEST,True,False,LOW,,,8900.0,False,False,impersonation
"Canara Bank: credit card statement generated. Total due Rs 12000, minimum due Rs. 1,200/-. Pay via net banking or the Canara Bank app.",BANK_REQUEST,True,False,LOW,,,12000.0,False,False,impersonation
Landlord said the plumber will come at 11:00 tomorrow.,NON_PAYMENT,False,False,LOW,,,,False,False,
"Your number was selected for 10k reward. Send ₹1,999 GST charge to rewards.claim238@ibl final notice, last chance.",PRIZE_SCAM,True,True,HIGH,,rewards.claim238@ibl,1999.0,True,True,urgency|reward
"notice: my son sent ₹5,000 to your upi by mistake, he is crying. please send it back today only on simran36@okicici. god bless you.",REFUND_SCAM,True,True,HIGH,,simran36@okicici,5000.0,True,False,urgency
Wrong transfer alert: 2000 credited to you by error Reverse the amount final notice to suresh@waaxis or call +91 76509 96218,REFUND_SCAM,True,True,HIGH,+917650996218,suresh@waaxis,,True,True,urgency|refund
"Meeting moved to 8:00 tomorrow, room 244.",NON_PAYMENT,False,False,LOW,,,,False,False,
I AM INTERESTED IN YOUR LISTING I WILL PAY ₹10000 JUST SCAN THIS QR CODE I AM SENDING TO RECEIVE THE MONEY,QR_SCAM,True,True,HIGH,,,10000.0,True,True,qr_link
Your electricity connection will be cut today only. Pay pending bill 8k to simran@ybl now. Officer +91 65132 51790,IMPERSONATION,True,True,HIGH,+916513251790,simran@ybl,8000.0,True,True,urgency|impersonation
Sai Electricals monthly subscription of Rs 4500 is due on 22th. Pay to saielectrica5@upi at your convenience.,MERCHANT_PAYMENT,True,False,LOW,,saielectrica5@upi,4500.0,False,False,
"Payment for the Activa scooter done, Rs 4000 via BHIM to shreya.sharma@okhdfcbank. Please share the invoice.",MARKETPLACE_PAYMENT,True,False,LOW,,shreya.sharma@okhdfcbank,4000.0,False,False,
"Part time job: earn ₹3,500 per day by liking videos. Pay ₹2,000 security deposit to lottery.claim@paytm to start.",JOB_SCAM,True,True,HIGH,,lottery.claim@paytm,2000.0,True,True,upfront_fee|job
"₹100 de dena last night's drinks ke liye, vikramfar@ybl",PAYMENT_REQUEST,True,False,LOW,,vikramfar@ybl,100.0,False,False,
Deluxe Tailors: admission deposit of Rs 3596 for patient Ritu K is due today so the admission can be completed. Pay at the billing counter or to UPI deluxetailor1@upi. Receipt will be issued.,MERCHANT_PAYMENT,True,False,LOW,,deluxetailor1@upi,3596.0,False,False,
"Double your money scheme! Send Rs 2000 to refundteam@okaxis and receive ₹20,000 by Monday. WhatsApp 8196149901",INVESTMENT_SCAM,True,True,HIGH,+918196149901,refundteam@okaxis,2000.0,True,False,investment
Recharge reminder: your Jio plan expires on 6 May. Recharge 799 rupees from the app to continue.,BILL_PAYMENT,True,False,LOW,,,799.0,False,False,kyc_credential
"Collect request sent for Rs. 5,000/-. Approve it with your UPI PIN to receive the amount.",QR_SCAM,True,True,HIGH,,,5000.0,False,False,kyc_credential
"Dear account holder, PAN-Aadhaar link pending for your ICICI Bank account. Pay 2999 rupees processing charge to lottery.claim@axl before midnight or the amount will be forfeited.",KYC_SCAM,True,True,HIGH,,lottery.claim@axl,2999.0,True,True,urgency|kyc_credential|impersonation|upfront_fee|qr_link
"Hello, I'm calling from Yes Bank security. Your account is compromised. Move Rs. 20,000/- to safe account gurpreet43@okicici right now.",IMPERSONATION,True,True,HIGH,,gurpreet43@okicici,20000.0,True,True,urgency|impersonation
Hello send Rs 200 for the trek booking to sneha@okhdfcbank,PAYMENT_REQUEST,True,False,LOW,,sneha@okhdfcbank,200.0,False,False,
"Train is delayed by 5 minutes, will reach by 6 pm.",NON_PAYMENT,False,False,LOW,,,,False,False,
SBI: EMI of ₹12000 for loan a/c ending 3565 is due on 13th Maintain sufficient balance Do not share OTP with anyone,BANK_REQUEST,True,False,LOW,,,12000.0,False,False,kyc_credential|impersonation
Pay 1500 aaj hi to suresh@axl or your number will be disconnected. This is the last reminder.,URGENCY_PAYMENT,True,True,HIGH,,suresh@axl,,True,False,urgency
can you transfer ₹750 for the auto? manish59@ptaxis works. No rush.,PAYMENT_REQUEST,True,False,LOW,,manish59@ptaxis,750.0,False,False,
Your subscription payment failed Pay Rs 1000 to bankverify@axl abhi or legal action will be taken,URGENCY_PAYMENT,True,True,HIGH,,bankverify@axl,1000.0,True,False,urgency
sharma general store monthly subscription of ₹180 is due on 15th. pay to sharmagenera8@icici at your convenience.,MERCHANT_PAYMENT,True,False,LOW,,sharmagenera8@icici,180.0,False,False,
Axis Bank ALERT: KYC not updated. Send 999 to bank.verify@ybl last chance to re-activate your account.,KYC_SCAM,True,True,HIGH,,bank.verify@ybl,,True,True,urgency|kyc_credential|impersonation
Your Canara Bank reward of INR 20000 is waiting Scan the attached QR to collect Valid today only,QR_SCAM,True,True,HIGH,,,20000.0,False,False,urgency|reward|impersonation|qr_link
"Bro galti se ₹4,000 aapke account me chala gaya. Please today only wapas bhej do sbi.kyc385@paytm pe.",REFUND_SCAM,True,True,HIGH,,sbi.kyc385@paytm,4000.0,True,False,urgency|refund
"I CAN PAY ₹12,000 FOR THE WASHING MACHINE, PICKUP FROM YOUR PLACE. SHARE YOUR UPI ID OR I WILL PAY CASH ON PICKUP.",MARKETPLACE_PAYMENT,True,False,LOW,,,12000.0,False,False,
Hi split for movie tickets came to 250 each. Send to zoya.singh@ybl when you can.,PAYMENT_REQUEST,True,False,LOW,,zoya.singh@ybl,,False,False,
"To receive your refund of Rs. 20,000/-, scan the QR code and enter your UPI PIN. Link: sbi-verify-38f5.xyz",QR_SCAM,True,True,HIGH,,,20000.0,False,True,kyc_credential|refund|qr_link
"axis bank never asks for your pin, otp or cvv. report suspicious calls to 1930. your kyc can be updated only at the branch or the official app.",BANK_REQUEST,True,False,LOW,,,,False,False,kyc_credential|impersonation
"Ayesha bhai, Rs 1000 for the train tickets, lakshmi@upi pe bhej do. Thanks!",FRIEND_FAMILY_PAYMENT,True,False,LOW,,lakshmi@upi,1000.0,True,False,
kya scene hai aaj shaam? movie chalein?,NON_PAYMENT,False,False,LOW,,,,False,False,
"Notice: order ZMT237414 refund failed. Pay ₹199 reversal charge to cashback.claim@paytm within 1 hour and full refund of ₹1,500 will be credited.",REFUND_SCAM,True,True,HIGH,,cashback.claim@paytm,199.0,True,True,urgency|refund
Click sbi-verify-x3yu.xyz to verify your UPI and get 10k credited. Enter PIN to confirm. Support +919647229812,QR_SCAM,True,True,HIGH,+919647229812,,10000.0,True,True,kyc_credential|qr_link
"Bro order FLP892094 refund failed. Pay ₹49 reversal charge to neha.khan@okhdfcbank urgently and full refund of ₹7,500 will be credited.",REFUND_SCAM,True,True,HIGH,,neha.khan@okhdfcbank,49.0,True,False,urgency|refund
hello i'm calling from hdfc bank security your account is compromised move ₹20000 to safe account anjalinis@okaxis aaj hi,IMPERSONATION,True,True,HIGH,,anjalinis@okaxis,20000.0,True,True,urgency|impersonation
"Flight lands at 7:05, gate 29.",NON_PAYMENT,False,False,LOW,,,,False,False,
"Ghar baithe kaam, roz Rs 1750 kamao. Joining ke liye 2500 tradepro@axl pe bhejo. Call +91 67416 88113",JOB_SCAM,True,True,HIGH,+916741688113,tradepro@axl,1750000.0,True,True,
ICICI Bank: 1250 credited to your account XX1773 Available balance ₹6250,BANK_REQUEST,True,False,LOW,,,6250.0,False,False,impersonation
"You have received ₹50,000 cashback from Big Bazaar. Pay ₹999 activation charge to rewards.claim153@okaxis to receive it urgently.",PRIZE_SCAM,True,True,HIGH,,rewards.claim153@okaxis,999.0,True,True,urgency|reward
"Bro BHIM refund of ₹4,000 is stuck. To release it, first pay 299 rupees verification to verify.now@axl final notice.",REFUND_SCAM,True,True,HIGH,,verify.now@axl,299.0,True,False,urgency|kyc_credential|refund
"your repair at lakeview hospital is complete. total ₹4,500. upi: lakeviewhosp@sbi. collect anytime before 8 pm.",MERCHANT_PAYMENT,True,False,LOW,,lakeviewhosp@sbi,4500.0,False,False,
Reminder: BWSSB bill ₹299 due 10 Feb. Pay through PhonePe bill payments section.,BILL_PAYMENT,True,False,LOW,,,299.0,False,False,
Send 3k right now to kycupdate@ibl. Time limit 30 minutes. or the amount will be forfeited.,URGENCY_PAYMENT,True,True,HIGH,,kycupdate@ibl,3000.0,True,False,urgency
Kotak Bank: EMI of Rs 5600 for loan a/c ending 9363 is due on 7th. Maintain sufficient balance. Do not share OTP with anyone.,BANK_REQUEST,True,False,LOW,,,5600.0,False,False,kyc_credential|impersonation
"HEY IT'S NEHA, USING A FRIEND'S PHONE. STUCK AT THE AIRPORT, NEED RS 5000 ABHI ON NPCI.VERIFY419@OKAXIS. PLEASE YAAR.",IMPERSONATION,True,True,HIGH,,npci.verify419@okaxis,5000.0,True,True,urgency|impersonation
Sunrise Tuition se order ready hai. Rs. 120/- sunrisetuiti@paytmqr pe pay kar dena ya cash de dena.,MERCHANT_PAYMENT,True,False,LOW,,sunrisetuiti@paytmqr,120.0,False,False,
"BSNL ka bill ₹2,460 aaya hai, 17 Aug tak bhar dena app se.",BILL_PAYMENT,True,False,LOW,,,2460.0,False,False,
sai electricals: advance of rs. 120/- for the order is due by 23th. pay to saielectrica7@upi or at the desk. gst invoice will follow.,MERCHANT_PAYMENT,True,False,LOW,,saielectrica7@upi,120.0,False,False,upfront_fee
Hi saw your OLX ad for the washing machine Can I come and check it tomorrow? If ok I will pay ₹8000 on Paytm after seeing it,MARKETPLACE_PAYMENT,True,False,LOW,,,8000.0,False,False,marketplace
"Pending due of ₹1,500 must be cleared before midnight. Send to gurpreet@ybl. No further extension.",URGENCY_PAYMENT,True,True,HIGH,,gurpreet@ybl,1500.0,True,False,urgency
"Payment for the iPhone 13 done, 8000 rupees via BHIM to priya@ptaxis. Please share the invoice.",MARKETPLACE_PAYMENT,True,False,LOW,,priya@ptaxis,8000.0,False,False,
Hi order SWG262060 refund failed. Pay INR 99 reversal charge to bank.verify@axl urgently and full refund of 3000 will be credited.,REFUND_SCAM,True,True,HIGH,,bank.verify@axl,99.0,True,False,urgency|refund
"Payment received, ₹2,350 from you at Sharma General Store. Thank you, visit again!",MERCHANT_PAYMENT,True,False,LOW,,,2350.0,False,False,
dude send ₹500 for the concert tickets. upi: suresh.sharma@paytm,PAYMENT_REQUEST,True,False,LOW,,suresh.sharma@paytm,500.0,False,False,
"Lucky customer! ₹500,000 bonus credited pending. Transfer ₹499 to tradepro@okaxis for release within 2 hours. Contact +91 87891 33900",PRIZE_SCAM,True,True,HIGH,+918789133900,tradepro@okaxis,499.0,True,True,urgency|reward
Bill generated for Delhi Jal Board: Rs 499. View and pay from the official app. Ignore if already paid.,BILL_PAYMENT,True,False,LOW,,,499.0,False,False,impersonation
"₹1,500 FINAL NOTICE INVEST.PRO@IBL PE BHEJO OR YOUR ACCOUNT WILL BE BLOCKED, WARNA PROBLEM HO JAYEGI.",URGENCY_PAYMENT,True,True,HIGH,,invest.pro@ibl,1500.0,True,True,urgency|kyc_credential
"stock market expert here. minimum deposit ₹5,000 to quickloan@ibl. assured 30% weekly return.",INVESTMENT_SCAM,True,True,HIGH,,quickloan@ibl,5000.0,True,False,
"Hey Rs. 1,500/- de dena the trek booking ke liye, gurpreetkar@okicici",PAYMENT_REQUEST,True,False,LOW,,gurpreetkar@okicici,1500.0,False,False,
"Hi da Paytm refund of ₹5,000 is stuck. To release it, first pay Rs. 299/- verification to lottery.claim@paytm within 24 hours.",REFUND_SCAM,True,True,HIGH,,lottery.claim@paytm,299.0,True,False,urgency|kyc_credential|refund
Your repair at Star Mobile Repair is complete. Total ₹899. UPI: starmobilere@upi. Collect anytime before 8 pm.,MERCHANT_PAYMENT,True,False,LOW,,starmobilere@upi,899.0,False,False,
Thanks for your order at Sharma General Store. Amount due ₹180. Pay on delivery or to sharmagenera7@ybl.,MERCHANT_PAYMENT,True,False,LOW,,sharmagenera7@ybl,180.0,False,False,marketplace
"Attention: galti se ₹1,000 aapke account me chala gaya. Please abhi wapas bhej do tradepro@axl pe.",REFUND_SCAM,True,True,HIGH,,tradepro@axl,1000.0,True,True,urgency|refund
Reminder: dentist appointment on 18th at 15:00.,NON_PAYMENT,False,False,LOW,,,,False,False,
Badhai ho! Aapne Jio lottery me 100000 rupees jeeta hai. Claim karne ke liye Rs 499 urgentkyc@oksbi pe final notice bhejo.,PRIZE_SCAM,True,True,HIGH,,urgentkyc@oksbi,100000.0,True,True,urgency|reward
"Dude last night's drinks ka ₹100 per head aaya hai, sabko bhejna hai anjali@waaxis pe by monday",PAYMENT_REQUEST,True,False,LOW,,anjali@waaxis,100.0,False,False,
Hello reminder ₹100 pending for the pizza rahulnis@okicici or cash whatever is easy,PAYMENT_REQUEST,True,False,LOW,,rahulnis@okicici,100.0,False,False,
Urban Salon: advance of 2350 for the service is due by 25th. Pay to urbansalon@icici or at the desk. GST invoice will follow.,MERCHANT_PAYMENT,True,False,LOW,,urbansalon@icici,,False,False,upfront_fee
"KYC update ke liye Rs 1999 aaj hi pay karo, or the amount will be forfeited. PNB support 07257423675",KYC_SCAM,True,True,HIGH,+917257423675,,1999.0,True,True,urgency|kyc_credential
"I can pay ₹18,000 for the sofa set, pickup from your place. Share your UPI ID or I will pay cash on pickup.",MARKETPLACE_PAYMENT,True,False,LOW,,,18000.0,False,False,
Congratulations on the new job Ritu! Party when?,NON_PAYMENT,False,False,LOW,,,,False,False,reward|job
"Double your money scheme! Send ₹10,000 to refundteam@ybl and receive ₹50,000 by Monday. WhatsApp +91 69379 31363",INVESTMENT_SCAM,True,True,HIGH,+916937931363,refundteam@ybl,10000.0,False,True,investment
"attention: re-kyc required. transfer ₹5,999 to customer.care@okaxis and share the reference final notice. else your card will be permanently blocked. call 7637302355",KYC_SCAM,True,True,HIGH,+917637302355,customer.care@okaxis,5999.0,True,True,urgency|kyc_credential
"Manish, ₹2,000 chahiye college fees ke liye, joseph.sharma@okaxis pe bhej do please, agle hafte lauta dunga.",FRIEND_FAMILY_PAYMENT,True,False,LOW,,joseph.sharma@okaxis,2000.0,False,False,
Your repair at Deluxe Tailors is complete. Total ₹650. UPI: deluxetailor@axisbank. Collect anytime before 8 pm.,MERCHANT_PAYMENT,True,False,LOW,,deluxetailor@axisbank,650.0,False,False,
"SELLER HERE. CYCLE IS BOOKED FOR YOU. SEND RS. 2,000/- TOKEN AMOUNT TO VERIFY.NOW@AXL TODAY OTHERWISE ANOTHER BUYER WILL TAKE IT.",MARKETPLACE_PAYMENT,True,True,HIGH,,verify.now@axl,2000.0,True,True,upfront_fee|marketplace
Happy birthday Zoya! Have a great year ahead.,NON_PAYMENT,False,False,LOW,,,,False,False,
"Reached home safely, thanks for the ride!",NON_PAYMENT,False,False,LOW,,,,False,False,
"bank of baroda: cheque no. 322842 for ₹15,400 has been cleared.",BANK_REQUEST,True,False,LOW,,,15400.0,False,False,impersonation
"Data entry job offer, no experience needed. Registration ₹2,000 only, pay on task.fee@ybl. Salary ₹80,000.",JOB_SCAM,True,True,HIGH,,task.fee@ybl,80000.0,False,True,job
Your electricity connection will be cut within 2 hours. Pay pending bill INR 2000 to verify.now326@okaxis now. Officer 08221843230,IMPERSONATION,True,True,HIGH,+918221843230,verify.now326@okaxis,2000.0,True,True,urgency|impersonation
"Badhai ho! Aapne Big Bazaar lottery me ₹250,000 jeeta hai. Claim karne ke liye 99 task.fee@paytm pe before midnight bhejo.",PRIZE_SCAM,True,True,HIGH,,task.fee@paytm,250000.0,True,True,urgency|reward
"I am interested in your listing. I will pay ₹2,000, just scan this QR code I am sending to receive the money.",QR_SCAM,True,True,HIGH,,,2000.0,False,True,qr_link
"Paytm refund of ₹4,000 is stuck. To release it, first pay ₹499 verification to amit@oksbi jaldi.",REFUND_SCAM,True,True,HIGH,,amit@oksbi,499.0,True,True,urgency|kyc_credential|refund
hr team a leading mnc: your interview is cleared. send ₹499 for laptop courier to claimprize@axl. refundable with first salary.,JOB_SCAM,True,True,HIGH,,claimprize@axl,499.0,True,True,impersonation|job|marketplace
"beta, send 2k to divya32@ptsbi for the school fees, bhai will pay you back next week.",FRIEND_FAMILY_PAYMENT,True,False,LOW,,divya32@ptsbi,2000.0,False,False,
"Attention: Bhai maine Rs 5000 galat number pe bhej diya, tumhare pe aaya hai. within 2 hours karan@okhdfcbank pe return kar do please.",REFUND_SCAM,True,True,HIGH,,karan@okhdfcbank,5000.0,True,True,urgency
CRPF jawan urgent posting PS5 at 18k only Advance Rs 500 on karan94@ptaxis to block it,MARKETPLACE_PAYMENT,True,True,HIGH,,karan94@ptaxis,18000.0,True,True,urgency|upfront_fee
"Your number was selected for ₹50,000 reward. Send INR 499 GST charge to customer.care@axl asap, last chance.",PRIZE_SCAM,True,True,HIGH,,customer.care@axl,499.0,True,True,urgency|reward
YOUR REPAIR AT METRO CABS IS COMPLETE. TOTAL 480. UPI: METROCABS3@AXISBANK. COLLECT ANYTIME BEFORE 8 PM.,MERCHANT_PAYMENT,True,False,LOW,,metrocabs3@axisbank,,False,False,
Click reward-claim-ndk4a.link to verify your UPI and get INR 2000 credited. Enter PIN to confirm. Support 9507649397,QR_SCAM,True,True,HIGH,+919507649397,,2000.0,True,False,kyc_credential|qr_link
"Beta 5000 rupees bhej dena papa ke dawai ke liye amit@ptsbi, kal wapas kar dungi.",FRIEND_FAMILY_PAYMENT,True,False,LOW,,amit@ptsbi,5000.0,False,False,
"yes bank alert: ₹2,500 debited from a/c xx8340 for upi txn. if not you, call the number on the back of your card.",BANK_REQUEST,True,False,LOW,,,2500.0,False,False,impersonation
"Dear customer, Aapka SBI KYC expire ho gaya hai. 999 immediately to tradepro747@ybl bhejo or your number will be disconnected.",KYC_SCAM,True,True,HIGH,,tradepro747@ybl,,True,True,urgency|kyc_credential|impersonation
"Join our IPO allotment scheme. Pay ₹25,000 to npci.verify861@ybl and get confirmed allotment with 2x listing gain.",INVESTMENT_SCAM,True,True,HIGH,,npci.verify861@ybl,25000.0,True,False,
"invest ₹1,000 today and get ₹2,000 in 7 days, guaranteed returns. pay to courier.pay@okaxis. limited slots.",INVESTMENT_SCAM,True,True,HIGH,,courier.pay@okaxis,1000.0,True,False,investment
"Alert: I accidentally sent Rs. 1,500/- to your number by mistake. Please return it within 2 hours to lottery.claim@ybl.",REFUND_SCAM,True,True,HIGH,,lottery.claim@ybl,1500.0,True,False,urgency|refund
"Amazon scratch card: you won ₹500,000! Unlock by paying ₹1,999 to securebank@ibl within 2 hours.",PRIZE_SCAM,True,True,HIGH,,securebank@ibl,500000.0,True,True,urgency|reward|upfront_fee
Click cutt.ly/hswhm2r to verify your UPI and get 2000 credited. Enter PIN to confirm. Support 9776540234,QR_SCAM,True,True,HIGH,+919776540234,,,True,True,kyc_credential|qr_link
"FOR THE ROYAL ENFIELD, PAY FULL RS. 8,000/- TO SBI.KYC754@OKAXIS FIRST, DELIVERY WITHIN 2 DAYS VIA ARMY COURIER. NO INSPECTION POSSIBLE.",MARKETPLACE_PAYMENT,True,True,HIGH,,sbi.kyc754@okaxis,8000.0,True,False,marketplace
Wrong transfer alert: ₹1000 credited to you by error Reverse the amount right now to bankverify@oksbi or call +916698837161,REFUND_SCAM,True,True,HIGH,+916698837161,bankverify@oksbi,1000.0,True,True,urgency|refund
kal 7 baje gym aa raha hai kya?,NON_PAYMENT,False,False,LOW,,,,False,False,
"Data entry job offer, no experience needed. Registration ₹299 only, pay on quickloan445@ibl. Salary ₹50,000.",JOB_SCAM,True,True,HIGH,,quickloan445@ibl,50000.0,False,True,job
"HI MY SON SENT 3K TO YOUR UPI BY MISTAKE, HE IS CRYING. PLEASE SEND IT BACK IMMEDIATELY ON TANVI@APL. GOD BLESS YOU.",REFUND_SCAM,True,True,HIGH,,tanvi@apl,3000.0,True,True,urgency
Bill generated for Mahanagar Gas: 1890 rupees View and pay from the official app Ignore if already paid,BILL_PAYMENT,True,False,LOW,,,1890.0,False,False,impersonation
"Package FLP826016 out for delivery, expected by 9 pm.",NON_PAYMENT,False,False,LOW,,,,False,False,marketplace
"HR team a leading MNC: your interview is cleared. Send ₹2,500 for laptop courier to official.support@okaxis. Refundable with first salary.",JOB_SCAM,True,True,HIGH,,official.support@okaxis,2500.0,True,True,impersonation|job|marketplace
Join our IPO allotment scheme. Pay Rs 25000 to quickloan@upi and get confirmed allotment with 3x listing gain.,INVESTMENT_SCAM,True,True,HIGH,,quickloan@upi,25000.0,False,False,
"Hi Lakshmi, transferring 2000 for the groceries you got. Sending to lakshmi39@waaxis.",FRIEND_FAMILY_PAYMENT,True,False,LOW,,lakshmi39@waaxis,,False,False,
"Yaar can you transfer ₹1,200 for the gift for Priya? varunshr@paytm works. No rush.",PAYMENT_REQUEST,True,False,LOW,,varunshr@paytm,1200.0,False,False,reward
Beta 18k bhej dena papa ke dawai ke liye divyasingh@apl kal wapas kar dungi,FRIEND_FAMILY_PAYMENT,True,False,LOW,,divyasingh@apl,18000.0,True,False,
beta ₹18000 bhej dena papa ke dawai ke liye manishpatel@fbl kal wapas kar dungi,FRIEND_FAMILY_PAYMENT,True,False,LOW,,manishpatel@fbl,18000.0,True,False,
star mobile repair se order ready hai. rs 899 starmobilere@sbi pe pay kar dena ya cash de dena.,MERCHANT_PAYMENT,True,False,LOW,,starmobilere@sbi,899.0,False,False,
"Bank of Baroda alert: Rs. 5,600/- debited from a/c XX3543 for UPI txn. If not you, call the number on the back of your card.",BANK_REQUEST,True,False,LOW,,,5600.0,False,False,impersonation
Your repair at Green Grocers is complete. Total Rs. 120/-. UPI: greengrocers4@okbizaxis. Collect anytime before 8 pm.,MERCHANT_PAYMENT,True,False,LOW,,greengrocers4@okbizaxis,120.0,False,False,
"Badhai ho! Aapne Dream11 lottery me ₹100,000 jeeta hai. Claim karne ke liye 999 rupees kyc.support124@paytm pe within 24 hours bhejo.",PRIZE_SCAM,True,True,HIGH,,kyc.support124@paytm,100000.0,True,True,urgency|reward
"Hi Rs. 200/- de dena the concert tickets ke liye, amit.patel@okicici",PAYMENT_REQUEST,True,False,LOW,,amit.patel@okicici,200.0,False,False,
"You have received ₹5,000 cashback from IPL. Pay INR 499 activation charge to bill.desk@okaxis to receive it urgently.",PRIZE_SCAM,True,True,HIGH,,bill.desk@okaxis,499.0,True,True,urgency|reward
Hey This is Kiran from Paytm support A wrong transfer of ₹1000 was made to you Refund to rewardclaim827@axl last chance to avoid account freeze,REFUND_SCAM,True,True,HIGH,,rewardclaim827@axl,1000.0,True,True,urgency|refund
"Pay Rs. 2,000/- within 1 hour to harsh78@upi warna account block ho jayega. This is the last reminder.",URGENCY_PAYMENT,True,True,HIGH,,harsh78@upi,2000.0,True,False,urgency
"Dude reminder, ₹1,000 pending for the trek booking. priya.patel@ptsbi or cash, whatever is easy.",PAYMENT_REQUEST,True,False,LOW,,priya.patel@ptsbi,1000.0,False,False,
Happy birthday Rohan! Have a great year ahead.,NON_PAYMENT,False,False,LOW,,,,False,False,
"arre reminder, ₹1,000 pending for the uber. nisha45@fbl or cash, whatever is easy.",PAYMENT_REQUEST,True,False,LOW,,nisha45@fbl,1000.0,False,False,
Reminder: Tata Power bill ₹799 due 27 Jun. Pay through Paytm bill payments section.,BILL_PAYMENT,True,False,LOW,,,799.0,False,False,
Your subscription payment failed. Pay 3000 to aditya.singh@oksbi jaldi or services will be deactivated.,URGENCY_PAYMENT,True,True,HIGH,,aditya.singh@oksbi,,True,True,urgency
"Delhi Jal Board ka bill 799 rupees aaya hai, 4 Jul tak bhar dena app se.",BILL_PAYMENT,True,False,LOW,,,799.0,False,False,
"Package FLP689007 out for delivery, expected by 7 pm.",NON_PAYMENT,False,False,LOW,,,,False,False,marketplace
landlord said the plumber will come at 14:00 tomorrow.,NON_PAYMENT,False,False,LOW,,,,False,False,
"You have received Rs. 500,000/- cashback from Big Bazaar. Pay 499 activation charge to verifybank@okaxis to receive it urgently.",PRIZE_SCAM,True,True,HIGH,,verifybank@okaxis,500000.0,True,True,urgency|reward
"your number was selected for ₹250,000 reward. send ₹1,499 gst charge to verifybank@axl final notice, last chance.",PRIZE_SCAM,True,True,HIGH,,verifybank@axl,1499.0,True,True,urgency|reward
Reminder: Adani Gas bill 399 due 10 Apr. Pay through Paytm bill payments section.,BILL_PAYMENT,True,False,LOW,,,,False,False,
"Hello Rahul here, 100 rupees for movie tickets bhej do bhai. rahulman@ybl",PAYMENT_REQUEST,True,False,LOW,,rahulman@ybl,100.0,False,False,
Hi can you transfer INR 100 for the Uber? anjali@ptaxis works. No rush.,PAYMENT_REQUEST,True,False,LOW,,anjali@ptaxis,100.0,False,False,
Royal Bakery: admission deposit of 1000 rupees for patient Rajesh M is due today so the admission can be completed. Pay at the billing counter or to UPI royalbakery@sbi. Receipt will be issued.,MERCHANT_PAYMENT,True,False,LOW,,royalbakery@sbi,1000.0,False,False,
"Recharge reminder: your ACT Fibernet plan expires on 10 Oct. Recharge ₹1,890 from the app to continue.",BILL_PAYMENT,True,False,LOW,,,1890.0,False,False,kyc_credential
Stock market expert here. Minimum deposit INR 1000 to lottery.claim@paytm. Assured 20% weekly return.,INVESTMENT_SCAM,True,True,HIGH,,lottery.claim@paytm,1000.0,True,False,
"Buyer here from OLX. Sending a payment request of Rs. 2,000/- on PhonePe, please accept and enter PIN to receive.",QR_SCAM,True,True,HIGH,,,2000.0,False,False,kyc_credential|marketplace
"Payment of ₹2,460 received for MSEDCL bill. Receipt no. 67211957.",BILL_PAYMENT,True,False,LOW,,,2460.0,False,False,
"₹1,000 before midnight bill.desk@upi pe bhejo or your account will be blocked, warna problem ho jayegi.",URGENCY_PAYMENT,True,True,HIGH,,bill.desk@upi,1000.0,True,True,urgency|kyc_credential
"Congratulations, you are selected for a work from home job at Infosys. Salary 80000/month. Pay registration fee ₹199 to electricity.pay139@ibl to confirm.",JOB_SCAM,True,True,HIGH,,electricity.pay139@ibl,199.0,True,True,reward|upfront_fee|job
"my new number is +91 95649 15795, save it.",NON_PAYMENT,False,False,LOW,+919564915795,,,False,False,impersonation
"Axis Bank: your fixed deposit of ₹89,000 matures on 8th. Visit the branch or use net banking to renew.",BANK_REQUEST,True,False,LOW,,,89000.0,False,False,impersonation
"Bill generated for Adani Gas: ₹3,120. View and pay from the official app. Ignore if already paid.",BILL_PAYMENT,True,False,LOW,,,3120.0,False,False,impersonation
Deal final at 1500 rupees for the camera. I will pay when I pick it up on Sunday. My UPI is kavya@okaxis if you need to refund anything.,MARKETPLACE_PAYMENT,True,False,LOW,,kavya@okaxis,1500.0,False,False,refund
Customer care GPay: your account shows suspicious activity Transfer Rs 10000 to verification account jobportalfee85@axl abhi,IMPERSONATION,True,True,HIGH,,jobportalfee85@axl,10000.0,True,True,urgency|kyc_credential|impersonation
Dear account holder your Bank of Baroda KYC expires today Pay ₹1499 verification fee aaj hi to electricitypay@paytm or your account will be blocked call +91 96857 41102,KYC_SCAM,True,True,HIGH,+919685741102,electricitypay@paytm,1499.0,True,True,urgency|kyc_credential|impersonation|upfront_fee
Om Sweets: advance of Rs 1200 for the booking is due by 23th. Pay to omsweets9@sbi or at the desk. GST invoice will follow.,MERCHANT_PAYMENT,True,False,LOW,,omsweets9@sbi,1200.0,False,False,upfront_fee
"Your Adani Gas broadband plan renews on 24 Mar. Amount ₹3,120. Auto-pay is enabled, no action needed.",BILL_PAYMENT,True,False,LOW,,,3120.0,False,False,
ACT Fibernet ka bill 399 rupees aaya hai 12 Jan tak bhar dena app se,BILL_PAYMENT,True,False,LOW,,,399.0,False,False,
"lucky customer! ₹25,000 bonus credited pending. transfer ₹999 to lottery.claim188@ibl for release before midnight. contact 8672405552",PRIZE_SCAM,True,True,HIGH,+918672405552,lottery.claim188@ibl,999.0,True,True,urgency|reward
"To receive your refund of ₹2,000, scan the QR code and enter your UPI PIN. Link: bit.ly/64na2",QR_SCAM,True,True,HIGH,,,2000.0,False,False,kyc_credential|refund|qr_link
"gift voucher worth ₹100,000 approved for you. pay delivery charge ₹1,999 on hrdesk@upi urgently.",PRIZE_SCAM,True,True,HIGH,,hrdesk@upi,1999.0,True,True,urgency|reward|upfront_fee|marketplace
Bill generated for MSEDCL: ₹649. View and pay from the official app. Ignore if already paid.,BILL_PAYMENT,True,False,LOW,,,649.0,False,False,impersonation
"Dear valued customer, galti se Rs 2000 aapke account me chala gaya. Please final notice wapas bhej do task.fee@upi pe.",REFUND_SCAM,True,True,HIGH,,task.fee@upi,2000.0,True,True,urgency|refund|impersonation
"To receive your refund of 1000, scan the QR code and enter your UPI PIN. Link: tinyurl.com/imbi",QR_SCAM,True,True,HIGH,,,,False,False,kyc_credential|refund|qr_link
send me the notes for chapter 6 when you get a chance.,NON_PAYMENT,False,False,LOW,,,,False,False,
"bro ananya here, rs. 150/- for the netflix split bhej do bhai. ananyaadi@waaxis",PAYMENT_REQUEST,True,False,LOW,,ananyaadi@waaxis,150.0,False,False,
"Sneha, INR 1000 for Mummy's medicines. My UPI ayesha.patel@upi or call me 9284540182",FRIEND_FAMILY_PAYMENT,True,False,LOW,+919284540182,ayesha.patel@upi,1000.0,True,False,
"need ₹10,000 for the flight change today, please send to naveen@paytm and i'll settle when back.",FRIEND_FAMILY_PAYMENT,True,False,LOW,,naveen@paytm,10000.0,True,False,
"MSEDCL ka bill 1340 aaya hai, 12 Nov tak bhar dena app se.",BILL_PAYMENT,True,False,LOW,,,,False,False,
"alert: bhai maine ₹3,000 galat number pe bhej diya, tumhare pe aaya hai. within 1 hour sanjaydee@okaxis pe return kar do please.",REFUND_SCAM,True,True,HIGH,,sanjaydee@okaxis,3000.0,True,False,urgency
"Main the director bol raha hoon. Meeting me hoon, 25000 rupees turant sbi.kyc@okaxis pe bhej do, vendor wait kar raha hai.",IMPERSONATION,True,True,HIGH,,sbi.kyc@okaxis,25000.0,True,True,urgency
"Sai Electricals monthly subscription of ₹1,200 is due on 16th. Pay to saielectrica6@paytmqr at your convenience.",MERCHANT_PAYMENT,True,False,LOW,,saielectrica6@paytmqr,1200.0,False,False,
"Hi, saw your OLX ad for the iPhone 13. Can I come and check it tomorrow? If ok I will pay Rs 2500 on GPay after seeing it.",MARKETPLACE_PAYMENT,True,False,LOW,,,2500.0,False,False,marketplace
"Pay ₹5,000 asap to bill.desk@paytm nahi toh account band ho jayega. This is the last reminder.",URGENCY_PAYMENT,True,True,HIGH,,bill.desk@paytm,5000.0,True,True,urgency
"Attention: PAN-Aadhaar link pending for your HDFC Bank account. Pay ₹1,499 processing charge to jobportal.fee@ybl asap or your account will be blocked.",KYC_SCAM,True,True,HIGH,,jobportal.fee@ybl,1499.0,True,True,urgency|kyc_credential|impersonation|upfront_fee|qr_link
"Deal final at Rs. 25,000/- for the iPhone 13. I will pay when I pick it up on Sunday. My UPI is karan@ibl if you need to refund anything.",MARKETPLACE_PAYMENT,True,False,LOW,,karan@ibl,25000.0,False,False,refund
"I can pay Rs. 12,000/- for the study table, pickup from your place. Share your UPI ID or I will pay cash on pickup.",MARKETPLACE_PAYMENT,True,False,LOW,,,12000.0,False,False,
Fresh Basket se order ready hai. ₹899 freshbasket@hdfcbank pe pay kar dena ya cash de dena.,MERCHANT_PAYMENT,True,False,LOW,,freshbasket@hdfcbank,899.0,False,False,
"dear account holder, your account has been put on hold due to incomplete kyc. pay ₹2,499 to kyc.support122@okaxis turant to restore access.",KYC_SCAM,True,True,HIGH,,kyc.support122@okaxis,2499.0,True,True,urgency|kyc_credential
did you finish the assignment? question 22 was tough.,NON_PAYMENT,False,False,LOW,,,,False,False,
this is a police officer. a parcel in your name contains illegal items. pay 2000 rupees penalty within 2 hours to reward.claim@ibl to avoid arrest.,IMPERSONATION,True,True,HIGH,,reward.claim@ibl,2000.0,True,True,urgency|impersonation|marketplace
"ICICI Bank customer, your net banking will be suspended asap. Pay verification amount Rs 1499 to securebank@ibl warna account block ho jayega.",KYC_SCAM,True,True,HIGH,,securebank@ibl,1499.0,True,True,urgency|kyc_credential|impersonation
"Double your money scheme! Send 2k to hdfc.verify@oksbi and receive Rs. 10,000/- by Monday. WhatsApp 9172131451",INVESTMENT_SCAM,True,True,HIGH,+919172131451,hdfc.verify@oksbi,2000.0,False,False,investment
Your Kotak Bank debit card will be blocked within 2 hours. To keep it active pay Rs 1499 KYC charge to urgentkyc@ybl. Helpline 9695953410,KYC_SCAM,True,True,HIGH,+919695953410,urgentkyc@ybl,1499000.0,True,True,urgency|kyc_credential|impersonation
HR team a leading MNC: your interview is cleared Send 299 for laptop courier to verifynow812@ibl Refundable with first salary,JOB_SCAM,True,True,HIGH,,verifynow812@ibl,,False,True,impersonation|job|marketplace
"Need ₹1,500 for the flight change today, please send to shreya@waaxis and I'll settle when back.",FRIEND_FAMILY_PAYMENT,True,False,LOW,,shreya@waaxis,1500.0,True,False,
Metro Cabs: admission deposit of ₹480 for patient Arjun M is due today so the admission can be completed. Pay at the billing counter or to UPI metrocabs@icici. Receipt will be issued.,MERCHANT_PAYMENT,True,False,LOW,,metrocabs@icici,480.0,False,False,
Oye I accidentally sent 10k to your number by mistake. Please return it immediately to npci.verify@upi.,REFUND_SCAM,True,True,HIGH,,npci.verify@upi,10000.0,True,False,urgency|refund
"you have received ₹50,000 cashback from big bazaar. pay 199 activation charge to tradepro336@upi to receive it last chance.",PRIZE_SCAM,True,True,HIGH,,tradepro336@upi,50000.0,True,True,urgency|reward
Click reward-claim-w60t3a.link to verify your UPI and get 2000 rupees credited. Enter PIN to confirm. Support 09724460040,QR_SCAM,True,True,HIGH,+919724460040,,2000.0,False,False,kyc_credential|qr_link
"I can pay ₹25,000 for the camera, pickup from your place. Share your UPI ID or I will pay cash on pickup.",MARKETPLACE_PAYMENT,True,False,LOW,,,25000.0,False,False,
"Dear customer, galti se Rs 4000 aapke account me chala gaya. Please last chance wapas bhej do refundteam@oksbi pe.",REFUND_SCAM,True,True,HIGH,,refundteam@oksbi,4000.0,True,False,urgency|refund|impersonation
"Payment for the PS5 done, ₹40,000 via BHIM to deepak42@ibl. Please share the invoice.",MARKETPLACE_PAYMENT,True,False,LOW,,deepak42@ibl,40000.0,False,False,
Fresh Basket: admission deposit of 12800 rupees for patient Simran K is due today so the admission can be completed Pay at the billing counter or to UPI freshbasket5@axisbank Receipt will be issued,MERCHANT_PAYMENT,True,False,LOW,,freshbasket5@axisbank,12800.0,False,False,
I am army officer posted in cantonment cannot meet Pay 500 rupees advance to vikrampatel@waaxis and my courier will deliver the Royal Enfield,MARKETPLACE_PAYMENT,True,True,HIGH,,vikrampatel@waaxis,500.0,True,False,impersonation|upfront_fee|marketplace
"Congratulations! You have won ₹5,000 in the PhonePe lucky draw. Pay Rs. 999/- processing fee to quickloan@ybl within 1 hour to claim.",PRIZE_SCAM,True,True,HIGH,,quickloan@ybl,999.0,True,True,urgency|reward|upfront_fee
Congratulations you are selected for a work from home job at Wipro Salary Rs 15000/month Pay registration fee Rs 1500/- to kycsupport@oksbi to confirm,JOB_SCAM,True,True,HIGH,,kycsupport@oksbi,1500.0,True,True,reward|upfront_fee|job
"I am army officer posted in cantonment, cannot meet. Pay Rs. 500/- advance to shreya31@waaxis and my courier will deliver the Activa scooter.",MARKETPLACE_PAYMENT,True,True,HIGH,,shreya31@waaxis,500.0,True,False,impersonation|upfront_fee|marketplace
"Crypto trading tips group: deposit 10000 rupees to cashback.claim@upi and earn daily profit of Rs. 5,000/-. 100% safe.",INVESTMENT_SCAM,True,True,HIGH,,cashback.claim@upi,10000.0,True,False,investment|job
Click cuttly/dzto1 to verify your UPI and get ₹10000 credited Enter PIN to confirm Support 7242415415,QR_SCAM,True,True,HIGH,+917242415415,,10000.0,False,True,kyc_credential|qr_link
"beta, send ₹5,000 to suresh@fbl for the school fees, farhan will pay you back next week.",FRIEND_FAMILY_PAYMENT,True,False,LOW,,suresh@fbl,5000.0,True,False,
Alert: your account has been put on hold due to incomplete KYC Pay ₹2499 to verifybank@paytm before midnight to restore access,KYC_SCAM,True,True,HIGH,,verifybank@paytm,2499.0,True,True,urgency|kyc_credential
hey it's manish using a friend's phone stuck at the airport need ₹2000 within 24 hours on karanpoo@ybl please yaar,IMPERSONATION,True,True,HIGH,,karanpoo@ybl,2000.0,True,True,urgency|impersonation
Bill generated for Vi: ₹299. View and pay from the official app. Ignore if already paid.,BILL_PAYMENT,True,False,LOW,,,299.0,False,False,impersonation
Did you finish the assignment? Question 38 was tough.,NON_PAYMENT,False,False,LOW,,,,False,False,
"Seller here. PS5 is booked for you. Send ₹1,000 token amount to sneha@fbl today otherwise another buyer will take it.",MARKETPLACE_PAYMENT,True,True,HIGH,,sneha@fbl,1000.0,True,True,upfront_fee|marketplace
Click cuttly/syev to verify your UPI and get ₹5000 credited Enter PIN to confirm Support 8447082317,QR_SCAM,True,True,HIGH,+918447082317,,5000.0,False,True,kyc_credential|qr_link
"CRPF jawan, urgent posting. iPhone 13 at Rs 2500 only. Advance ₹3,000 on jobportal.fee@ybl to block it.",MARKETPLACE_PAYMENT,True,True,HIGH,,jobportal.fee@ybl,2500.0,True,True,urgency|upfront_fee
"Hello reminder, ₹750 pending for the Uber. nikhil@paytm or cash, whatever is easy.",PAYMENT_REQUEST,True,False,LOW,,nikhil@paytm,750.0,False,False,
"Install this app reward-claim-y5sq.link and share the screen to receive ₹5,000 cashback instantly.",QR_SCAM,True,True,HIGH,,,5000.0,True,False,reward|qr_link
"Bank of Baroda: auto-debit of Rs. 15,400/- for your SIP will be attempted on 6th. Please keep sufficient balance.",BANK_REQUEST,True,False,LOW,,,15400.0,False,False,impersonation
"Royal Bakery: table booked. A deposit of Rs 250 to royalbakery@hdfcbank confirms the booking, adjustable against the bill.",MERCHANT_PAYMENT,True,False,LOW,,royalbakery@hdfcbank,250.0,False,False,
"ICICI Bank ALERT: KYC not updated. Send ₹4,999 to securebank548@ybl right now to re-activate your account.",KYC_SCAM,True,True,HIGH,,securebank548@ybl,4999.0,True,True,urgency|kyc_credential|impersonation
"YAAR REMINDER, ₹100 PENDING FOR GOA TRIP. HARSHNAV@FBL OR CASH, WHATEVER IS EASY.",PAYMENT_REQUEST,True,False,LOW,,harshnav@fbl,100.0,False,False,
"scored a hat-trick yesterday, 32 runs too!",NON_PAYMENT,False,False,LOW,,,,False,False,
"dear user, your account has been put on hold due to incomplete kyc. pay ₹1,499 to refundteam@okaxis last chance to restore access.",KYC_SCAM,True,True,HIGH,,refundteam@okaxis,1499.0,True,True,urgency|kyc_credential|impersonation
landlord said the plumber will come at 12:00 tomorrow.,NON_PAYMENT,False,False,LOW,,,,False,False,
"Dear account holder, This is Lakshmi from BHIM support. A wrong transfer of Rs 2000 was made to you. Refund to naveen@oksbi urgently to avoid account freeze.",REFUND_SCAM,True,True,HIGH,,naveen@oksbi,2000.0,True,True,urgency|refund
"Oye This is Harsh from GPay support. A wrong transfer of ₹7,500 was made to you. Refund to shreya@ybl within 24 hours to avoid account freeze.",REFUND_SCAM,True,True,HIGH,,shreya@ybl,7500.0,True,True,urgency|refund
Bro the Netflix password changed ask Ayesha,NON_PAYMENT,False,False,LOW,,,,False,False,
"THANKS FOR THE WASHING MACHINE! SENT ₹12,000 TO PRIYA.SHARMA@OKAXIS JUST NOW, PLEASE CHECK AND CONFIRM.",MARKETPLACE_PAYMENT,True,False,LOW,,priya.sharma@okaxis,12000.0,False,False,
"IDFC First: auto-debit of ₹1,250 for your SIP will be attempted on 3th. Please keep sufficient balance.",BANK_REQUEST,True,False,LOW,,,1250.0,False,False,
"Hi da I accidentally sent Rs. 2,000/- to your number by mistake. Please return it before midnight to kavyarit@upi.",REFUND_SCAM,True,True,HIGH,,kavyarit@upi,2000.0,True,True,urgency|refund
"I can pay ₹25,000 for the Activa scooter, pickup from your place. Share your UPI ID or I will pay cash on pickup.",MARKETPLACE_PAYMENT,True,False,LOW,,,25000.0,False,False,
"Beta, this is your papa's friend. Papa is in hospital, send Rs 15000 immediately to tradepro@ibl for the admission.",IMPERSONATION,True,True,HIGH,,tradepro@ibl,15000.0,True,True,urgency
"cycle ke liye ₹25,000 theek hai. Kal aake dekh ke pay kar dunga, cash ya UPI dono chalega.",MARKETPLACE_PAYMENT,True,False,LOW,,,25000.0,False,False,
attention: your sim will be blocked by trai abhi. pay 8000 to priyahar@oksbi to continue services. call 93607-76336,IMPERSONATION,True,True,HIGH,+919360776336,priyahar@oksbi,,True,True,urgency|impersonation
Gift voucher worth 100000 approved for you. Pay delivery charge ₹299 on verifybank@upi jaldi.,PRIZE_SCAM,True,True,HIGH,,verifybank@upi,299.0,True,True,urgency|reward|upfront_fee|marketplace
"Crypto trading tips group: deposit Rs. 10,000/- to courier.pay@ybl and earn daily profit of ₹2,000. 100% safe.",INVESTMENT_SCAM,True,True,HIGH,,courier.pay@ybl,10000.0,False,False,investment|job
Bro send ₹400 for Goa trip. UPI: meera.patel@ybl,PAYMENT_REQUEST,True,False,LOW,,meera.patel@ybl,400.0,False,False,
"Your repair at Star Mobile Repair is complete. Total ₹3,200. UPI: starmobilere@hdfcbank. Collect anytime before 8 pm.",MERCHANT_PAYMENT,True,False,LOW,,starmobilere@hdfcbank,3200.0,False,False,
"PNB alert: Rs 8900 debited from a/c XX6505 for UPI txn. If not you, call the number on the back of your card.",BANK_REQUEST,True,False,LOW,,,8900.0,False,False,
Refund team here Your cashback of 2500 is pending Send 249 processing fee to securebank@axl within 24 hours,REFUND_SCAM,True,True,HIGH,,securebank@axl,,True,False,urgency|reward|refund|upfront_fee
Part time job: earn INR 2500 per day by liking videos. Pay ₹499 security deposit to urgentkyc266@axl to start.,JOB_SCAM,True,True,HIGH,,urgentkyc266@axl,499.0,False,True,upfront_fee|job
"Lakeview Hospital monthly subscription of ₹4,500 is due on 17th. Pay to lakeviewhosp3@upi at your convenience.",MERCHANT_PAYMENT,True,False,LOW,,lakeviewhosp3@upi,4500.0,False,False,
"Sent 18000 rupees for Diwali shopping to ritu@upi, check and tell me if received.",FRIEND_FAMILY_PAYMENT,True,False,LOW,,ritu@upi,18000.0,False,False,
"STOCK MARKET EXPERT HERE. MINIMUM DEPOSIT ₹10,000 TO CUSTOMER.CARE@IBL. ASSURED 50% WEEKLY RETURN.",INVESTMENT_SCAM,True,True,HIGH,,customer.care@ibl,10000.0,False,False,
Deal final at ₹12000 for the Activa scooter I will pay when I pick it up on Sunday My UPI is deepak@ybl if you need to refund anything,MARKETPLACE_PAYMENT,True,False,LOW,,deepak@ybl,12000.0,False,False,refund
"I went to the Yes Bank branch today for KYC, took 10 minutes only.",NON_PAYMENT,False,False,LOW,,,,False,False,kyc_credential|impersonation
Lucky customer! 500000 rupees bonus credited pending. Transfer ₹499 to hrdesk@ibl for release turant. Contact 7930557797,PRIZE_SCAM,True,True,HIGH,+917930557797,hrdesk@ibl,499.0,True,True,urgency|reward
Loan EMI overdue. Pay 3000 immediately to bank.verify213@paytm or your account will be blocked. Recovery agent will visit.,URGENCY_PAYMENT,True,True,HIGH,,bank.verify213@paytm,,True,False,urgency|kyc_credential
"Your BESCOM broadband plan renews on 12 Sep. Amount 399. Auto-pay is enabled, no action needed.",BILL_PAYMENT,True,False,LOW,,,,False,False,
"Harsh bhai, 500 for the train tickets, naveen.singh@waaxis pe bhej do. Thanks!",FRIEND_FAMILY_PAYMENT,True,False,LOW,,naveen.singh@waaxis,,False,False,
"Click reward-claim-hiaox.link to verify your UPI and get ₹5,000 credited. Enter PIN to confirm. Support 90237-12506",QR_SCAM,True,True,HIGH,+919023712506,,5000.0,False,False,kyc_credential|qr_link
Invoice #7428 from Lakeview Hospital for ₹1200 UPI ID lakeviewhosp@axisbank Please share screenshot after payment,MERCHANT_PAYMENT,True,False,LOW,,lakeviewhosp@axisbank,1200.0,False,False,
payment of 399 received for jio bill. receipt no. 36757737.,BILL_PAYMENT,True,False,LOW,,,,False,False,
"Beta, this is your mummy's friend. Mummy is in hospital, send 10000 rupees turant to bank.verify451@okaxis for the admission.",IMPERSONATION,True,True,HIGH,,bank.verify451@okaxis,10000.0,True,True,urgency
Can you pick up 18 kg of rice on the way back?,NON_PAYMENT,False,False,LOW,,,,False,False,
"Loan EMI overdue. Pay ₹1,500 before midnight to refund.desk@axl warna account block ho jayega. Recovery agent will visit.",URGENCY_PAYMENT,True,True,HIGH,,refund.desk@axl,1500.0,True,False,urgency
"farhan is joining us for lunch, table for 6.",NON_PAYMENT,False,False,LOW,,,,False,False,
"Mahanagar Gas ka bill ₹1,890 aaya hai, 1 Jul tak bhar dena app se.",BILL_PAYMENT,True,False,LOW,,,1890.0,False,False,
"Hello Bhai maine ₹4,000 galat number pe bhej diya, tumhare pe aaya hai. asap verify.now@upi pe return kar do please.",REFUND_SCAM,True,True,HIGH,,verify.now@upi,4000.0,True,False,urgency
your sbi debit card will be blocked within 1 hour. to keep it active pay ₹499 kyc charge to verify.now@axl. helpline +91 70848 87256,KYC_SCAM,True,True,HIGH,+917084887256,verify.now@axl,499000.0,True,True,urgency|kyc_credential|impersonation
ICICI Bank: EMI of 8900 rupees for loan a/c ending 4994 is due on 17th. Maintain sufficient balance. Do not share OTP with anyone.,BANK_REQUEST,True,False,LOW,,,8900.0,False,False,kyc_credential|impersonation
your subscription payment failed pay 1000 rupees to varun@apl final notice else your card will be permanently blocked,URGENCY_PAYMENT,True,True,HIGH,,varun@apl,1000.0,True,True,urgency
Stock market expert here. Minimum deposit 25000 rupees to verify.now328@paytm. Assured 50% weekly return.,INVESTMENT_SCAM,True,True,HIGH,,verify.now328@paytm,25000.0,True,True,
Hey can you transfer ₹600 for last night's drinks? anjalisharma@ptaxis works No rush,PAYMENT_REQUEST,True,False,LOW,,anjalisharma@ptaxis,600.0,False,False,
"Attention: my son sent Rs 1500 to your UPI by mistake, he is crying. Please send it back last chance on lottery.claim292@ibl. God bless you.",REFUND_SCAM,True,True,HIGH,,lottery.claim292@ibl,1500.0,True,False,urgency
"Ghar baithe kaam, roz ₹1,750 kamao. Joining ke liye ₹1,500 customer.care279@paytm pe bhejo. Call 6529653704",JOB_SCAM,True,True,HIGH,+916529653704,customer.care279@paytm,1750000.0,True,True,
THANKS FOR THE LAPTOP! SENT RS 6000/- TO MEERA@PTAXIS JUST NOW PLEASE CHECK AND CONFIRM,MARKETPLACE_PAYMENT,True,False,LOW,,meera@ptaxis,6000.0,False,False,
"HDFC Bank: your fixed deposit of ₹154,000 matures on 14th. Visit the branch or use net banking to renew.",BANK_REQUEST,True,False,LOW,,,154000.0,False,False,impersonation
"Need 8k for the flight change today, please send to rahul.sharma@upi and I'll settle when back.",FRIEND_FAMILY_PAYMENT,True,False,LOW,,rahul.sharma@upi,8000.0,True,False,
"I can pay ₹40,000 for the laptop, pickup from your place. Share your UPI ID or I will pay cash on pickup.",MARKETPLACE_PAYMENT,True,False,LOW,,,40000.0,False,False,
"Your delivery is on hold. Pay ₹1,500 customs charge to kycupdate@paytm asap or the parcel will be returned.",URGENCY_PAYMENT,True,True,HIGH,,kycupdate@paytm,1500.0,True,False,urgency|impersonation|marketplace
BILL GENERATED FOR BWSSB: RS 1890. VIEW AND PAY FROM THE OFFICIAL APP. IGNORE IF ALREADY PAID.,BILL_PAYMENT,True,False,LOW,,,1890.0,False,False,impersonation
dear winner your kbc prize of inr 25000 is ready registration fee 99 to courierpay@paytm call +919595197439 aaj hi,PRIZE_SCAM,True,True,HIGH,+919595197439,courierpay@paytm,25000.0,True,True,urgency|reward|upfront_fee|job
"Send ₹5,000 asap to varun80@ptaxis. Time limit 30 minutes. nahi toh account band ho jayega.",URGENCY_PAYMENT,True,True,HIGH,,varun80@ptaxis,5000.0,True,False,urgency
"study table ke liye ₹4,000 theek hai. Kal aake dekh ke pay kar dunga, cash ya UPI dono chalega.",MARKETPLACE_PAYMENT,True,False,LOW,,,4000.0,False,False,
Blue Dart: admission deposit of 12800 for patient Varun R is due today so the admission can be completed Pay at the billing counter or to UPI bluedart7@hdfcbank Receipt will be issued,MERCHANT_PAYMENT,True,False,LOW,,bluedart7@hdfcbank,,False,False,
"laptop ke liye ₹25,000 theek hai. kal aake dekh ke pay kar dunga, cash ya upi dono chalega.",MARKETPLACE_PAYMENT,True,False,LOW,,,25000.0,False,False,
Your resume is shortlisted at TCS. Document verification fee Rs 2500 payable to courier.pay202@ybl within 24 hours.,JOB_SCAM,True,True,HIGH,,courier.pay202@ybl,2500.0,False,True,urgency|kyc_credential|upfront_fee
"PS5 ke liye 25000 rupees theek hai. Kal aake dekh ke pay kar dunga, cash ya UPI dono chalega.",MARKETPLACE_PAYMENT,True,False,LOW,,,25000.0,False,False,
send ₹600 for the Netflix split to farhandee@okaxis,PAYMENT_REQUEST,True,False,LOW,,farhandee@okaxis,600.0,False,False,
"Dear customer, Update your Aadhaar with Bank of Baroda by paying ₹2,499 to hdfc.verify159@ybl. Link expires urgently.",KYC_SCAM,True,True,HIGH,,hdfc.verify159@ybl,2499.0,True,True,urgency|kyc_credential|impersonation|qr_link
Alert: your PNB KYC expires today. Pay Rs 2999 verification fee abhi to rewards.claim@oksbi else your card will be permanently blocked.,KYC_SCAM,True,True,HIGH,,rewards.claim@oksbi,2999.0,True,True,urgency|kyc_credential|upfront_fee
Seller here washing machine is booked for you Send ₹1000 token amount to varun@ybl today otherwise another buyer will take it,MARKETPLACE_PAYMENT,True,True,HIGH,,varun@ybl,1000.0,True,True,upfront_fee|marketplace
Send me the notes for chapter 2 when you get a chance.,NON_PAYMENT,False,False,LOW,,,,False,False,
"Your number was selected for Rs. 250,000/- reward. Send ₹499 GST charge to verify.now@upi right now, last chance.",PRIZE_SCAM,True,True,HIGH,,verify.now@upi,499.0,True,True,urgency|reward
Lucky customer! 250k bonus credited pending. Transfer ₹999 to electricity.pay@ibl for release within 24 hours. Contact +918443106987,PRIZE_SCAM,True,True,HIGH,+918443106987,electricity.pay@ibl,999.0,True,True,urgency|reward
"Beta, this is your papa's friend. Papa is in hospital, send INR 15000 right now to anjali.singh@ptsbi for the admission.",IMPERSONATION,True,True,HIGH,,anjali.singh@ptsbi,15000.0,True,True,urgency
"Meeting moved to 1:00 tomorrow, room 153.",NON_PAYMENT,False,False,LOW,,,,False,False,
"Bill generated for BWSSB: ₹1,340. View and pay from the official app. Ignore if already paid.",BILL_PAYMENT,True,False,LOW,,,1340.0,False,False,impersonation
Your delivery is on hold. Pay ₹500 customs charge to ritu.patel@ptsbi turant or the parcel will be returned.,URGENCY_PAYMENT,True,True,HIGH,,ritu.patel@ptsbi,500.0,True,False,urgency|impersonation|marketplace
Your repair at Metro Cabs is complete. Total ₹120. UPI: metrocabs@axisbank. Collect anytime before 8 pm.,MERCHANT_PAYMENT,True,False,LOW,,metrocabs@axisbank,120.0,False,False,
Loan EMI overdue. Pay 1500 asap to verifybank@axl otherwise your account will be suspended. Recovery agent will visit.,URGENCY_PAYMENT,True,True,HIGH,,verifybank@axl,,True,False,urgency
"Hey it's Divya, using a friend's phone. Stuck at the airport, need Rs. 25,000/- last chance on tanvi@okaxis. Please yaar.",IMPERSONATION,True,True,HIGH,,tanvi@okaxis,25000.0,True,True,urgency|impersonation
"Axis Bank: auto-debit of Rs. 4,300/- for your SIP will be attempted on 2th. Please keep sufficient balance.",BANK_REQUEST,True,False,LOW,,,4300.0,False,False,impersonation
"split for Goa trip came to ₹2,000 each. Send to vikramnis@fbl when you can.",PAYMENT_REQUEST,True,False,LOW,,vikramnis@fbl,2000.0,False,False,
"Forex signals: first 10 members get Rs 6000 on ₹2,000. Transfer to quickloan@oksbi now.",INVESTMENT_SCAM,True,True,HIGH,,quickloan@oksbi,6000.0,True,False,
Your SIM will be blocked by TRAI abhi. Pay 2000 to pooja.iyer@fbl to continue services. Call 8440809958,IMPERSONATION,True,True,HIGH,+918440809958,pooja.iyer@fbl,,True,True,urgency|impersonation
BRO THIS IS KAVYA FROM AMAZON PAY SUPPORT. A WRONG TRANSFER OF RS 2500 WAS MADE TO YOU. REFUND TO BANK.VERIFY@UPI TODAY ONLY TO AVOID ACCOUNT FREEZE.,REFUND_SCAM,True,True,HIGH,,bank.verify@upi,2500.0,True,True,urgency|refund
"Payment received, ₹2,350 from you at Blue Dart. Thank you, visit again!",MERCHANT_PAYMENT,True,False,LOW,,,2350.0,False,False,
Sharma General Store se order ready hai ₹1499 sharmagenera@paytmqr pe pay kar dena ya cash de dena,MERCHANT_PAYMENT,True,False,LOW,,sharmagenera@paytmqr,1499.0,False,False,
Attention: Re-KYC required Transfer ₹5999 and share the reference turant nahi toh account band ho jayega call +917510409614,KYC_SCAM,True,True,HIGH,+917510409614,,5999.0,True,True,urgency|kyc_credential
Invest Rs 5000/- today and get ₹15000 in 7 days guaranteed returns Pay to urgentkyc@okaxis Limited slots,INVESTMENT_SCAM,True,True,HIGH,,urgentkyc@okaxis,5000.0,True,False,investment
Your PNB debit card will be blocked within 2 hours. To keep it active pay 2499 KYC charge to invest.pro666@paytm. Helpline +91 76602 09313,KYC_SCAM,True,True,HIGH,+917660209313,invest.pro666@paytm,,True,True,urgency|kyc_credential|impersonation
"Join our IPO allotment scheme. Pay Rs. 10,000/- to jobportal.fee@paytm and get confirmed allotment with 2x listing gain.",INVESTMENT_SCAM,True,True,HIGH,,jobportal.fee@paytm,10000.0,True,False,
"Dear valued customer, Your SIM will be blocked by TRAI within 1 hour. Pay ₹8,000 to sanjaysan@apl to continue services. Call 8537483448",IMPERSONATION,True,True,HIGH,+918537483448,sanjaysan@apl,8000.0,True,True,urgency|impersonation
"Quick Laundry: table booked. A deposit of Rs 4500 to quicklaundry8@paytmqr confirms the booking, adjustable against the bill.",MERCHANT_PAYMENT,True,False,LOW,,quicklaundry8@paytmqr,4500.0,False,False,
"collect request sent for ₹20,000. approve it with your upi pin to receive the amount.",QR_SCAM,True,True,HIGH,,,20000.0,True,True,kyc_credential
"Main your team lead bol raha hoon. Meeting me hoon, INR 5000 right now invest.pro@ibl pe bhej do, vendor wait kar raha hai.",IMPERSONATION,True,True,HIGH,,invest.pro@ibl,5000.0,True,True,urgency
"PART TIME JOB: EARN ₹1,500 PER DAY BY LIKING VIDEOS. PAY 2500 SECURITY DEPOSIT TO COURIER.PAY@OKSBI TO START.",JOB_SCAM,True,True,HIGH,,courier.pay@oksbi,1500.0,False,True,upfront_fee|job
Dude We detected an excess credit of INR 1500 in your wallet. Return it final notice to deepak@paytm else your wallet will be blocked.,REFUND_SCAM,True,True,HIGH,,deepak@paytm,1500.0,True,False,urgency|refund
Badhai ho! Aapne GPay lottery me ₹10000 jeeta hai Claim karne ke liye 499 rupees securebank919@upi pe last chance bhejo,PRIZE_SCAM,True,True,HIGH,,securebank919@upi,10000.0,True,True,urgency|reward
"to receive your refund of ₹5,000, scan the qr code and enter your upi pin. link: sbi-verify-yfoyyk.xyz",QR_SCAM,True,True,HIGH,,,5000.0,True,False,kyc_credential|refund|qr_link
"Sending ₹1,500 to rahul.iyer@ptsbi for the wedding gift from all of us.",FRIEND_FAMILY_PAYMENT,True,False,LOW,,rahul.iyer@ptsbi,1500.0,True,False,reward
"dear customer, paytm refund of ₹4,000 is stuck. to release it, first pay ₹499 verification to nisha@ybl turant.",REFUND_SCAM,True,True,HIGH,,nisha@ybl,499.0,True,False,urgency|kyc_credential|refund|impersonation
Hi da galti se INR 2500 aapke account me chala gaya. Please within 2 hours wapas bhej do kavya@ybl pe.,REFUND_SCAM,True,True,HIGH,,kavya@ybl,2500.0,True,True,urgency|refund
"For the PS5, pay full ₹2,500 to rewards.claim@oksbi first, delivery within 2 days via army courier. No inspection possible.",MARKETPLACE_PAYMENT,True,True,HIGH,,rewards.claim@oksbi,2500.0,True,True,marketplace
Can you pick up 57 kg of rice on the way back?,NON_PAYMENT,False,False,LOW,,,,False,False,
"HDFC Bank alert: ₹4,300 debited from a/c XX9086 for UPI txn. If not you, call the number on the back of your card.",BANK_REQUEST,True,False,LOW,,,4300.0,False,False,impersonation
Gift voucher worth Rs 5000 approved for you. Pay delivery charge 499 on refund.desk559@ibl within 1 hour.,PRIZE_SCAM,True,True,HIGH,,refund.desk559@ibl,5000.0,True,True,urgency|reward|upfront_fee|marketplace
Cafe Nirvana: table booked A deposit of ₹480 to cafenirvana8@sbi confirms the booking adjustable against the bill,MERCHANT_PAYMENT,True,False,LOW,,cafenirvana8@sbi,480.0,False,False,
"Notice: Re-KYC required. Transfer ₹1,999 to hrdesk@ibl and share the reference within 2 hours. else your card will be permanently blocked.",KYC_SCAM,True,True,HIGH,,hrdesk@ibl,1999.0,True,True,urgency|kyc_credential
"nisha is joining us for lunch, table for 6.",NON_PAYMENT,False,False,LOW,,,,False,False,
Reminder: Delhi Jal Board bill 299 rupees due 27 Nov. Pay through Amazon Pay bill payments section.,BILL_PAYMENT,True,False,LOW,,,299.0,False,False,
"Your subscription payment failed. Pay ₹2,000 to securebank660@okaxis last chance or your account will be blocked.",URGENCY_PAYMENT,True,True,HIGH,,securebank660@okaxis,2000.0,True,False,urgency|kyc_credential
"Send ₹5,000 within 24 hours to riya@axl. Time limit 30 minutes. or the amount will be forfeited.",URGENCY_PAYMENT,True,True,HIGH,,riya@axl,5000.0,True,False,urgency
"part time job: earn rs 3500 per day by liking videos. pay ₹1,500 security deposit to rewards.claim@okaxis to start.",JOB_SCAM,True,True,HIGH,,rewards.claim@okaxis,1500.0,True,True,upfront_fee|job
Star Mobile Repair: admission deposit of ₹480 for patient Suresh S is due today so the admission can be completed. Pay at the billing counter or to UPI starmobilere@paytmqr. Receipt will be issued.,MERCHANT_PAYMENT,True,False,LOW,,starmobilere@paytmqr,480.0,False,False,
"Dear valued customer, Aapka SBI KYC expire ho gaya hai. ₹5,999 asap bhejo or the amount will be forfeited. call 92397-98811",KYC_SCAM,True,True,HIGH,+919239798811,,5999.0,True,True,urgency|kyc_credential|impersonation
ICICI Bank: EMI of 22k for loan a/c ending 7850 is due on 20th Maintain sufficient balance Do not share OTP with anyone,BANK_REQUEST,True,False,LOW,,,22000.0,False,False,kyc_credential|impersonation
"Green Grocers: table booked. A deposit of Rs 899 to greengrocers@axisbank confirms the booking, adjustable against the bill.",MERCHANT_PAYMENT,True,False,LOW,,greengrocers@axisbank,899.0,False,False,
"Buyer here from OLX. Sending a payment request of ₹1,000 on BHIM, please accept and enter PIN to receive.",QR_SCAM,True,True,HIGH,,,1000.0,False,True,kyc_credential|marketplace
congratulations! you have won rs 250000 in the flipkart lucky draw. pay ₹199 processing fee to rewards.claim@upi before midnight to claim.,PRIZE_SCAM,True,True,HIGH,,rewards.claim@upi,199.0,True,True,urgency|reward|upfront_fee
Happy birthday Rahul! Have a great year ahead.,NON_PAYMENT,False,False,LOW,,,,False,False,
Invoice #3321 from Royal Bakery for INR 1499. UPI ID royalbakery@sbi. Please share screenshot after payment.,MERCHANT_PAYMENT,True,False,LOW,,royalbakery@sbi,1499.0,False,False,
Notice: We detected an excess credit of Rs 5000 in your wallet. Return it asap to quickloan@ibl else your wallet will be blocked.,REFUND_SCAM,True,True,HIGH,,quickloan@ibl,5000.0,True,True,urgency|refund
"Wrong transfer alert: ₹3,000 credited to you by error. Reverse the amount jaldi to sneha@oksbi or call 7878332067.",REFUND_SCAM,True,True,HIGH,+917878332067,sneha@oksbi,3000.0,True,False,urgency|refund
"click tinyurl.com/pfdix5s to verify your upi and get ₹15,000 credited. enter pin to confirm. support +917890309143",QR_SCAM,True,True,HIGH,+917890309143,,15000.0,False,True,kyc_credential|qr_link
"Dear valued customer, PAN-Aadhaar link pending for your Kotak Bank account. Pay Rs. 4,999/- processing charge to customer.care@oksbi asap or your number will be disconnected.",KYC_SCAM,True,True,HIGH,,customer.care@oksbi,4999.0,True,True,urgency|kyc_credential|impersonation|upfront_fee|qr_link
"Axis Bank: ₹12,000 credited to your account XX5561. Available balance ₹36,000.",BANK_REQUEST,True,False,LOW,,,36000.0,False,False,impersonation
"Hi, this is the director. I am in a meeting and need ₹2,000 transferred aaj hi to zoya@ptsbi for a vendor. Will reimburse today.",IMPERSONATION,True,True,HIGH,,zoya@ptsbi,2000.0,True,True,urgency
"Ghar baithe kaam, roz ₹750 kamao. Joining ke liye ₹1,500 tradepro@axl pe bhejo. Call 7905249221",JOB_SCAM,True,True,HIGH,+917905249221,tradepro@axl,750000.0,False,True,
"Dear user, GPay refund of ₹2,000 is stuck. To release it, first pay Rs. 299/- verification to bill.desk@okaxis within 1 hour.",REFUND_SCAM,True,True,HIGH,,bill.desk@okaxis,299.0,True,False,urgency|kyc_credential|refund|impersonation
"Royal Bakery: admission deposit of ₹4,800 for patient Priya P is due today so the admission can be completed. Pay at the billing counter or to UPI royalbakery@sbi. Receipt will be issued.",MERCHANT_PAYMENT,True,False,LOW,,royalbakery@sbi,4800.0,False,False,
Customer care Paytm: your account shows suspicious activity. Transfer 20k to verification account zoya.patel@ibl before midnight.,IMPERSONATION,True,True,HIGH,,zoya.patel@ibl,20000.0,True,True,urgency|kyc_credential|impersonation
"Hello my son sent 10000 to your UPI by mistake, he is crying. Please send it back aaj hi on bill.desk31@axl. God bless you.",REFUND_SCAM,True,True,HIGH,,bill.desk31@axl,,True,True,urgency
"BETA, THIS IS YOUR MOM'S FRIEND. MOM IS IN HOSPITAL, SEND ₹3,000 RIGHT NOW TO ZOYA@OKHDFCBANK FOR THE ADMISSION.",IMPERSONATION,True,True,HIGH,,zoya@okhdfcbank,3000.0,True,True,urgency
"Papa needs ₹500 for the hospital deposit today so admission can be completed. Send to rohan@ptsbi, I'll transfer back on Monday.",FRIEND_FAMILY_PAYMENT,True,False,LOW,,rohan@ptsbi,500.0,True,False,
Your repair at Green Grocers is complete. Total Rs 180. UPI: greengrocers4@icici. Collect anytime before 8 pm.,MERCHANT_PAYMENT,True,False,LOW,,greengrocers4@icici,180.0,False,False,
Oye send 1500 for the Uber to gurpreet82@paytm,PAYMENT_REQUEST,True,False,LOW,,gurpreet82@paytm,,False,False,
"Loan EMI overdue. Pay ₹3,000 today only to naveen.sharma@ptsbi warna account block ho jayega. Recovery agent will visit.",URGENCY_PAYMENT,True,True,HIGH,,naveen.sharma@ptsbi,3000.0,True,False,urgency
"Congratulations! You have won ₹25,000 in the KBC lucky draw. Pay 299 processing fee to bank.verify951@ibl turant to claim.",PRIZE_SCAM,True,True,HIGH,,bank.verify951@ibl,25000.0,True,True,urgency|reward|upfront_fee
"dear customer, aapka icici bank kyc expire ho gaya hai. ₹499 abhi to bill.desk@paytm bhejo or your number will be disconnected.",KYC_SCAM,True,True,HIGH,,bill.desk@paytm,499.0,True,True,urgency|kyc_credential|impersonation
Tata Power: your bill of ₹649 for consumer no. 333020 is due on 9 Jan. Pay via the Tata Power app or BBPS.,BILL_PAYMENT,True,False,LOW,,,649.0,False,False,
"hi mummy, transferring rs 5000 for the groceries you got. sending to kavya@ptaxis.",FRIEND_FAMILY_PAYMENT,True,False,LOW,,kavya@ptaxis,5000.0,True,False,
Customer care PhonePe: your account shows suspicious activity Transfer ₹25000 to verification account quickloan@upi jaldi,IMPERSONATION,True,True,HIGH,,quickloan@upi,25000.0,True,True,urgency|kyc_credential|impersonation
"Hey the auto ka ₹100 bhej dena, joseph.das@ptaxis",PAYMENT_REQUEST,True,False,LOW,,joseph.das@ptaxis,100.0,False,False,
Arre can you transfer ₹750 for the concert tickets? shreyanik@okhdfcbank works. No rush.,PAYMENT_REQUEST,True,False,LOW,,shreyanik@okhdfcbank,750.0,False,False,
"To receive your refund of 2000 rupees, scan the QR code and enter your UPI PIN. Link: bit.ly/t8py4i",QR_SCAM,True,True,HIGH,,,2000.0,False,False,kyc_credential|refund|qr_link
Your PNB reward of Rs 15000 is waiting. Scan the attached QR to collect. Valid today only.,QR_SCAM,True,True,HIGH,,,15000.0,False,False,urgency|reward|qr_link
"Yaar galti se ₹1,000 aapke account me chala gaya. Please urgently wapas bhej do kiran@okaxis pe.",REFUND_SCAM,True,True,HIGH,,kiran@okaxis,1000.0,True,True,urgency|refund
"Wrong transfer alert: ₹5,000 credited to you by error. Reverse the amount urgently to refund.desk272@axl or call 8836599801.",REFUND_SCAM,True,True,HIGH,+918836599801,refund.desk272@axl,5000.0,True,False,urgency|refund
"KYC update ke liye ₹499 to urgentkyc164@okaxis turant pay karo, otherwise your account will be suspended. Bank of Baroda support 9957377564",KYC_SCAM,True,True,HIGH,+919957377564,urgentkyc164@okaxis,499.0,True,True,urgency|kyc_credential|impersonation
SBI alert: 4300 rupees debited from a/c XX7175 for UPI txn If not you call the number on the back of your card,BANK_REQUEST,True,False,LOW,,,4300.0,False,False,impersonation
sirf rs 2000 invest karo aur 20000 pao guaranteed. courier.pay@ybl pe payment karo abhi.,INVESTMENT_SCAM,True,True,HIGH,,courier.pay@ybl,2000.0,False,False,urgency|investment
Kotak Bank ALERT: KYC not updated Send 2499 to securebank@axl within 24 hours to re-activate your account call +91 84651 57179,KYC_SCAM,True,True,HIGH,+918465157179,securebank@axl,,True,True,urgency|kyc_credential|impersonation
Package MYN923590 out for delivery expected by 1 pm,NON_PAYMENT,False,False,LOW,,,,False,False,marketplace
"Canara Bank alert: 12k debited from a/c XX9876 for UPI txn. If not you, call the number on the back of your card.",BANK_REQUEST,True,False,LOW,,,12000.0,False,False,impersonation
your share for movie tickets is rs 200/- pay to suresh90@oksbi whenever free,PAYMENT_REQUEST,True,False,LOW,,suresh90@oksbi,200.0,False,False,
"Need 1000 for the flight change today, please send to nisha.khan@oksbi and I'll settle when back.",FRIEND_FAMILY_PAYMENT,True,False,LOW,,nisha.khan@oksbi,,True,False,
Join our IPO allotment scheme. Pay Rs 5000 to kyc.support@ibl and get confirmed allotment with 3x listing gain.,INVESTMENT_SCAM,True,True,HIGH,,kyc.support@ibl,5000.0,False,False,
"SBI never asks for your PIN, OTP or CVV. Report suspicious calls to 1930. Your KYC can be updated only at the branch or the official app.",BANK_REQUEST,True,False,LOW,,,,False,False,kyc_credential|impersonation
Oye can you transfer ₹400 for the auto? varuniyer@upi works No rush,PAYMENT_REQUEST,True,False,LOW,,varuniyer@upi,400.0,False,False,
"Scored a hat-trick yesterday, 12 runs too!",NON_PAYMENT,False,False,LOW,,,,False,False,
Forex signals: first 10 members get 1500 on 500 rupees. Transfer to customer.care@paytm now.,INVESTMENT_SCAM,True,True,HIGH,,customer.care@paytm,500.0,True,True,
"Alert: I accidentally sent ₹2,500 to your number by mistake. Please return it today only to nikhil@fbl.",REFUND_SCAM,True,True,HIGH,,nikhil@fbl,2500.0,True,True,urgency|refund
Wrong transfer alert: 10000 rupees credited to you by error. Reverse the amount today only to ayesha@okaxis or call +91 72288 19826.,REFUND_SCAM,True,True,HIGH,+917228819826,ayesha@okaxis,10000.0,True,True,urgency|refund
Dear customer Your Kotak Bank account KYC is pending Complete verification by paying 1499 rupees abhi or the amount will be forfeited,KYC_SCAM,True,True,HIGH,,,1499.0,True,True,urgency|kyc_credential|impersonation
"cycle ke liye 2500 theek hai. Kal aake dekh ke pay kar dunga, cash ya UPI dono chalega.",MARKETPLACE_PAYMENT,True,False,LOW,,,,False,False,
"Click sbi-verify-r21nm3.xyz to verify your UPI and get ₹5,000 credited. Enter PIN to confirm. Support 7804891929",QR_SCAM,True,True,HIGH,+917804891929,,5000.0,False,False,kyc_credential|qr_link
"Hello, I'm calling from Kotak Bank security. Your account is compromised. Move Rs. 5,000/- to safe account karanhar@axl asap.",IMPERSONATION,True,True,HIGH,,karanhar@axl,5000.0,True,True,urgency|impersonation
Pending due of 500 must be cleared urgently Send to prizecenter695@oksbi No further extension,URGENCY_PAYMENT,True,True,HIGH,,prizecenter695@oksbi,,True,False,urgency
"Crypto trading tips group: deposit INR 5000 to cashback.claim@ibl and earn daily profit of ₹1,000. 100% safe.",INVESTMENT_SCAM,True,True,HIGH,,cashback.claim@ibl,5000.0,True,True,investment|job
"Dear customer, We detected an excess credit of Rs 1500 in your wallet. Return it abhi to hrdesk787@axl else your wallet will be blocked.",REFUND_SCAM,True,True,HIGH,,hrdesk787@axl,1500.0,True,True,urgency|refund|impersonation
"MSEDCL ka bill Rs 3120 aaya hai, 15 Nov tak bhar dena app se.",BILL_PAYMENT,True,False,LOW,,,3120.0,False,False,
Can you pick up 15 kg of rice on the way back?,NON_PAYMENT,False,False,LOW,,,,False,False,
"fridge available. Pay Rs 1000 delivery charge to meera@ibl now and the courier will bring it to your home, pay balance on delivery.",MARKETPLACE_PAYMENT,True,True,HIGH,,meera@ibl,1000.0,True,False,upfront_fee|marketplace
"Your BSNL broadband plan renews on 19 Nov. Amount Rs 1050. Auto-pay is enabled, no action needed.",BILL_PAYMENT,True,False,LOW,,,1050.0,False,False,
"Axis Bank: Rs. 2,500/- credited to your account XX2515. Available balance ₹15,000.",BANK_REQUEST,True,False,LOW,,,15000.0,False,False,impersonation
to receive your refund of ₹1000 scan the qr code and enter your upi pin link: sbi-verify-h90o7xyz,QR_SCAM,True,True,HIGH,,,1000.0,True,True,kyc_credential|refund|impersonation|qr_link
Recharge reminder: your Adani Gas plan expires on 1 May. Recharge INR 649 from the app to continue.,BILL_PAYMENT,True,False,LOW,,,649.0,False,False,kyc_credential
"your mahanagar gas broadband plan renews on 26 may. amount 1340. auto-pay is enabled, no action needed.",BILL_PAYMENT,True,False,LOW,,,,False,False,
"Payment received, ₹120 from you at Cafe Nirvana. Thank you, visit again!",MERCHANT_PAYMENT,True,False,LOW,,,120.0,False,False,
Invoice #6532 from Star Mobile Repair for ₹180. UPI ID starmobilere6@ybl. Please share screenshot after payment.,MERCHANT_PAYMENT,True,False,LOW,,starmobilere6@ybl,180.0,False,False,
"Bank of Baroda: ₹12,000 credited to your account XX8510. Available balance 60000.",BANK_REQUEST,True,False,LOW,,,12000.0,False,False,impersonation
"Invoice #7618 from Metro Cabs for ₹1,200. UPI ID metrocabs@axisbank. Please share screenshot after payment.",MERCHANT_PAYMENT,True,False,LOW,,metrocabs@axisbank,1200.0,False,False,
"Hey it's Pooja, using a friend's phone. Stuck at the airport, need 25000 rupees within 1 hour on harsh@oksbi. Please yaar.",IMPERSONATION,True,True,HIGH,,harsh@oksbi,25000.0,True,True,urgency|impersonation
SBI ALERT: KYC not updated. Send 5999 rupees to sbi.kyc@okaxis final notice to re-activate your account.,KYC_SCAM,True,True,HIGH,,sbi.kyc@okaxis,5999.0,True,True,urgency|kyc_credential|impersonation
Loan EMI overdue. Pay Rs 1000 jaldi to sanjay.das@okaxis or services will be deactivated. Recovery agent will visit.,URGENCY_PAYMENT,True,True,HIGH,,sanjay.das@okaxis,1000.0,True,False,urgency
"Kotak Bank customer, your net banking will be suspended right now. Pay verification amount 999 rupees to refundteam826@okaxis or your number will be disconnected.",KYC_SCAM,True,True,HIGH,,refundteam826@okaxis,999.0,True,True,urgency|kyc_credential|impersonation
"Ghar baithe kaam, roz Rs 4000 kamao. Joining ke liye ₹199 hdfc.verify@okaxis pe bhejo. Call +917491616126",JOB_SCAM,True,True,HIGH,+917491616126,hdfc.verify@okaxis,4000000.0,True,True,
"Payment for the study table done, Rs 1500 via GPay to shreya@fbl. Please share the invoice.",MARKETPLACE_PAYMENT,True,False,LOW,,shreya@fbl,1500.0,False,False,
Hello I'm calling from HDFC Bank security Your account is compromised Move Rs 15000/- to safe account divya48@okaxis asap,IMPERSONATION,True,True,HIGH,,divya48@okaxis,15000.0,True,True,urgency|impersonation
"Payment for the laptop done, ₹1,500 via PhonePe to lakshmi@upi. Please share the invoice.",MARKETPLACE_PAYMENT,True,False,LOW,,lakshmi@upi,1500.0,False,False,
"SBI: Rs 15400 credited to your account XX8906. Available balance Rs. 123,200/-.",BANK_REQUEST,True,False,LOW,,,123200.0,False,False,impersonation
"Hello the electricity share settle kar de, Rs. 800/- on nisha@apl",PAYMENT_REQUEST,True,False,LOW,,nisha@apl,800.0,False,False,
"I can pay 8000 rupees for the study table, pickup from your place. Share your UPI ID or I will pay cash on pickup.",MARKETPLACE_PAYMENT,True,False,LOW,,,8000.0,False,False,
"Papa needs INR 500 for the hospital deposit today so admission can be completed. Send to harsh11@ybl, I'll transfer back on Monday.",FRIEND_FAMILY_PAYMENT,True,False,LOW,,harsh11@ybl,500.0,True,False,
"Stock market expert here. Minimum deposit ₹2,000 to task.fee@axl. Assured 50% weekly return.",INVESTMENT_SCAM,True,True,HIGH,,task.fee@axl,2000.0,True,True,
"Data entry job offer, no experience needed. Registration Rs 199 only, pay on support.desk@axl. Salary ₹80,000.",JOB_SCAM,True,True,HIGH,,support.desk@axl,80000.0,True,True,job
"Payment for the Activa scooter done, ₹2,500 via GPay to sureshgur@ybl. Please share the invoice.",MARKETPLACE_PAYMENT,True,False,LOW,,sureshgur@ybl,2500.0,False,False,
Did you finish the assignment? Question 20 was tough,NON_PAYMENT,False,False,LOW,,,,False,False,
"Train is delayed by 13 minutes, will reach by 9 pm.",NON_PAYMENT,False,False,LOW,,,,False,False,
"Customer care GPay: your account shows suspicious activity. Transfer ₹5,000 to verification account simran@ptsbi turant.",IMPERSONATION,True,True,HIGH,,simran@ptsbi,5000.0,True,True,urgency|kyc_credential|impersonation
"Refund team here. Your cashback of Rs. 3,000/- is pending. Send 249 rupees processing fee to customer.care@upi within 24 hours.",REFUND_SCAM,True,True,HIGH,,customer.care@upi,249.0,True,False,urgency|reward|refund|upfront_fee
"Payment received, ₹120 from you at Star Mobile Repair. Thank you, visit again!",MERCHANT_PAYMENT,True,False,LOW,,,120.0,False,False,
Bill generated for Airtel: Rs 3120. View and pay from the official app. Ignore if already paid.,BILL_PAYMENT,True,False,LOW,,,3120.0,False,False,impersonation
This is TRAI officer. A parcel in your name contains illegal items. Pay 2k penalty aaj hi to manish@okicici to avoid arrest.,IMPERSONATION,True,True,HIGH,,manish@okicici,2000.0,True,True,urgency|impersonation|marketplace
Install this app sbi-verify-xdcw080xyz and share the screen to receive 2000 cashback instantly,QR_SCAM,True,True,HIGH,,,,False,True,reward|impersonation|qr_link
"Nisha here, ₹100 for the gift for Priya bhej do bhai. nishalak@okaxis",PAYMENT_REQUEST,True,False,LOW,,nishalak@okaxis,100.0,False,False,reward
sneha here inr 250 for the uber bhej do bhai snehapatel@fbl,PAYMENT_REQUEST,True,False,LOW,,snehapatel@fbl,250.0,False,False,
Sending 500 rupees to nisha@fbl for the wedding gift from all of us.,FRIEND_FAMILY_PAYMENT,True,False,LOW,,nisha@fbl,500.0,True,False,reward
"Task completed! To withdraw your earnings of Rs 3000, pay ₹1,500 unlock fee to refundteam265@ybl.",JOB_SCAM,True,True,HIGH,,refundteam265@ybl,1500.0,False,True,upfront_fee|job
"Refund team here. Your cashback of ₹2,500 is pending. Send INR 199 processing fee to verifybank@ibl aaj hi.",REFUND_SCAM,True,True,HIGH,,verifybank@ibl,199.0,True,False,urgency|reward|refund|upfront_fee
"final notice from icici bank: pay kyc verification fee ₹2,499 to securebank266@oksbi final notice or the amount will be forfeited.",KYC_SCAM,True,True,HIGH,,securebank266@oksbi,2499.0,True,True,urgency|kyc_credential|impersonation|upfront_fee
"Collect request sent for ₹15,000. Approve it with your UPI PIN to receive the amount.",QR_SCAM,True,True,HIGH,,,15000.0,False,False,kyc_credential
"HI, SAW YOUR OLX AD FOR THE PS5. CAN I COME AND CHECK IT TOMORROW? IF OK I WILL PAY RS. 6,000/- ON AMAZON PAY AFTER SEEING IT.",MARKETPLACE_PAYMENT,True,False,LOW,,,6000.0,False,False,marketplace
Thanks for your order at Fresh Basket. Amount due ₹250. Pay on delivery or to freshbasket@paytmqr.,MERCHANT_PAYMENT,True,False,LOW,,freshbasket@paytmqr,250.0,False,False,marketplace
"₹2,000 right now refundteam@axl pe bhejo or legal action will be taken, warna problem ho jayegi.",URGENCY_PAYMENT,True,True,HIGH,,refundteam@axl,2000.0,True,True,urgency
Attention: Your SIM will be blocked by TRAI turant Pay Rs 3000 to jobportalfee@okaxis to continue services Call 9026761518,IMPERSONATION,True,True,HIGH,+919026761518,jobportalfee@okaxis,3000.0,True,True,urgency|impersonation
"Hi, saw your OLX ad for the camera. Can I come and check it tomorrow? If ok I will pay ₹25,000 on Amazon Pay after seeing it.",MARKETPLACE_PAYMENT,True,False,LOW,,,25000.0,False,False,marketplace
"Sent Rs 10000 for Diwali shopping to sneha@ptsbi, check and tell me if received.",FRIEND_FAMILY_PAYMENT,True,False,LOW,,sneha@ptsbi,10000.0,True,False,
"Cafe Nirvana se order ready hai. ₹1,499 cafenirvana8@okbizaxis pe pay kar dena ya cash de dena.",MERCHANT_PAYMENT,True,False,LOW,,cafenirvana8@okbizaxis,1499.0,False,False,
"Sirf INR 500 invest karo aur ₹1,000 pao guaranteed. securebank881@axl pe payment karo abhi.",INVESTMENT_SCAM,True,True,HIGH,,securebank881@axl,500.0,True,False,urgency|investment
"thanks for your order at fresh basket. amount due ₹1,200. pay on delivery or to freshbasket1@hdfcbank.",MERCHANT_PAYMENT,True,False,LOW,,freshbasket1@hdfcbank,1200.0,False,False,marketplace
"This is TRAI officer. A parcel in your name contains illegal items. Pay Rs. 15,000/- penalty before midnight to customer.care@paytm to avoid arrest.",IMPERSONATION,True,True,HIGH,,customer.care@paytm,15000.0,True,True,urgency|impersonation|marketplace
"I can pay 8000 for the study table, pickup from your place. Share your UPI ID or I will pay cash on pickup.",MARKETPLACE_PAYMENT,True,False,LOW,,,,False,False,
Install this app kyc-update-hgi6t6.in and share the screen to receive 1k cashback instantly.,QR_SCAM,True,True,HIGH,,,1000.0,False,True,reward|qr_link
hey your share for cricket ground booking is rs 2000. pay to ananya.das@ptsbi whenever free.,PAYMENT_REQUEST,True,False,LOW,,ananya.das@ptsbi,2000.0,False,False,
"dear winner, your ipl prize of ₹250,000 is ready. registration fee rs 499 to sbi.kyc@okaxis. call 08690336931 immediately.",PRIZE_SCAM,True,True,HIGH,+918690336931,sbi.kyc@okaxis,499.0,True,True,urgency|reward|upfront_fee|job
Part time job: earn INR 5000 per day by liking videos. Pay Rs. 199/- security deposit to claimprize@ybl to start.,JOB_SCAM,True,True,HIGH,,claimprize@ybl,199.0,True,True,upfront_fee|job
HDFC Bank: EMI of 8900 for loan a/c ending 4995 is due on 25th. Maintain sufficient balance. Do not share OTP with anyone.,BANK_REQUEST,True,False,LOW,,,,False,False,kyc_credential|impersonation
sai electricals se order ready hai ₹1499 saielectrica@ybl pe pay kar dena ya cash de dena,MERCHANT_PAYMENT,True,False,LOW,,saielectrica@ybl,1499.0,False,False,
Customer care Paytm: your account shows suspicious activity. Transfer Rs 25000 to verification account kycupdate753@okaxis asap.,IMPERSONATION,True,True,HIGH,,kycupdate753@okaxis,25000.0,True,True,urgency|kyc_credential|impersonation
"Dear customer, your account has been put on hold due to incomplete KYC. Pay ₹1,999 to support.desk@ybl urgently to restore access.",KYC_SCAM,True,True,HIGH,,support.desk@ybl,1999.0,True,True,urgency|kyc_credential|impersonation
Bank of Baroda: cheque no. 453772 for 12000 has been cleared.,BANK_REQUEST,True,False,LOW,,,,False,False,impersonation
"nani, 8000 rupees for mummy's medicines. my upi nikhilnik@upi or call me 70633-15067",FRIEND_FAMILY_PAYMENT,True,False,LOW,+917063315067,nikhilnik@upi,8000.0,False,False,
"Payment of Rs. 5,000/- is required within 2 hours. Use UPI deepak.iyer@okhdfcbank. Do not ignore this message.",URGENCY_PAYMENT,True,True,HIGH,,deepak.iyer@okhdfcbank,5000.0,True,True,urgency
"scan qr karo aur pin dalo, rs. 5,000/- tumhare account me aa jayega. jaldi karo.",QR_SCAM,True,True,HIGH,,,5000.0,True,False,urgency|kyc_credential|qr_link
Recharge reminder: your Tata Power plan expires on 27 Aug. Recharge ₹299 from the app to continue.,BILL_PAYMENT,True,False,LOW,,,299.0,False,False,kyc_credential
"Dear account holder, your Yes Bank KYC expires today. Pay ₹1,999 verification fee before midnight to claimprize@upi or your account will be blocked. call +91 66951 52234",KYC_SCAM,True,True,HIGH,+916695152234,claimprize@upi,1999.0,True,True,urgency|kyc_credential|impersonation|upfront_fee
"Deluxe Tailors monthly subscription of ₹1,200 is due on 12th. Pay to deluxetailor@axisbank at your convenience.",MERCHANT_PAYMENT,True,False,LOW,,deluxetailor@axisbank,1200.0,False,False,
"Dear winner, your Dream11 prize of 10000 rupees is ready. Registration fee ₹299 to bank.verify897@paytm. Call +91 65339 90265 abhi.",PRIZE_SCAM,True,True,HIGH,+916533990265,bank.verify897@paytm,299.0,True,True,urgency|reward|upfront_fee|job
Dear user PAN-Aadhaar link pending for your ICICI Bank account Pay ₹499 processing charge to rewardclaim@axl right now otherwise your account will be suspended,KYC_SCAM,True,True,HIGH,,rewardclaim@axl,499.0,True,True,urgency|kyc_credential|impersonation|upfront_fee|qr_link
"Notice: order ORD285309 refund failed. Pay ₹199 reversal charge to npci.verify@paytm within 2 hours and full refund of ₹2,000 will be credited.",REFUND_SCAM,True,True,HIGH,,npci.verify@paytm,199.0,True,False,urgency|refund
"Dude reminder, 500 rupees pending for cricket ground booking. zoya@okicici or cash, whatever is easy.",PAYMENT_REQUEST,True,False,LOW,,zoya@okicici,500.0,False,False,
"Congratulations, you are selected for a work from home job at Wipro. Salary 25000 rupees/month. Pay registration fee 1500 rupees to customer.care@ybl to confirm.",JOB_SCAM,True,True,HIGH,,customer.care@ybl,1500.0,False,True,reward|upfront_fee|job
pay rs 5000 aaj hi to nikhil.das@fbl or services will be deactivated. this is the last reminder.,URGENCY_PAYMENT,True,True,HIGH,,nikhil.das@fbl,5000.0,True,True,urgency
Send me the notes for chapter 43 when you get a chance.,NON_PAYMENT,False,False,LOW,,,,False,False,
"Dear user, galti se Rs. 4,000/- aapke account me chala gaya. Please turant wapas bhej do lakshmi@ptsbi pe.",REFUND_SCAM,True,True,HIGH,,lakshmi@ptsbi,4000.0,True,True,urgency|refund|impersonation
Dude split for yesterday's dinner came to Rs. 500/- each. Send to suresh@ptaxis when you can.,PAYMENT_REQUEST,True,False,LOW,,suresh@ptaxis,500.0,False,False,
Hey We detected an excess credit of ₹3000 in your wallet Return it asap to kycupdate@axl else your wallet will be blocked,REFUND_SCAM,True,True,HIGH,,kycupdate@axl,3000.0,True,True,urgency|refund
"thanks for the camera! sent inr 18000 to anjalisur@ibl just now, please check and confirm.",MARKETPLACE_PAYMENT,True,False,LOW,,anjalisur@ibl,18000.0,False,False,
Hey ₹250 de dena cricket ground booking ke liye priya@fbl,PAYMENT_REQUEST,True,False,LOW,,priya@fbl,250.0,False,False,
Refund team here Your cashback of ₹5000 is pending Send 99 processing fee to courierpay@ibl before midnight,REFUND_SCAM,True,True,HIGH,,courierpay@ibl,5000.0,True,False,urgency|reward|refund|upfront_fee
To receive your refund of Rs 10000 scan the QR code and enter your UPI PIN Link: reward-claim-0hoaydtlink,QR_SCAM,True,True,HIGH,,,10000.0,True,True,kyc_credential|reward|refund|qr_link
"Got 38 marks in the internal, decent I guess.",NON_PAYMENT,False,False,LOW,,,,False,False,
Package ZMT276311 out for delivery expected by 7 pm,NON_PAYMENT,False,False,LOW,,,,False,False,marketplace
"dear customer, my son sent rs. 2,500/- to your upi by mistake, he is crying. please send it back within 1 hour on meera.sharma@waaxis. god bless you.",REFUND_SCAM,True,True,HIGH,,meera.sharma@waaxis,2500.0,True,True,urgency|impersonation
"badhai ho! aapne dream11 lottery me ₹10,000 jeeta hai. claim karne ke liye ₹99 task.fee@oksbi pe turant bhejo.",PRIZE_SCAM,True,True,HIGH,,task.fee@oksbi,10000.0,True,True,urgency|reward
"Bro order MYN646029 refund failed. Pay ₹149 reversal charge to naveen@waaxis urgently and full refund of Rs. 10,000/- will be credited.",REFUND_SCAM,True,True,HIGH,,naveen@waaxis,149.0,True,True,urgency|refund
"CRPF jawan, urgent posting. cycle at ₹12,000 only. Advance ₹500 on simran59@okhdfcbank to block it.",MARKETPLACE_PAYMENT,True,True,HIGH,,simran59@okhdfcbank,12000.0,True,False,urgency|upfront_fee
"Karan, Rs 8000 chahiye college fees ke liye, sneha@axl pe bhej do please, agle hafte lauta dunga.",FRIEND_FAMILY_PAYMENT,True,False,LOW,,sneha@axl,8000.0,False,False,
dear user your hdfc bank account kyc is pending complete verification by paying rs 499/- to kycsupport@upi aaj hi else your card will be permanently blocked,KYC_SCAM,True,True,HIGH,,kycsupport@upi,499.0,True,True,urgency|kyc_credential|impersonation
"Dude Lakshmi here, 1000 rupees for yesterday's dinner bhej do bhai. lakshmi@ybl",PAYMENT_REQUEST,True,False,LOW,,lakshmi@ybl,1000.0,False,False,
seller here. cycle is booked for you. send rs 1000 token amount to sanjay1@okhdfcbank today otherwise another buyer will take it.,MARKETPLACE_PAYMENT,True,True,HIGH,,sanjay1@okhdfcbank,1000.0,True,True,upfront_fee|marketplace
"Your Bank of Baroda account KYC is pending. Complete verification by paying Rs. 1,499/- to cashback.claim726@ibl urgently otherwise your account will be suspended.",KYC_SCAM,True,True,HIGH,,cashback.claim726@ibl,1499.0,True,True,urgency|kyc_credential|impersonation
"Hello my son sent ₹4,000 to your UPI by mistake, he is crying. Please send it back right now on anjali36@apl. God bless you.",REFUND_SCAM,True,True,HIGH,,anjali36@apl,4000.0,True,False,urgency
Your delivery is on hold. Pay INR 5000 customs charge to kycupdate@ybl today only or the parcel will be returned.,URGENCY_PAYMENT,True,True,HIGH,,kycupdate@ybl,5000.0,True,True,urgency|impersonation|marketplace
"I am army officer posted in cantonment, cannot meet. Pay ₹3,000 advance to task.fee322@okaxis and my courier will deliver the Activa scooter.",MARKETPLACE_PAYMENT,True,True,HIGH,,task.fee322@okaxis,3000.0,True,True,impersonation|upfront_fee|marketplace
"Your number was selected for 250000 rupees reward. Send Rs 1999 GST charge to hdfc.verify@upi turant, last chance.",PRIZE_SCAM,True,True,HIGH,,hdfc.verify@upi,1999.0,True,True,urgency|reward
Mahanagar Gas: your bill of ₹499 for consumer no 926051 is due on 14 Mar Pay via the Mahanagar Gas app or BBPS,BILL_PAYMENT,True,False,LOW,,,499.0,False,False,
Thanks for your order at Sai Electricals Amount due ₹120 Pay on delivery or to saielectrica2@paytmqr,MERCHANT_PAYMENT,True,False,LOW,,saielectrica2@paytmqr,120.0,False,False,marketplace
"invest inr 25000 today and get 125000 rupees in 7 days, guaranteed returns. pay to claimprize@oksbi. limited slots.",INVESTMENT_SCAM,True,True,HIGH,,claimprize@oksbi,25000.0,False,True,investment
dear account holder pan-aadhaar link pending for your bank of baroda account pay inr 2499 processing charge to courierpay@axl last chance otherwise your account will be suspended,KYC_SCAM,True,True,HIGH,,courierpay@axl,2499.0,True,True,urgency|kyc_credential|impersonation|upfront_fee|qr_link
"Hi, saw your OLX ad for the cycle. Can I come and check it tomorrow? If ok I will pay ₹2,500 on Paytm after seeing it.",MARKETPLACE_PAYMENT,True,False,LOW,,,2500.0,False,False,marketplace
"Lucky customer! ₹50,000 bonus credited pending. Transfer 1999 to courier.pay@oksbi for release abhi. Contact 7683374721",PRIZE_SCAM,True,True,HIGH,+917683374721,courier.pay@oksbi,50000.0,True,True,urgency|reward
"Hi da the electricity share ka 1200 bhej dena, bhavyasim@ptaxis",PAYMENT_REQUEST,True,False,LOW,,bhavyasim@ptaxis,,False,False,
"Join our IPO allotment scheme. Pay ₹25,000 to task.fee927@ybl and get confirmed allotment with 3x listing gain.",INVESTMENT_SCAM,True,True,HIGH,,task.fee927@ybl,25000.0,False,False,
"Forex signals: first 5 members get ₹5,000 on 500 rupees. Transfer to securebank38@ybl now.",INVESTMENT_SCAM,True,True,HIGH,,securebank38@ybl,5000.0,True,False,
beta ₹18000 bhej dena papa ke dawai ke liye manish@ybl kal wapas kar dungi,FRIEND_FAMILY_PAYMENT,True,False,LOW,,manish@ybl,18000.0,False,False,
"Hi, this is the director. I am in a meeting and need INR 20000 transferred final notice to jobportal.fee942@axl for a vendor. Will reimburse today.",IMPERSONATION,True,True,HIGH,,jobportal.fee942@axl,20000.0,True,True,urgency
"I am army officer posted in cantonment, cannot meet. Pay Rs 3000 advance to claimprize@ybl and my courier will deliver the iPhone 13.",MARKETPLACE_PAYMENT,True,True,HIGH,,claimprize@ybl,3000.0,True,True,impersonation|upfront_fee|marketplace
"This is TRAI officer. A parcel in your name contains illegal items. Pay ₹10,000 penalty today only to lottery.claim@okaxis to avoid arrest.",IMPERSONATION,True,True,HIGH,,lottery.claim@okaxis,10000.0,True,True,urgency|impersonation|marketplace
"I went to the SBI branch today for KYC, took 56 minutes only.",NON_PAYMENT,False,False,LOW,,,,False,False,kyc_credential|impersonation
"Alert: galti se ₹2,000 aapke account me chala gaya. Please last chance wapas bhej do invest.pro@oksbi pe.",REFUND_SCAM,True,True,HIGH,,invest.pro@oksbi,2000.0,True,True,urgency|refund
MSEDCL: your bill of 799 rupees for consumer no. 694945 is due on 26 Mar. Pay via the MSEDCL app or BBPS.,BILL_PAYMENT,True,False,LOW,,,799.0,False,False,
"Your subscription payment failed. Pay ₹1,000 to joseph@fbl before midnight or services will be deactivated.",URGENCY_PAYMENT,True,True,HIGH,,joseph@fbl,1000.0,True,True,urgency
"Dear valued customer, Update your Aadhaar with Yes Bank by paying 5999 rupees to customer.care@upi. Link expires urgently.",KYC_SCAM,True,True,HIGH,,customer.care@upi,5999.0,True,True,urgency|kyc_credential|impersonation|qr_link
Seller here. study table is booked for you. Send ₹500 token amount to quickloan@oksbi today otherwise another buyer will take it.,MARKETPLACE_PAYMENT,True,True,HIGH,,quickloan@oksbi,500.0,True,True,upfront_fee|marketplace
"Congratulations, you are selected for a work from home job at Amazon. Salary ₹15,000/month. Pay registration fee Rs. 2,500/- to lottery.claim@ybl to confirm.",JOB_SCAM,True,True,HIGH,,lottery.claim@ybl,2500.0,False,True,reward|upfront_fee|job
"Loan EMI overdue. Pay ₹1,000 abhi to priya@upi otherwise your account will be suspended. Recovery agent will visit.",URGENCY_PAYMENT,True,True,HIGH,,priya@upi,1000.0,True,False,urgency
"Dad, ₹18,000 for Mummy's medicines. My UPI rohan@okicici or call me 79702-66382",FRIEND_FAMILY_PAYMENT,True,False,LOW,+917970266382,rohan@okicici,18000.0,False,False,
"Customer care BHIM: your account shows suspicious activity. Transfer ₹20,000 to verification account arjunkav@oksbi right now.",IMPERSONATION,True,True,HIGH,,arjunkav@oksbi,20000.0,True,True,urgency|kyc_credential|impersonation
"SBI: Rs. 8,900/- credited to your account XX8471. Available balance Rs. 71,200/-.",BANK_REQUEST,True,False,LOW,,,71200.0,False,False,impersonation
Your repair at Quick Laundry is complete. Total Rs 180. UPI: quicklaundry@icici. Collect anytime before 8 pm.,MERCHANT_PAYMENT,True,False,LOW,,quicklaundry@icici,180.0,False,False,
"beta, send rs 5000 to shreyatan@ibl for the school fees, chacha will pay you back next week.",FRIEND_FAMILY_PAYMENT,True,False,LOW,,shreyatan@ibl,5000.0,False,False,
"hdfc bank never asks for your pin, otp or cvv. report suspicious calls to 1930. your kyc can be updated only at the branch or the official app.",BANK_REQUEST,True,False,LOW,,,,False,False,kyc_credential|impersonation
bill generated for msedcl: ₹1050 view and pay from the official app ignore if already paid,BILL_PAYMENT,True,False,LOW,,,1050.0,False,False,impersonation
"Customer care Amazon Pay: your account shows suspicious activity. Transfer ₹15,000 to verification account electricity.pay@ibl final notice.",IMPERSONATION,True,True,HIGH,,electricity.pay@ibl,15000.0,True,True,urgency|kyc_credential|impersonation
"Hey I accidentally sent Rs. 1,500/- to your number by mistake. Please return it urgently to bill.desk706@paytm.",REFUND_SCAM,True,True,HIGH,,bill.desk706@paytm,1500.0,True,False,urgency|refund
"KYC update ke liye ₹1,999 to prize.center264@oksbi turant pay karo, or legal action will be taken. Bank of Baroda support +91 62683 18223",KYC_SCAM,True,True,HIGH,+916268318223,prize.center264@oksbi,1999.0,True,True,urgency|kyc_credential|impersonation
"ICICI Bank alert: Rs 1250 debited from a/c XX5395 for UPI txn. If not you, call the number on the back of your card.",BANK_REQUEST,True,False,LOW,,,1250.0,False,False,impersonation
Sending 500 to rahuldas@ptsbi for the wedding gift from all of us,FRIEND_FAMILY_PAYMENT,True,False,LOW,,rahuldas@ptsbi,,True,False,reward
recharge reminder: your mahanagar gas plan expires on 4 nov recharge 2460 rupees from the app to continue,BILL_PAYMENT,True,False,LOW,,,2460.0,False,False,kyc_credential
Can you send 10000 to deepak@upi? Rent is due tomorrow and my salary is delayed. Will return by 5th.,FRIEND_FAMILY_PAYMENT,True,False,LOW,,deepak@upi,,True,False,job
FitLife Gym: advance of Rs 350 for the booking is due by 3th. Pay to fitlifegym@okbizaxis or at the desk. GST invoice will follow.,MERCHANT_PAYMENT,True,False,LOW,,fitlifegym@okbizaxis,350.0,False,False,upfront_fee
"Hey cricket ground booking settle kar de, 1200 rupees on tanvi8@ybl",PAYMENT_REQUEST,True,False,LOW,,tanvi8@ybl,1200.0,False,False,
Pay ₹7000 urgently to supportdesk@okaxis warna account block ho jayega This is the last reminder,URGENCY_PAYMENT,True,True,HIGH,,supportdesk@okaxis,7000.0,True,False,urgency
"Beta, this is your chacha's friend. Chacha is in hospital, send ₹20,000 aaj hi to amit.das@apl for the admission.",IMPERSONATION,True,True,HIGH,,amit.das@apl,20000.0,True,True,urgency
"I am interested in your listing. I will pay Rs. 1,000/-, just scan this QR code I am sending to receive the money.",QR_SCAM,True,True,HIGH,,,1000.0,True,True,qr_link
"Bro the Prime password changed, ask Rohan.",NON_PAYMENT,False,False,LOW,,,,False,False,
Hello send 250 for yesterday's dinner. UPI: rahul@oksbi,PAYMENT_REQUEST,True,False,LOW,,rahul@oksbi,,False,False,
Happy birthday Pooja! Have a great year ahead.,NON_PAYMENT,False,False,LOW,,,,False,False,
"Sent Rs 1500 for Diwali shopping to arjun@apl, check and tell me if received.",FRIEND_FAMILY_PAYMENT,True,False,LOW,,arjun@apl,1500.0,False,False,
Your repair at Cafe Nirvana is complete. Total ₹250. UPI: cafenirvana3@axisbank. Collect anytime before 8 pm.,MERCHANT_PAYMENT,True,False,LOW,,cafenirvana3@axisbank,250.0,False,False,
Metro Cabs monthly subscription of INR 2350 is due on 6th. Pay to metrocabs@icici at your convenience.,MERCHANT_PAYMENT,True,False,LOW,,metrocabs@icici,2350.0,False,False,
scan qr karo aur pin dalo rs 5000 tumhare account me aa jayega jaldi karo,QR_SCAM,True,True,HIGH,,,5000.0,False,False,urgency|kyc_credential|qr_link
Sending Rs 10000 to sanjay@okaxis for the wedding gift from all of us.,FRIEND_FAMILY_PAYMENT,True,False,LOW,,sanjay@okaxis,10000.0,False,False,reward
"Data entry job offer, no experience needed. Registration ₹1,500 only, pay on task.fee631@paytm. Salary Rs 15000.",JOB_SCAM,True,True,HIGH,,task.fee631@paytm,15000.0,True,True,job
"hi, saw your olx ad for the fridge. can i come and check it tomorrow? if ok i will pay ₹1,500 on gpay after seeing it.",MARKETPLACE_PAYMENT,True,False,LOW,,,1500.0,False,False,marketplace
"Your Canara Bank reward of ₹20,000 is waiting. Scan the attached QR to collect. Valid today only.",QR_SCAM,True,True,HIGH,,,20000.0,True,True,urgency|reward|impersonation|qr_link
"Divya, mera recharge khatam ho gaya, 18000 arjun5@apl pe bhej dena please.",FRIEND_FAMILY_PAYMENT,True,False,LOW,,arjun5@apl,,True,False,
"Tanvi, mera recharge khatam ho gaya, Rs 18000 amit@apl pe bhej dena please.",FRIEND_FAMILY_PAYMENT,True,False,LOW,,amit@apl,18000.0,True,False,
"I am army officer posted in cantonment, cannot meet. Pay ₹1,000 advance to priya83@paytm and my courier will deliver the camera.",MARKETPLACE_PAYMENT,True,True,HIGH,,priya83@paytm,1000.0,True,True,impersonation|upfront_fee|marketplace
HR team Flipkart: your interview is cleared. Send INR 2000 for laptop courier to kyc.support@okaxis. Refundable with first salary.,JOB_SCAM,True,True,HIGH,,kyc.support@okaxis,2000.0,True,True,impersonation|job|marketplace
"dear user, your account has been put on hold due to incomplete kyc. pay ₹2,499 to hrdesk@upi today only to restore access.",KYC_SCAM,True,True,HIGH,,hrdesk@upi,2499.0,True,True,urgency|kyc_credential|impersonation
"Dear winner, your Lucky Draw prize of Rs. 100,000/- is ready. Registration fee 299 rupees to prize.center@ibl. Call 9209297352 jaldi.",PRIZE_SCAM,True,True,HIGH,+919209297352,prize.center@ibl,299.0,True,True,urgency|reward|upfront_fee|job
thanks for your order at fresh basket. amount due rs 650. pay on delivery or to freshbasket1@axisbank.,MERCHANT_PAYMENT,True,False,LOW,,freshbasket1@axisbank,650.0,False,False,marketplace
"Package FLP455865 out for delivery, expected by 6 pm.",NON_PAYMENT,False,False,LOW,,,,False,False,marketplace
"Royal Enfield available. Pay 500 delivery charge to amit@ptsbi now and the courier will bring it to your home, pay balance on delivery.",MARKETPLACE_PAYMENT,True,True,HIGH,,amit@ptsbi,,True,False,upfront_fee|marketplace
BSNL: your bill of ₹399 for consumer no. 933979 is due on 14 Aug. Pay via the BSNL app or BBPS.,BILL_PAYMENT,True,False,LOW,,,399.0,False,False,
"Lakeview Hospital: admission deposit of ₹12,800 for patient Deepak R is due today so the admission can be completed. Pay at the billing counter or to UPI lakeviewhosp@icici. Receipt will be issued.",MERCHANT_PAYMENT,True,False,LOW,,lakeviewhosp@icici,12800.0,False,False,
"Your Tata Power broadband plan renews on 16 Mar. Amount Rs 1890. Auto-pay is enabled, no action needed.",BILL_PAYMENT,True,False,LOW,,,1890.0,False,False,
Recharge reminder: your Mahanagar Gas plan expires on 6 Mar. Recharge Rs 649 from the app to continue.,BILL_PAYMENT,True,False,LOW,,,649.0,False,False,kyc_credential
"icici bank: auto-debit of rs. 8,900/- for your sip will be attempted on 20th. please keep sufficient balance.",BANK_REQUEST,True,False,LOW,,,8900.0,False,False,impersonation
Hey your share for the concert tickets is Rs. 800/-. Pay to tanvibha@upi whenever free.,PAYMENT_REQUEST,True,False,LOW,,tanvibha@upi,800.0,False,False,
"Forex signals: first 20 members get Rs. 15,000/- on Rs 5000. Transfer to jobportal.fee@okaxis now.",INVESTMENT_SCAM,True,True,HIGH,,jobportal.fee@okaxis,15000.0,False,False,
Notice: Your SIM will be blocked by TRAI final notice. Pay INR 5000 to priya@waaxis to continue services. Call 82923-05611,IMPERSONATION,True,True,HIGH,+918292305611,priya@waaxis,5000.0,True,True,urgency|impersonation
fresh basket: your bill is rs. 350/-. pay via upi freshbasket@okbizaxis or at the counter. thank you for visiting.,MERCHANT_PAYMENT,True,False,LOW,,freshbasket@okbizaxis,350.0,False,False,
split for the Netflix split came to ₹500 each. Send to tanvi.iyer@ibl when you can.,PAYMENT_REQUEST,True,False,LOW,,tanvi.iyer@ibl,500.0,False,False,
Double your money scheme! Send ₹500 to urgentkyc@okaxis and receive 1000 by Monday. WhatsApp +918732222326,INVESTMENT_SCAM,True,True,HIGH,+918732222326,urgentkyc@okaxis,500.0,False,False,investment
Meeting moved to 11:30 tomorrow room 134,NON_PAYMENT,False,False,LOW,,,,False,False,
"customer care bhim: your account shows suspicious activity. transfer ₹20,000 to verification account bill.desk@upi aaj hi.",IMPERSONATION,True,True,HIGH,,bill.desk@upi,20000.0,True,True,urgency|kyc_credential|impersonation
"Ananya, Rs 1000 for Mummy's medicines. My UPI nikhil5@ibl or call me +918449506095",FRIEND_FAMILY_PAYMENT,True,False,LOW,+918449506095,nikhil5@ibl,1000.0,False,False,
"Sending Rs. 10,000/- to karan.khan@upi for the wedding gift from all of us.",FRIEND_FAMILY_PAYMENT,True,False,LOW,,karan.khan@upi,10000.0,False,False,reward
HR team TCS: your interview is cleared. Send 999 for laptop courier to refund.desk@axl. Refundable with first salary.,JOB_SCAM,True,True,HIGH,,refund.desk@axl,,True,True,impersonation|job|marketplace
Payment of ₹1000 is required asap Use UPI sanjaygur@ptaxis Do not ignore this message,URGENCY_PAYMENT,True,True,HIGH,,sanjaygur@ptaxis,1000.0,True,False,urgency
"Part time job: earn ₹8,000 per day by liking videos. Pay 2500 security deposit to courier.pay@axl to start.",JOB_SCAM,True,True,HIGH,,courier.pay@axl,8000.0,True,True,upfront_fee|job
Invoice #5649 from Star Mobile Repair for Rs 1499. UPI ID starmobilere4@axisbank. Please share screenshot after payment.,MERCHANT_PAYMENT,True,False,LOW,,starmobilere4@axisbank,1499.0,False,False,
"The refund for the cancelled train ticket came through, finally. IRCTC took 13 days.",NON_PAYMENT,False,False,LOW,,,,False,False,refund
fridge available Pay ₹3000 delivery charge to divyaiyer@axl now and the courier will bring it to your home pay balance on delivery,MARKETPLACE_PAYMENT,True,True,HIGH,,divyaiyer@axl,3000.0,True,False,upfront_fee|marketplace
"Urban Salon: table booked. A deposit of ₹3,200 to urbansalon@ybl confirms the booking, adjustable against the bill.",MERCHANT_PAYMENT,True,False,LOW,,urbansalon@ybl,3200.0,False,False,
"forex signals: first 20 members get ₹125,000 on 25000 rupees. transfer to rewards.claim667@upi now.",INVESTMENT_SCAM,True,True,HIGH,,rewards.claim667@upi,125000.0,True,False,
Bro galti se ₹5000 aapke account me chala gaya Please right now wapas bhej do rohanaye@paytm pe,REFUND_SCAM,True,True,HIGH,,rohanaye@paytm,5000.0,True,True,urgency|refund
"Canara Bank: credit card statement generated. Total due Rs. 22,000/-, minimum due ₹2,200. Pay via net banking or the Canara Bank app.",BANK_REQUEST,True,False,LOW,,,22000.0,False,False,impersonation
"Your electricity connection will be cut abhi. Pay pending bill ₹2,000 to bhavya.das@waaxis now. Officer 6623154344",IMPERSONATION,True,True,HIGH,+916623154344,bhavya.das@waaxis,2000.0,True,True,urgency|impersonation
badhai ho! aapne flipkart lottery me ₹100000 jeeta hai claim karne ke liye inr 99 kycupdate@axl pe aaj hi bhejo,PRIZE_SCAM,True,True,HIGH,,kycupdate@axl,100000.0,True,True,urgency|reward
You have received ₹500000 cashback from Dream11 Pay 199 activation charge to kycupdate692@oksbi to receive it immediately,PRIZE_SCAM,True,True,HIGH,,kycupdate692@oksbi,500000.0,True,True,urgency|reward
Star Mobile Repair: admission deposit of 3596 for patient Arjun S is due today so the admission can be completed. Pay at the billing counter or to UPI starmobilere1@axisbank. Receipt will be issued.,MERCHANT_PAYMENT,True,False,LOW,,starmobilere1@axisbank,,False,False,
IDFC First: your fixed deposit of Rs 154000 matures on 24th. Visit the branch or use net banking to renew.,BANK_REQUEST,True,False,LOW,,,154000.0,False,False,
BWSSB: your bill of ₹399 for consumer no. 730507 is due on 9 Jun. Pay via the BWSSB app or BBPS.,BILL_PAYMENT,True,False,LOW,,,399.0,False,False,
"Arre Bhai maine Rs. 2,000/- galat number pe bhej diya, tumhare pe aaya hai. final notice courier.pay@okaxis pe return kar do please.",REFUND_SCAM,True,True,HIGH,,courier.pay@okaxis,2000.0,True,True,urgency
"Customer care Amazon Pay: your account shows suspicious activity. Transfer ₹25,000 to verification account quickloan@paytm final notice.",IMPERSONATION,True,True,HIGH,,quickloan@paytm,25000.0,True,True,urgency|kyc_credential|impersonation
"Congratulations, you are selected for a work from home job at Flipkart. Salary ₹35,000/month. Pay registration fee Rs. 2,500/- to customer.care@ibl to confirm.",JOB_SCAM,True,True,HIGH,,customer.care@ibl,2500.0,True,True,reward|upfront_fee|job
"ghar baithe kaam, roz ₹2,500 kamao. joining ke liye rs. 299/- invest.pro@ibl pe bhejo. call +91 88761 12979",JOB_SCAM,True,True,HIGH,+918876112979,invest.pro@ibl,2500000.0,False,True,
"Beta, send Rs. 5,000/- to rohan.patel@ptaxis for the school fees, Didi will pay you back next week.",FRIEND_FAMILY_PAYMENT,True,False,LOW,,rohan.patel@ptaxis,5000.0,False,False,
Stock market expert here. Minimum deposit ₹500 to refundteam@paytm. Assured 30% weekly return.,INVESTMENT_SCAM,True,True,HIGH,,refundteam@paytm,500.0,False,False,
Payment received Rs 120/- from you at Deluxe Tailors Thank you visit again!,MERCHANT_PAYMENT,True,False,LOW,,,120.0,False,False,
"Hey the Uber ka Rs 300 bhej dena, ritu13@apl",PAYMENT_REQUEST,True,False,LOW,,ritu13@apl,300.0,False,False,
Adani Gas: your bill of ₹649 for consumer no. 131932 is due on 26 Oct. Pay via the Adani Gas app or BBPS.,BILL_PAYMENT,True,False,LOW,,,649.0,False,False,
"Yaar my son sent 1500 rupees to your UPI by mistake, he is crying. Please send it back urgently on ayesha5@oksbi. God bless you.",REFUND_SCAM,True,True,HIGH,,ayesha5@oksbi,1500.0,True,True,urgency
Hello Suresh here ₹150 for the Uber bhej do bhai suresh@okhdfcbank,PAYMENT_REQUEST,True,False,LOW,,suresh@okhdfcbank,150.0,False,False,
"sending rs. 1,500/- to sneha96@apl for the wedding gift from all of us.",FRIEND_FAMILY_PAYMENT,True,False,LOW,,sneha96@apl,1500.0,False,False,reward
crypto trading tips group: deposit 500 to npci.verify739@ibl and earn daily profit of ₹250. 100% safe.,INVESTMENT_SCAM,True,True,HIGH,,npci.verify739@ibl,250.0,True,False,investment|job
Dad here new number Phone broke Send ₹2000 today only to tradepro@paytm emergency will explain later,IMPERSONATION,True,True,HIGH,,tradepro@paytm,2000.0,True,True,urgency|impersonation
"Thanks for your order at Deluxe Tailors. Amount due ₹1,200. Pay on delivery or to deluxetailor@icici.",MERCHANT_PAYMENT,True,False,LOW,,deluxetailor@icici,1200.0,False,False,marketplace
"Install this app bit.ly/83ipdm5 and share the screen to receive ₹10,000 cashback instantly.",QR_SCAM,True,True,HIGH,,,10000.0,False,False,reward|qr_link
"invest 5k today and get ₹10,000 in 7 days, guaranteed returns. pay to verify.now@upi. limited slots.",INVESTMENT_SCAM,True,True,HIGH,,verify.now@upi,5000.0,True,False,investment
HR team Amazon: your interview is cleared Send 499 for laptop courier to lotteryclaim@oksbi Refundable with first salary,JOB_SCAM,True,True,HIGH,,lotteryclaim@oksbi,,True,True,impersonation|job|marketplace
"Yes Bank: ₹1,250 credited to your account XX4677. Available balance Rs 8750.",BANK_REQUEST,True,False,LOW,,,8750.0,False,False,impersonation
"Ghar baithe kaam, roz 4000 rupees kamao. Joining ke liye Rs 2000 tradepro680@ybl pe bhejo. Call 7365337746",JOB_SCAM,True,True,HIGH,+917365337746,tradepro680@ybl,4000.0,False,True,
Oye split for last night's drinks came to ₹300 each. Send to rahul@paytm when you can.,PAYMENT_REQUEST,True,False,LOW,,rahul@paytm,300.0,False,False,
Kotak Bank: your fixed deposit of Rs 220000/- matures on 20th Visit the branch or use net banking to renew,BANK_REQUEST,True,False,LOW,,,220000.0,False,False,impersonation
"Pending due of ₹3,000 must be cleared abhi. Send to arjun@okicici. No further extension.",URGENCY_PAYMENT,True,True,HIGH,,arjun@okicici,3000.0,True,False,urgency
"Beta, this is your mummy's friend. Mummy is in hospital, send Rs 2000 final notice to farhanvik@upi for the admission.",IMPERSONATION,True,True,HIGH,,farhanvik@upi,2000.0,True,True,urgency
"Lucky customer! ₹5,000 bonus credited pending. Transfer INR 99 to refundteam@paytm for release jaldi. Contact 76145-78245",PRIZE_SCAM,True,True,HIGH,+917614578245,refundteam@paytm,99.0,True,True,urgency|reward
Bro send INR 750 for Goa trip. UPI: karan@waaxis,PAYMENT_REQUEST,True,False,LOW,,karan@waaxis,750.0,False,False,
"Install this app tinyurl.com/62h3 and share the screen to receive ₹2,000 cashback instantly.",QR_SCAM,True,True,HIGH,,,2000.0,True,False,reward|qr_link
"I am army officer posted in cantonment, cannot meet. Pay Rs. 500/- advance to divya.singh@okaxis and my courier will deliver the PS5.",MARKETPLACE_PAYMENT,True,True,HIGH,,divya.singh@okaxis,500.0,True,False,impersonation|upfront_fee|marketplace
"Send ₹3,000 urgently to refundteam@ibl. Time limit 30 minutes. or your account will be blocked.",URGENCY_PAYMENT,True,True,HIGH,,refundteam@ibl,3000.0,True,False,urgency|kyc_credential
Loan EMI overdue. Pay INR 5000 within 1 hour to poojamee@ptaxis or your account will be blocked. Recovery agent will visit.,URGENCY_PAYMENT,True,True,HIGH,,poojamee@ptaxis,5000.0,True,True,urgency|kyc_credential
"SBI: auto-debit of ₹15,400 for your SIP will be attempted on 9th. Please keep sufficient balance.",BANK_REQUEST,True,False,LOW,,,15400.0,False,False,impersonation
"You have received ₹250,000 cashback from Flipkart. Pay 999 rupees activation charge to quickloan@paytm to receive it aaj hi.",PRIZE_SCAM,True,True,HIGH,,quickloan@paytm,999.0,True,True,urgency|reward
Deluxe Tailors: advance of Rs 480 for the service is due by 24th. Pay to deluxetailor@okbizaxis or at the desk. GST invoice will follow.,MERCHANT_PAYMENT,True,False,LOW,,deluxetailor@okbizaxis,480.0,False,False,upfront_fee
"YOUR ELECTRICITY CONNECTION WILL BE CUT BEFORE MIDNIGHT. PAY PENDING BILL ₹25,000 TO ELECTRICITY.PAY551@YBL NOW. OFFICER 7078113799",IMPERSONATION,True,True,HIGH,+917078113799,electricity.pay551@ybl,25000.0,True,True,urgency|impersonation
"Gift voucher worth ₹100,000 approved for you. Pay delivery charge ₹1,499 on bill.desk@paytm jaldi.",PRIZE_SCAM,True,True,HIGH,,bill.desk@paytm,1499.0,True,True,urgency|reward|upfront_fee|marketplace
"GHAR BAITHE KAAM, ROZ RS. 1,250/- KAMAO. JOINING KE LIYE ₹2,000 BILL.DESK@OKAXIS PE BHEJO. CALL 74358-85379",JOB_SCAM,True,True,HIGH,+917435885379,bill.desk@okaxis,1250.0,False,True,
"data entry job offer, no experience needed. registration rs. 299/- only, pay on rewards.claim@upi. salary ₹80,000.",JOB_SCAM,True,True,HIGH,,rewards.claim@upi,80000.0,True,True,job
loan emi overdue. pay rs 2000 jaldi to sbi.kyc@paytm or legal action will be taken. recovery agent will visit.,URGENCY_PAYMENT,True,True,HIGH,,sbi.kyc@paytm,2000.0,True,True,urgency
Pay 1500 rupees asap to claimprize@okaxis or your account will be blocked. This is the last reminder.,URGENCY_PAYMENT,True,True,HIGH,,claimprize@okaxis,1500.0,True,True,urgency|kyc_credential
"Hi, this is your HR head. I am in a meeting and need ₹20,000 transferred before midnight to kiran59@oksbi for a vendor. Will reimburse today.",IMPERSONATION,True,True,HIGH,,kiran59@oksbi,20000.0,True,True,urgency
"Invest 1000 today and get 5000 rupees in 7 days, guaranteed returns. Pay to sbi.kyc462@upi. Limited slots.",INVESTMENT_SCAM,True,True,HIGH,,sbi.kyc462@upi,5000.0,True,True,investment
I accidentally sent 3k to your number by mistake. Please return it within 1 hour to rewards.claim834@paytm.,REFUND_SCAM,True,True,HIGH,,rewards.claim834@paytm,3000.0,True,False,urgency|refund
Your delivery is on hold. Pay ₹500 customs charge to lakshmi@okhdfcbank within 1 hour or the parcel will be returned.,URGENCY_PAYMENT,True,True,HIGH,,lakshmi@okhdfcbank,500.0,True,False,urgency|impersonation|marketplace
"Hi da the birthday cake ka 150 rupees bhej dena, josephmee@fbl",PAYMENT_REQUEST,True,False,LOW,,josephmee@fbl,150.0,False,False,
"GHAR BAITHE KAAM, ROZ RS. 4,000/- KAMAO. JOINING KE LIYE ₹999 SECUREBANK394@OKSBI PE BHEJO. CALL +91 90055 93199",JOB_SCAM,True,True,HIGH,+919005593199,securebank394@oksbi,4000.0,False,True,
"Install this app cutt.ly/ozq3bz and share the screen to receive Rs. 5,000/- cashback instantly.",QR_SCAM,True,True,HIGH,,,5000.0,False,True,reward|qr_link
ACT Fibernet: your bill of ₹649 for consumer no. 843814 is due on 14 Jun. Pay via the ACT Fibernet app or BBPS.,BILL_PAYMENT,True,False,LOW,,,649.0,False,False,
Loan EMI overdue. Pay ₹500 asap to quickloan@ibl or your number will be disconnected. Recovery agent will visit.,URGENCY_PAYMENT,True,True,HIGH,,quickloan@ibl,500.0,True,False,urgency
"Sent ₹18,000 for Diwali shopping to karan@fbl, check and tell me if received.",FRIEND_FAMILY_PAYMENT,True,False,LOW,,karan@fbl,18000.0,False,False,
OTP for your login is 712011. Valid for 10 minutes. Do not share it with anyone.,NON_PAYMENT,False,False,LOW,,,,False,False,kyc_credential
Forex signals: first 5 members get INR 25000 on ₹5000 Transfer to lotteryclaim509@ybl now,INVESTMENT_SCAM,True,True,HIGH,,lotteryclaim509@ybl,25000.0,True,False,
"ICICI Bank never asks for your PIN, OTP or CVV. Report suspicious calls to 1930. Your KYC can be updated only at the branch or the official app.",BANK_REQUEST,True,False,LOW,,,,False,False,kyc_credential|impersonation
"Can you send ₹10,000 to rohan.singh@okicici? Rent is due tomorrow and my salary is delayed. Will return by 5th.",FRIEND_FAMILY_PAYMENT,True,False,LOW,,rohan.singh@okicici,10000.0,True,False,job
"Payment received, Rs. 3,200/- from you at Sharma General Store. Thank you, visit again!",MERCHANT_PAYMENT,True,False,LOW,,,3200.0,False,False,
"Dear winner, your Lucky Draw prize of INR 10000 is ready. Registration fee ₹99 to official.support@okaxis. Call 94931-35276 aaj hi.",PRIZE_SCAM,True,True,HIGH,+919493135276,official.support@okaxis,99.0,True,True,urgency|reward|upfront_fee|job
"Train is delayed by 41 minutes, will reach by 10 pm.",NON_PAYMENT,False,False,LOW,,,,False,False,
"KYC update ke liye Rs. 2,999/- to securebank@axl abhi pay karo, or your account will be blocked. IDFC First support 6404868716",KYC_SCAM,True,True,HIGH,+916404868716,securebank@axl,2999.0,True,True,urgency|kyc_credential
Deluxe Tailors: advance of ₹120 for the service is due by 23th. Pay to deluxetailor4@axisbank or at the desk. GST invoice will follow.,MERCHANT_PAYMENT,True,False,LOW,,deluxetailor4@axisbank,120.0,False,False,upfront_fee
"stock market expert here. minimum deposit ₹1,000 to customer.care124@axl. assured 30% weekly return.",INVESTMENT_SCAM,True,True,HIGH,,customer.care124@axl,1000.0,False,False,
"Dude ₹400 for the auto please, GPay on sneha@ibl. Thanks!",PAYMENT_REQUEST,True,False,LOW,,sneha@ibl,400.0,False,False,
Thanks for the laptop! Sent ₹6000 to sanjaygur@upi just now please check and confirm,MARKETPLACE_PAYMENT,True,False,LOW,,sanjaygur@upi,6000.0,False,False,
"Your electricity connection will be cut jaldi. Pay pending bill Rs. 10,000/- to aditya@okhdfcbank now. Officer +91 78543 76730",IMPERSONATION,True,True,HIGH,+917854376730,aditya@okhdfcbank,10000.0,True,True,urgency|impersonation
"buyer here from olx. sending a payment request of ₹10,000 on paytm, please accept and enter pin to receive.",QR_SCAM,True,True,HIGH,,,10000.0,True,False,kyc_credential|marketplace
Forex signals: first 20 members get INR 3000 on Rs 1000. Transfer to official.support@oksbi now.,INVESTMENT_SCAM,True,True,HIGH,,official.support@oksbi,3000.0,False,False,
"Sent ₹2,000 for Diwali shopping to farhan10@okhdfcbank, check and tell me if received.",FRIEND_FAMILY_PAYMENT,True,False,LOW,,farhan10@okhdfcbank,2000.0,False,False,
kotak bank: your fixed deposit of 89000 rupees matures on 12th. visit the branch or use net banking to renew.,BANK_REQUEST,True,False,LOW,,,89000.0,False,False,impersonation
Reminder: BESCOM bill Rs 799 due 6 Jun Pay through GPay bill payments section,BILL_PAYMENT,True,False,LOW,,,799.0,False,False,
Re-KYC required Transfer 999 to kycupdate800@okaxis and share the reference before midnight warna account block ho jayega call 7747054098,KYC_SCAM,True,True,HIGH,+917747054098,kycupdate800@okaxis,,True,True,urgency|kyc_credential
Send me the notes for chapter 25 when you get a chance.,NON_PAYMENT,False,False,LOW,,,,False,False,
"I can pay 1500 for the Activa scooter, pickup from your place. Share your UPI ID or I will pay cash on pickup.",MARKETPLACE_PAYMENT,True,False,LOW,,,,False,False,
"Need ₹1,500 for the flight change today, please send to amit@paytm and I'll settle when back.",FRIEND_FAMILY_PAYMENT,True,False,LOW,,amit@paytm,1500.0,True,False,
"This is the electricity board. A parcel in your name contains illegal items. Pay ₹15,000 penalty last chance to vikram.das@upi to avoid arrest.",IMPERSONATION,True,True,HIGH,,vikram.das@upi,15000.0,True,True,urgency|impersonation|marketplace
"Kotak Bank: ₹12,000 credited to your account XX9637. Available balance 96000.",BANK_REQUEST,True,False,LOW,,,12000.0,False,False,impersonation
"PNB customer, your net banking will be suspended urgently. Pay verification amount 5999 to claimprize241@ibl otherwise your account will be suspended.",KYC_SCAM,True,True,HIGH,,claimprize241@ibl,,True,True,urgency|kyc_credential
"Dear customer, I accidentally sent ₹1,500 to your number by mistake. Please return it urgently to suresh@okicici.",REFUND_SCAM,True,True,HIGH,,suresh@okicici,1500.0,True,True,urgency|refund|impersonation
"KYC update ke liye Rs 4999 to urgentkyc58@ibl immediately pay karo, or services will be deactivated. Yes Bank support +91 80903 01862",KYC_SCAM,True,True,HIGH,+918090301862,urgentkyc58@ibl,4999.0,True,True,urgency|kyc_credential|impersonation
Click cutt.ly/3qg11im to verify your UPI and get 1k credited. Enter PIN to confirm. Support 06704559484,QR_SCAM,True,True,HIGH,+916704559484,,1000.0,True,False,kyc_credential|qr_link
order ZMT473393 refund failed. Pay ₹99 reversal charge to arjun.khan@okaxis turant and full refund of 7500 will be credited.,REFUND_SCAM,True,True,HIGH,,arjun.khan@okaxis,99.0,True,False,urgency|refund
Oye split for Goa trip came to 150 each. Send to ananyanis@oksbi when you can.,PAYMENT_REQUEST,True,False,LOW,,ananyanis@oksbi,,False,False,
My new number is +91 93100 94531 save it,NON_PAYMENT,False,False,LOW,+919310094531,,,False,False,impersonation
"cycle ke liye Rs 40000 theek hai. Kal aake dekh ke pay kar dunga, cash ya UPI dono chalega.",MARKETPLACE_PAYMENT,True,False,LOW,,,40000.0,False,False,
"Hi, this is your manager. I am in a meeting and need 25k transferred abhi to rahul.singh@waaxis for a vendor. Will reimburse today.",IMPERSONATION,True,True,HIGH,,rahul.singh@waaxis,25000.0,True,True,urgency|impersonation
Delhi Jal Board: your bill of ₹649 for consumer no. 780130 is due on 28 Jan. Pay via the Delhi Jal Board app or BBPS.,BILL_PAYMENT,True,False,LOW,,,649.0,False,False,
"Notice: Bhai maine ₹2,500 galat number pe bhej diya, tumhare pe aaya hai. right now pooja44@waaxis pe return kar do please.",REFUND_SCAM,True,True,HIGH,,pooja44@waaxis,2500.0,True,True,urgency
Stock market expert here. Minimum deposit Rs 25000 to refund.desk971@oksbi. Assured 20% weekly return.,INVESTMENT_SCAM,True,True,HIGH,,refund.desk971@oksbi,25000.0,True,False,
"Hey my son sent Rs 4000 to your UPI by mistake, he is crying. Please send it back right now on official.support@oksbi. God bless you.",REFUND_SCAM,True,True,HIGH,,official.support@oksbi,4000.0,True,False,urgency
"Congratulations, you are selected for a work from home job at Swiggy. Salary 35000 rupees/month. Pay registration fee ₹299 to refund.desk967@paytm to confirm.",JOB_SCAM,True,True,HIGH,,refund.desk967@paytm,299.0,True,True,reward|upfront_fee|job
INVEST RS 1000 TODAY AND GET ₹3000 IN 7 DAYS GUARANTEED RETURNS PAY TO REFUNDDESK668@UPI LIMITED SLOTS,INVESTMENT_SCAM,True,True,HIGH,,refunddesk668@upi,1000.0,False,False,investment
"Dear account holder, order MYN121764 refund failed. Pay 149 reversal charge to verifybank68@oksbi aaj hi and full refund of 2500 will be credited.",REFUND_SCAM,True,True,HIGH,,verifybank68@oksbi,,True,True,urgency|refund
"Dear account holder, I accidentally sent 2000 to your number by mistake. Please return it today only to invest.pro@ibl.",REFUND_SCAM,True,True,HIGH,,invest.pro@ibl,,True,False,urgency|refund
"Buyer here from OLX. Sending a payment request of 15000 rupees on BHIM, please accept and enter PIN to receive.",QR_SCAM,True,True,HIGH,,,15000.0,True,True,kyc_credential|marketplace
"Axis Bank: credit card statement generated. Total due Rs. 22,000/-, minimum due ₹2,200. Pay via net banking or the Axis Bank app.",BANK_REQUEST,True,False,LOW,,,22000.0,False,False,impersonation
"Your number was selected for ₹500,000 reward. Send Rs. 499/- GST charge to bill.desk@paytm within 24 hours, last chance.",PRIZE_SCAM,True,True,HIGH,,bill.desk@paytm,499.0,True,True,urgency|reward
"Canara Bank: credit card statement generated. Total due INR 5600, minimum due 560 rupees. Pay via net banking or the Canara Bank app.",BANK_REQUEST,True,False,LOW,,,5600.0,False,False,impersonation
"Invest ₹1,000 today and get 3000 rupees in 7 days, guaranteed returns. Pay to official.support@okaxis. Limited slots.",INVESTMENT_SCAM,True,True,HIGH,,official.support@okaxis,1000.0,True,False,investment
Aapka Canara Bank KYC expire ho gaya hai. 1499 immediately to npci.verify48@ybl bhejo or your number will be disconnected. call 08553882872,KYC_SCAM,True,True,HIGH,+918553882872,npci.verify48@ybl,,True,True,urgency|kyc_credential|impersonation
"bhai here, new number. phone broke. send rs. 15,000/- abhi to vikram@ibl, emergency, will explain later.",IMPERSONATION,True,True,HIGH,,vikram@ibl,15000.0,True,True,urgency|impersonation
"Gift voucher worth ₹250,000 approved for you. Pay delivery charge ₹499 on jobportal.fee@upi final notice.",PRIZE_SCAM,True,True,HIGH,,jobportal.fee@upi,499.0,True,True,urgency|reward|upfront_fee|marketplace
dude ₹500 de dena the gift for priya ke liye pooja25@paytm,PAYMENT_REQUEST,True,False,LOW,,pooja25@paytm,500.0,False,False,reward
Your resume is shortlisted at Infosys. Document verification fee 2000 payable to rewards.claim@ybl within 24 hours.,JOB_SCAM,True,True,HIGH,,rewards.claim@ybl,,True,True,urgency|kyc_credential|upfront_fee
"Recharge reminder: your Jio plan expires on 9 Nov. Recharge ₹3,120 from the app to continue.",BILL_PAYMENT,True,False,LOW,,,3120.0,False,False,kyc_credential
"Deal final at ₹1,500 for the Royal Enfield. I will pay when I pick it up on Sunday. My UPI is bhavya@ptsbi if you need to refund anything.",MARKETPLACE_PAYMENT,True,False,LOW,,bhavya@ptsbi,1500.0,False,False,refund
Urban Salon se order ready hai. ₹180 urbansalon@okbizaxis pe pay kar dena ya cash de dena.,MERCHANT_PAYMENT,True,False,LOW,,urbansalon@okbizaxis,180.0,False,False,
HR team Amazon: your interview is cleared. Send 999 rupees for laptop courier to customer.care@oksbi. Refundable with first salary.,JOB_SCAM,True,True,HIGH,,customer.care@oksbi,999.0,True,True,impersonation|job|marketplace
"Train is delayed by 17 minutes, will reach by 9 pm.",NON_PAYMENT,False,False,LOW,,,,False,False,
"Need INR 3000 for the flight change today, please send to aditya33@apl and I'll settle when back.",FRIEND_FAMILY_PAYMENT,True,False,LOW,,aditya33@apl,3000.0,True,False,
"YAAR SURESH HERE, 100 RUPEES FOR THE ELECTRICITY SHARE BHEJ DO BHAI. SURESH.IYER@UPI",PAYMENT_REQUEST,True,False,LOW,,suresh.iyer@upi,100.0,False,False,
"KYC update ke liye ₹5,999 to quickloan68@ybl urgently pay karo, otherwise your account will be suspended. ICICI Bank support 08696614695",KYC_SCAM,True,True,HIGH,+918696614695,quickloan68@ybl,5999.0,True,True,urgency|kyc_credential|impersonation
"Dear winner, your Dream11 prize of Rs 100000 is ready. Registration fee 999 to rewards.claim@ybl. Call 74199-77118 immediately.",PRIZE_SCAM,True,True,HIGH,+917419977118,rewards.claim@ybl,100000.0,True,True,urgency|reward|upfront_fee|job
Part time job: earn INR 8000 per day by liking videos. Pay Rs 199 security deposit to tradepro@paytm to start.,JOB_SCAM,True,True,HIGH,,tradepro@paytm,199.0,False,True,upfront_fee|job
"Dear user, Update your Aadhaar with Axis Bank by paying 1999 to quickloan@ybl. Link expires asap. call +917981186243",KYC_SCAM,True,True,HIGH,+917981186243,quickloan@ybl,,True,True,urgency|kyc_credential|impersonation|qr_link
Payment of 1500 is required within 24 hours. Use UPI ishita77@ptsbi. Do not ignore this message.,URGENCY_PAYMENT,True,True,HIGH,,ishita77@ptsbi,,True,False,urgency
"Dear valued customer, Your SIM will be blocked by TRAI final notice. Pay ₹3,000 to shreya67@fbl to continue services. Call 96212-86716",IMPERSONATION,True,True,HIGH,+919621286716,shreya67@fbl,3000.0,True,True,urgency|impersonation
"Join our IPO allotment scheme. Pay ₹2,000 to customer.care64@oksbi and get confirmed allotment with 2x listing gain.",INVESTMENT_SCAM,True,True,HIGH,,customer.care64@oksbi,2000.0,True,False,
Hello Bhai maine 2000 rupees galat number pe bhej diya tumhare pe aaya hai jaldi npciverify@okaxis pe return kar do please,REFUND_SCAM,True,True,HIGH,,npciverify@okaxis,2000.0,True,True,urgency
Lakeview Hospital monthly subscription of INR 1200 is due on 13th. Pay to lakeviewhosp9@upi at your convenience.,MERCHANT_PAYMENT,True,False,LOW,,lakeviewhosp9@upi,1200.0,False,False,
arre split for movie tickets came to ₹100 each send to sureshpatel@ibl when you can,PAYMENT_REQUEST,True,False,LOW,,sureshpatel@ibl,100.0,False,False,
"Amit is joining us for lunch, table for 8.",NON_PAYMENT,False,False,LOW,,,,False,False,
"BETA, SEND RS. 5,000/- TO SNEHA@PTAXIS FOR THE SCHOOL FEES, CHACHA WILL PAY YOU BACK NEXT WEEK.",FRIEND_FAMILY_PAYMENT,True,False,LOW,,sneha@ptaxis,5000.0,True,False,
"HR team a leading MNC: your interview is cleared. Send Rs. 1,500/- for laptop courier to tradepro@axl. Refundable with first salary.",JOB_SCAM,True,True,HIGH,,tradepro@axl,1500.0,False,True,impersonation|job|marketplace
Did you finish the assignment? Question 28 was tough.,NON_PAYMENT,False,False,LOW,,,,False,False,
"Hello I accidentally sent ₹10,000 to your number by mistake. Please return it urgently to nikhil@ybl.",REFUND_SCAM,True,True,HIGH,,nikhil@ybl,10000.0,True,False,urgency|refund
"Your ACT Fibernet broadband plan renews on 7 Jun. Amount ₹399. Auto-pay is enabled, no action needed.",BILL_PAYMENT,True,False,LOW,,,399.0,False,False,
"Flight lands at 6:15, gate 21.",NON_PAYMENT,False,False,LOW,,,,False,False,
"Dear winner, your Lucky Draw prize of ₹5,000 is ready. Registration fee Rs. 199/- to rewards.claim@paytm. Call +91 76544 35929 final notice.",PRIZE_SCAM,True,True,HIGH,+917654435929,rewards.claim@paytm,199.0,True,True,urgency|reward|upfront_fee|job
"Payment received, ₹1,499 from you at Lakeview Hospital. Thank you, visit again!",MERCHANT_PAYMENT,True,False,LOW,,,1499.0,False,False,
Crypto trading tips group: deposit 500 to hdfc.verify548@paytm and earn daily profit of 150. 100% safe.,INVESTMENT_SCAM,True,True,HIGH,,hdfc.verify548@paytm,,True,True,investment|job
"Loan EMI overdue. Pay ₹7,000 asap to rewards.claim572@upi or your account will be blocked. Recovery agent will visit.",URGENCY_PAYMENT,True,True,HIGH,,rewards.claim572@upi,7000.0,True,True,urgency|kyc_credential
Pay ₹1500 abhi to npciverify@axl or your account will be blocked This is the last reminder,URGENCY_PAYMENT,True,True,HIGH,,npciverify@axl,1500.0,True,True,urgency|kyc_credential
"Scan QR karo aur PIN dalo, 1k tumhare account me aa jayega. Jaldi karo.",QR_SCAM,True,True,HIGH,,,1000.0,False,True,urgency|kyc_credential|qr_link
Thanks for your order at Star Mobile Repair. Amount due ₹250. Pay on delivery or to starmobilere4@paytmqr.,MERCHANT_PAYMENT,True,False,LOW,,starmobilere4@paytmqr,250.0,False,False,marketplace
"Hello, I'm calling from Kotak Bank security. Your account is compromised. Move INR 8000 to safe account suresh@axl aaj hi.",IMPERSONATION,True,True,HIGH,,suresh@axl,8000.0,True,True,urgency|impersonation
Final notice from SBI: pay KYC verification fee Rs 999 to cashbackclaim@ybl within 1 hour warna account block ho jayega,KYC_SCAM,True,True,HIGH,,cashbackclaim@ybl,999.0,True,True,urgency|kyc_credential|impersonation|upfront_fee
"Your Airtel broadband plan renews on 18 May. Amount 299. Auto-pay is enabled, no action needed.",BILL_PAYMENT,True,False,LOW,,,,False,False,
I can pay 4000 for the Royal Enfield pickup from your place Share your UPI ID or I will pay cash on pickup,MARKETPLACE_PAYMENT,True,False,LOW,,,,False,False,
"Customer care GPay: your account shows suspicious activity. Transfer ₹8,000 to verification account amit37@okicici today only.",IMPERSONATION,True,True,HIGH,,amit37@okicici,8000.0,True,True,urgency|kyc_credential|impersonation
"COLLECT REQUEST SENT FOR ₹1,000. APPROVE IT WITH YOUR UPI PIN TO RECEIVE THE AMOUNT.",QR_SCAM,True,True,HIGH,,,1000.0,True,False,kyc_credential
Final notice from Kotak Bank: pay KYC verification fee ₹499 to invest.pro@ybl abhi or services will be deactivated.,KYC_SCAM,True,True,HIGH,,invest.pro@ybl,499.0,True,True,urgency|kyc_credential|impersonation|upfront_fee
"Ghar baithe kaam, roz Rs. 750/- kamao. Joining ke liye ₹2,500 kycupdate@axl pe bhejo. Call 76486-27553",JOB_SCAM,True,True,HIGH,+917648627553,kycupdate@axl,750.0,True,True,
Reminder: Tata Power bill Rs 499 due 19 Apr. Pay through Amazon Pay bill payments section.,BILL_PAYMENT,True,False,LOW,,,499.0,False,False,
"Your number was selected for ₹10,000 reward. Send ₹199 GST charge to cashback.claim274@okaxis aaj hi, last chance.",PRIZE_SCAM,True,True,HIGH,,cashback.claim274@okaxis,199.0,True,True,urgency|reward
Customer care BHIM: your account shows suspicious activity. Transfer 2000 rupees to verification account naveen44@waaxis last chance.,IMPERSONATION,True,True,HIGH,,naveen44@waaxis,2000.0,True,True,urgency|kyc_credential|impersonation
"Hi, this is your team lead. I am in a meeting and need ₹20,000 transferred jaldi to hdfc.verify438@paytm for a vendor. Will reimburse today.",IMPERSONATION,True,True,HIGH,,hdfc.verify438@paytm,20000.0,True,True,urgency
"Double your money scheme! Send ₹10,000 to refund.desk@okaxis and receive ₹20,000 by Monday. WhatsApp +91 86830 53789",INVESTMENT_SCAM,True,True,HIGH,+918683053789,refund.desk@okaxis,10000.0,True,True,investment
"bro the prime password changed, ask gurpreet.",NON_PAYMENT,False,False,LOW,,,,False,False,
My new number is +91 65982 68105 save it,NON_PAYMENT,False,False,LOW,+916598268105,,,False,False,impersonation
"BHIM refund of ₹7,500 is stuck. To release it, first pay Rs. 199/- verification to jobportal.fee@okaxis within 24 hours.",REFUND_SCAM,True,True,HIGH,,jobportal.fee@okaxis,199.0,True,False,urgency|kyc_credential|refund
"washing machine ke liye 1500 rupees theek hai. Kal aake dekh ke pay kar dunga, cash ya UPI dono chalega.",MARKETPLACE_PAYMENT,True,False,LOW,,,1500.0,False,False,
Axis Bank never asks for your PIN OTP or CVV Report suspicious calls to 1930 Your KYC can be updated only at the branch or the official app,BANK_REQUEST,True,False,LOW,,,,False,False,kyc_credential|impersonation
Crypto trading tips group: deposit Rs 2000 to hrdesk@ybl and earn daily profit of ₹400. 100% safe.,INVESTMENT_SCAM,True,True,HIGH,,hrdesk@ybl,2000.0,False,False,investment|job
PAYMENT OF 2460 RUPEES RECEIVED FOR TATA POWER BILL. RECEIPT NO. 51616894.,BILL_PAYMENT,True,False,LOW,,,2460.0,False,False,
"JOIN OUR IPO ALLOTMENT SCHEME. PAY ₹5,000 TO KYC.SUPPORT190@OKAXIS AND GET CONFIRMED ALLOTMENT WITH 2X LISTING GAIN.",INVESTMENT_SCAM,True,True,HIGH,,kyc.support190@okaxis,5000.0,False,False,
"Papa needs INR 3000 for the hospital deposit today so admission can be completed. Send to simran@ybl, I'll transfer back on Monday.",FRIEND_FAMILY_PAYMENT,True,False,LOW,,simran@ybl,3000.0,True,False,
"Install this app kyc-update-jix0n6.in and share the screen to receive Rs. 5,000/- cashback instantly.",QR_SCAM,True,True,HIGH,,,5000.0,True,True,reward|qr_link
"Double your money scheme! Send ₹2,000 to customer.care588@okaxis and receive Rs 10000 by Monday. WhatsApp +918203401535",INVESTMENT_SCAM,True,True,HIGH,+918203401535,customer.care588@okaxis,2000.0,False,False,investment
Metro Cabs: admission deposit of Rs 1920 for patient Farhan S is due today so the admission can be completed. Pay at the billing counter or to UPI metrocabs@sbi. Receipt will be issued.,MERCHANT_PAYMENT,True,False,LOW,,metrocabs@sbi,1920.0,False,False,
"Task completed! To withdraw your earnings of 7000, pay 299 unlock fee to task.fee@ibl.",JOB_SCAM,True,True,HIGH,,task.fee@ibl,,True,True,upfront_fee|job
Forex signals: first 5 members get 100000 rupees on Rs 10000. Transfer to bill.desk360@ybl now.,INVESTMENT_SCAM,True,True,HIGH,,bill.desk360@ybl,100000.0,True,True,
"Oye my son sent ₹2,500 to your UPI by mistake, he is crying. Please send it back abhi on bank.verify@axl. God bless you.",REFUND_SCAM,True,True,HIGH,,bank.verify@axl,2500.0,True,True,urgency
"Kotak Bank: credit card statement generated. Total due ₹4,300, minimum due Rs. 430/-. Pay via net banking or the Kotak Bank app.",BANK_REQUEST,True,False,LOW,,,4300.0,False,False,impersonation
Dude split for the birthday cake came to ₹100 each. Send to riya@ptsbi when you can.,PAYMENT_REQUEST,True,False,LOW,,riya@ptsbi,100.0,False,False,
Blue Dart se order ready hai. 3200 bluedart@ybl pe pay kar dena ya cash de dena.,MERCHANT_PAYMENT,True,False,LOW,,bluedart@ybl,,False,False,
Alert: order SWG601508 refund failed. Pay Rs. 49/- reversal charge to kyc.support360@axl asap and full refund of 5000 rupees will be credited.,REFUND_SCAM,True,True,HIGH,,kyc.support360@axl,49.0,True,False,urgency|refund
Hello send Rs. 150/- for yesterday's dinner to nisha.khan@apl,PAYMENT_REQUEST,True,False,LOW,,nisha.khan@apl,150.0,False,False,
"PNB: credit card statement generated. Total due 15400 rupees, minimum due Rs. 1,540/-. Pay via net banking or the PNB app.",BANK_REQUEST,True,False,LOW,,,15400.0,False,False,
Your repair at City Pharmacy is complete. Total 180 rupees. UPI: citypharmacy@icici. Collect anytime before 8 pm.,MERCHANT_PAYMENT,True,False,LOW,,citypharmacy@icici,180.0,False,False,
"Your electricity connection will be cut turant. Pay pending bill ₹2,000 to sbi.kyc@ibl now. Officer 8207604978",IMPERSONATION,True,True,HIGH,+918207604978,sbi.kyc@ibl,2000.0,True,True,urgency|impersonation
"ICICI Bank: your fixed deposit of Rs. 25,000/- matures on 25th. Visit the branch or use net banking to renew.",BANK_REQUEST,True,False,LOW,,,25000.0,False,False,impersonation
"bank of baroda: credit card statement generated. total due inr 2500, minimum due 250 rupees. pay via net banking or the bank of baroda app.",BANK_REQUEST,True,False,LOW,,,2500.0,False,False,impersonation
"Refund team here. Your cashback of ₹7,500 is pending. Send ₹199 processing fee to ishita17@ptaxis aaj hi.",REFUND_SCAM,True,True,HIGH,,ishita17@ptaxis,199.0,True,True,urgency|reward|refund|upfront_fee
Recharge reminder: your BSNL plan expires on 17 Apr Recharge ₹649 from the app to continue,BILL_PAYMENT,True,False,LOW,,,649.0,False,False,kyc_credential
"Ghar baithe kaam, roz Rs. 1,250/- kamao. Joining ke liye ₹999 npci.verify@oksbi pe bhejo. Call +91 95830 98366",JOB_SCAM,True,True,HIGH,+919583098366,npci.verify@oksbi,1250.0,True,True,
Invoice #9220 from Star Mobile Repair for ₹480. UPI ID starmobilere1@sbi. Please share screenshot after payment.,MERCHANT_PAYMENT,True,False,LOW,,starmobilere1@sbi,480.0,False,False,
"Mahanagar Gas ka bill ₹799 aaya hai, 14 Oct tak bhar dena app se.",BILL_PAYMENT,True,False,LOW,,,799.0,False,False,
"Deal final at ₹8,000 for the Royal Enfield. I will pay when I pick it up on Sunday. My UPI is naveen@oksbi if you need to refund anything.",MARKETPLACE_PAYMENT,True,False,LOW,,naveen@oksbi,8000.0,False,False,refund
Your resume is shortlisted at Flipkart. Document verification fee ₹499 payable to quickloan345@upi within 24 hours.,JOB_SCAM,True,True,HIGH,,quickloan345@upi,499.0,False,True,urgency|kyc_credential|upfront_fee
Badhai ho! Aapne Jio lottery me 100000 rupees jeeta hai. Claim karne ke liye Rs. 999/- sbi.kyc@axl pe final notice bhejo.,PRIZE_SCAM,True,True,HIGH,,sbi.kyc@axl,100000.0,True,True,urgency|reward
"Part time job: earn ₹2,500 per day by liking videos. Pay 1500 rupees security deposit to hrdesk@oksbi to start.",JOB_SCAM,True,True,HIGH,,hrdesk@oksbi,1500.0,True,True,upfront_fee|job
"PNB: CREDIT CARD STATEMENT GENERATED. TOTAL DUE 15400 RUPEES, MINIMUM DUE RS. 1,540/-. PAY VIA NET BANKING OR THE PNB APP.",BANK_REQUEST,True,False,LOW,,,15400.0,False,False,
Lakeview Hospital: your bill is Rs 180 Pay via UPI lakeviewhosp1@hdfcbank or at the counter Thank you for visiting,MERCHANT_PAYMENT,True,False,LOW,,lakeviewhosp1@hdfcbank,180.0,False,False,
I can pay ₹40000 for the iPhone 13 pickup from your place Share your UPI ID or I will pay cash on pickup,MARKETPLACE_PAYMENT,True,False,LOW,,,40000.0,False,False,
Canara Bank: credit card statement generated Total due 8900 rupees minimum due ₹890 Pay via net banking or the Canara Bank app,BANK_REQUEST,True,False,LOW,,,8900.0,False,False,impersonation
This is customs officer. A parcel in your name contains illegal items. Pay 10000 rupees penalty before midnight to electricity.pay762@paytm to avoid arrest.,IMPERSONATION,True,True,HIGH,,electricity.pay762@paytm,10000.0,True,True,urgency|impersonation|marketplace
"click kyc-update-trddj5.in to verify your upi and get ₹15,000 credited. enter pin to confirm. support 09508057117",QR_SCAM,True,True,HIGH,+919508057117,,15000.0,False,False,kyc_credential|qr_link
"I can pay ₹12,000 for the fridge, pickup from your place. Share your UPI ID or I will pay cash on pickup.",MARKETPLACE_PAYMENT,True,False,LOW,,,12000.0,False,False,
"Main the CEO bol raha hoon. Meeting me hoon, Rs 5000 right now verify.now@paytm pe bhej do, vendor wait kar raha hai.",IMPERSONATION,True,True,HIGH,,verify.now@paytm,5000.0,True,True,urgency|impersonation
"Dear valued customer, galti se ₹5,000 aapke account me chala gaya. Please within 24 hours wapas bhej do varunvar@okicici pe.",REFUND_SCAM,True,True,HIGH,,varunvar@okicici,5000.0,True,False,urgency|refund|impersonation
Wrong transfer alert: 2000 rupees credited to you by error. Reverse the amount within 2 hours to ishitanik@waaxis or call +916993572563.,REFUND_SCAM,True,True,HIGH,+916993572563,ishitanik@waaxis,2000.0,True,True,urgency|refund
"Send ₹1,500 abhi to kycupdate@ibl. Time limit 30 minutes. nahi toh account band ho jayega.",URGENCY_PAYMENT,True,True,HIGH,,kycupdate@ibl,1500.0,True,True,urgency
Your subscription payment failed Pay ₹3000 to quickloan@axl urgently or the amount will be forfeited,URGENCY_PAYMENT,True,True,HIGH,,quickloan@axl,3000.0,True,False,urgency
"Your electricity connection will be cut last chance. Pay pending bill ₹15,000 to gurpreet.patel@paytm now. Officer 08816614987",IMPERSONATION,True,True,HIGH,+918816614987,gurpreet.patel@paytm,15000.0,True,True,urgency|impersonation
"I can pay Rs. 12,000/- for the sofa set, pickup from your place. Share your UPI ID or I will pay cash on pickup.",MARKETPLACE_PAYMENT,True,False,LOW,,,12000.0,False,False,
"Notice: We detected an excess credit of ₹2,500 in your wallet. Return it within 1 hour to npci.verify@oksbi else your wallet will be blocked.",REFUND_SCAM,True,True,HIGH,,npci.verify@oksbi,2500.0,True,False,urgency|refund
Your Adani Gas broadband plan renews on 8 Jan Amount INR 3120 Auto-pay is enabled no action needed,BILL_PAYMENT,True,False,LOW,,,3120.0,False,False,
"collect request sent for ₹10,000. approve it with your upi pin to receive the amount.",QR_SCAM,True,True,HIGH,,,10000.0,True,True,kyc_credential
"Your subscription payment failed. Pay ₹5,000 to lottery.claim@ibl final notice or your number will be disconnected.",URGENCY_PAYMENT,True,True,HIGH,,lottery.claim@ibl,5000.0,True,True,urgency
"Your electricity connection will be cut turant. Pay pending bill Rs. 3,000/- to naveenvik@ibl now. Officer +91 60040 83936",IMPERSONATION,True,True,HIGH,+916004083936,naveenvik@ibl,3000.0,True,True,urgency|impersonation
"royal enfield available. pay rs. 1,000/- delivery charge to tradepro@okaxis now and the courier will bring it to your home, pay balance on delivery.",MARKETPLACE_PAYMENT,True,True,HIGH,,tradepro@okaxis,1000.0,True,True,upfront_fee|marketplace
"Join our IPO allotment scheme. Pay ₹1,000 to claimprize@oksbi and get confirmed allotment with 3x listing gain.",INVESTMENT_SCAM,True,True,HIGH,,claimprize@oksbi,1000.0,False,False,
Payment of 500 is required right now. Use UPI kavya17@okicici. Do not ignore this message.,URGENCY_PAYMENT,True,True,HIGH,,kavya17@okicici,,True,True,urgency
"Dude Bhai maine ₹10,000 galat number pe bhej diya, tumhare pe aaya hai. final notice manish@ptsbi pe return kar do please.",REFUND_SCAM,True,True,HIGH,,manish@ptsbi,10000.0,True,False,urgency
Click reward-claim-t5vye.link to verify your UPI and get 1000 rupees credited. Enter PIN to confirm. Support 85333-17931,QR_SCAM,True,True,HIGH,+918533317931,,1000.0,True,False,kyc_credential|qr_link
"Bro the Prime password changed, ask Sneha.",NON_PAYMENT,False,False,LOW,,,,False,False,
"payment of ₹7,000 is required within 2 hours. use upi bhavya.sharma@apl. do not ignore this message.",URGENCY_PAYMENT,True,True,HIGH,,bhavya.sharma@apl,7000.0,True,False,urgency
"Refund team here. Your cashback of ₹1,500 is pending. Send 99 processing fee to manish@fbl immediately.",REFUND_SCAM,True,True,HIGH,,manish@fbl,1500.0,True,False,urgency|reward|refund|upfront_fee
"Task completed! To withdraw your earnings of Rs 16000, pay INR 299 unlock fee to kyc.support@oksbi.",JOB_SCAM,True,True,HIGH,,kyc.support@oksbi,299.0,False,True,upfront_fee|job
your repair at om sweets is complete. total ₹650. upi: omsweets@sbi. collect anytime before 8 pm.,MERCHANT_PAYMENT,True,False,LOW,,omsweets@sbi,650.0,False,False,
"Main your manager bol raha hoon. Meeting me hoon, ₹8,000 jaldi gurpreet54@oksbi pe bhej do, vendor wait kar raha hai.",IMPERSONATION,True,True,HIGH,,gurpreet54@oksbi,8000.0,True,True,urgency|impersonation
"the refund for the cancelled train ticket came through, finally. irctc took 4 days.",NON_PAYMENT,False,False,LOW,,,,False,False,refund
We detected an excess credit of Rs 3000 in your wallet. Return it within 2 hours to customer.care@ybl else your wallet will be blocked.,REFUND_SCAM,True,True,HIGH,,customer.care@ybl,3000.0,True,False,urgency|refund
reminder: dentist appointment on 20th at 9:00.,NON_PAYMENT,False,False,LOW,,,,False,False,
"Thanks for the iPhone 13! Sent 6000 rupees to gurpreet.sharma@oksbi just now, please check and confirm.",MARKETPLACE_PAYMENT,True,False,LOW,,gurpreet.sharma@oksbi,6000.0,False,False,
Ghar baithe kaam roz ₹750 kamao Joining ke liye ₹2500 electricitypay621@okaxis pe bhejo Call 7609194908,JOB_SCAM,True,True,HIGH,+917609194908,electricitypay621@okaxis,750000.0,False,True,
"Ghar baithe kaam, roz ₹1,750 kamao. Joining ke liye ₹1,500 kycupdate844@axl pe bhejo. Call +91 99699 17916",JOB_SCAM,True,True,HIGH,+919969917916,kycupdate844@axl,1750000.0,True,True,
"task completed! to withdraw your earnings of ₹16,000, pay ₹199 unlock fee to kycupdate@ibl.",JOB_SCAM,True,True,HIGH,,kycupdate@ibl,199.0,True,True,upfront_fee|job
"I am interested in your listing. I will pay INR 2000, just scan this QR code I am sending to receive the money.",QR_SCAM,True,True,HIGH,,,2000.0,True,False,qr_link
You have received ₹250000 cashback from PhonePe Pay ₹499 activation charge to rewardsclaim@paytm to receive it final notice,PRIZE_SCAM,True,True,HIGH,,rewardsclaim@paytm,499.0,True,True,urgency|reward
Yaar galti se Rs 2500 aapke account me chala gaya. Please aaj hi wapas bhej do farhanbha@ptsbi pe.,REFUND_SCAM,True,True,HIGH,,farhanbha@ptsbi,2500.0,True,False,urgency|refund
"Chacha here, new number. Phone broke. Send Rs. 5,000/- within 1 hour to refund.desk@paytm, emergency, will explain later.",IMPERSONATION,True,True,HIGH,,refund.desk@paytm,5000.0,True,True,urgency|impersonation
"beta, this is your didi's friend. didi is in hospital, send 5000 rupees immediately to electricity.pay@oksbi for the admission.",IMPERSONATION,True,True,HIGH,,electricity.pay@oksbi,5000.0,True,True,urgency
"Beta, send Rs. 5,000/- to karan20@apl for the school fees, Bhavya will pay you back next week.",FRIEND_FAMILY_PAYMENT,True,False,LOW,,karan20@apl,5000.0,True,False,
"Sent 2000 for Diwali shopping to ritu80@ibl, check and tell me if received.",FRIEND_FAMILY_PAYMENT,True,False,LOW,,ritu80@ibl,,False,False,
Papa needs ₹1000 for the hospital deposit today so admission can be completed Send to meerakhan@axl I'll transfer back on Monday,FRIEND_FAMILY_PAYMENT,True,False,LOW,,meerakhan@axl,1000.0,True,False,
"Sanjay bhai, ₹2,000 for the train tickets, bhavya.singh@paytm pe bhej do. Thanks!",FRIEND_FAMILY_PAYMENT,True,False,LOW,,bhavya.singh@paytm,2000.0,False,False,
"sirf ₹25,000 invest karo aur inr 250000 pao guaranteed. official.support@ibl pe payment karo abhi.",INVESTMENT_SCAM,True,True,HIGH,,official.support@ibl,25000.0,True,False,urgency|investment
"Dream11 scratch card: you won ₹5,000! Unlock by paying ₹499 to hrdesk@axl right now.",PRIZE_SCAM,True,True,HIGH,,hrdesk@axl,5000.0,True,True,urgency|reward|upfront_fee
"Axis Bank: ₹12,000 credited to your account XX1990. Available balance INR 96000.",BANK_REQUEST,True,False,LOW,,,96000.0,False,False,impersonation
"Task completed! To withdraw your earnings of ₹7,000, pay ₹2,000 unlock fee to refund.desk@oksbi.",JOB_SCAM,True,True,HIGH,,refund.desk@oksbi,2000.0,True,True,upfront_fee|job
"crypto trading tips group: deposit ₹5,000 to task.fee@ibl and earn daily profit of rs. 1,500/-. 100% safe.",INVESTMENT_SCAM,True,True,HIGH,,task.fee@ibl,5000.0,True,False,investment|job
"scan qr karo aur pin dalo, ₹20,000 tumhare account me aa jayega. jaldi karo.",QR_SCAM,True,True,HIGH,,,20000.0,True,True,urgency|kyc_credential|qr_link
"Package AMZ293720 out for delivery, expected by 1 pm.",NON_PAYMENT,False,False,LOW,,,,False,False,marketplace
"Dear user, We detected an excess credit of ₹7,500 in your wallet. Return it jaldi to varun.khan@upi else your wallet will be blocked.",REFUND_SCAM,True,True,HIGH,,varun.khan@upi,7500.0,True,False,urgency|refund|impersonation
Sai Electricals se order ready hai. Rs 1200 saielectrica8@icici pe pay kar dena ya cash de dena.,MERCHANT_PAYMENT,True,False,LOW,,saielectrica8@icici,1200.0,False,False,
"Yes Bank: credit card statement generated. Total due Rs 2500, minimum due ₹250. Pay via net banking or the Yes Bank app.",BANK_REQUEST,True,False,LOW,,,2500.0,False,False,impersonation
"Beta, this is your didi's friend. Didi is in hospital, send ₹25,000 urgently to anjali88@apl for the admission.",IMPERSONATION,True,True,HIGH,,anjali88@apl,25000.0,True,True,urgency
"Hi, this is your manager. I am in a meeting and need 25k transferred immediately to divya.iyer@upi for a vendor. Will reimburse today.",IMPERSONATION,True,True,HIGH,,divya.iyer@upi,25000.0,True,True,urgency|impersonation
"Your Kotak Bank debit card will be blocked within 2 hours. To keep it active pay ₹2,999 KYC charge to hdfc.verify@oksbi. Helpline 7824858025",KYC_SCAM,True,True,HIGH,+917824858025,hdfc.verify@oksbi,2999000.0,True,True,urgency|kyc_credential|impersonation
"Yes Bank customer, your net banking will be suspended within 1 hour. Pay verification amount ₹1,999 to customer.care976@axl or your number will be disconnected.",KYC_SCAM,True,True,HIGH,,customer.care976@axl,1999.0,True,True,urgency|kyc_credential|impersonation
"Buyer here from OLX. Sending a payment request of ₹20,000 on PhonePe, please accept and enter PIN to receive.",QR_SCAM,True,True,HIGH,,,20000.0,False,False,kyc_credential|marketplace
Pending due of Rs 500 must be cleared last chance. Send to customer.care244@ibl. No further extension.,URGENCY_PAYMENT,True,True,HIGH,,customer.care244@ibl,500.0,True,False,urgency
"Chacha here, new number. Phone broke. Send 3000 within 1 hour to tradepro@okaxis, emergency, will explain later.",IMPERSONATION,True,True,HIGH,,tradepro@okaxis,,True,True,urgency|impersonation
the gift for Priya settle kar de 250 on farhanpatel@okaxis,PAYMENT_REQUEST,True,False,LOW,,farhanpatel@okaxis,,False,False,reward
Oye can you transfer ₹750 for the gift for Priya? aditya@ybl works. No rush.,PAYMENT_REQUEST,True,False,LOW,,aditya@ybl,750.0,False,False,reward
"Canara Bank: EMI of ₹1,250 for loan a/c ending 4849 is due on 10th. Maintain sufficient balance. Do not share OTP with anyone.",BANK_REQUEST,True,False,LOW,,,1250.0,False,False,kyc_credential|impersonation
"Your electricity connection will be cut aaj hi. Pay pending bill Rs. 5,000/- to sneha@ptaxis now. Officer +91 70253 00723",IMPERSONATION,True,True,HIGH,+917025300723,sneha@ptaxis,5000.0,True,True,urgency|impersonation
Forex signals: first 10 members get ₹10000 on Rs 2000 Transfer to verifybank@ibl now,INVESTMENT_SCAM,True,True,HIGH,,verifybank@ibl,10000.0,False,False,
"Install this app cutt.ly/ln4bn9w and share the screen to receive ₹10,000 cashback instantly.",QR_SCAM,True,True,HIGH,,,10000.0,True,False,reward|qr_link
Final notice from ICICI Bank: pay KYC verification fee INR 2499 to support.desk388@ybl before midnight otherwise your account will be suspended.,KYC_SCAM,True,True,HIGH,,support.desk388@ybl,2499.0,True,True,urgency|kyc_credential|impersonation|upfront_fee
Can you pick up 55 kg of rice on the way back?,NON_PAYMENT,False,False,LOW,,,,False,False,
"Om Sweets: advance of ₹1,200 for the order is due by 18th. Pay to omsweets@okbizaxis or at the desk. GST invoice will follow.",MERCHANT_PAYMENT,True,False,LOW,,omsweets@okbizaxis,1200.0,False,False,upfront_fee
"hello, i'm calling from idfc first security. your account is compromised. move rs 25000 to safe account suresh.khan@ptaxis abhi.",IMPERSONATION,True,True,HIGH,,suresh.khan@ptaxis,25000.0,True,True,urgency|impersonation
Your IDFC First debit card will be blocked right now To keep it active pay ₹999 KYC charge to electricitypay@axl Helpline 9579410503,KYC_SCAM,True,True,HIGH,+919579410503,electricitypay@axl,999000.0,True,True,urgency|kyc_credential|impersonation
rahul is joining us for lunch table for 3,NON_PAYMENT,False,False,LOW,,,,False,False,
"JOIN OUR IPO ALLOTMENT SCHEME. PAY RS. 1,000/- TO REWARD.CLAIM@PAYTM AND GET CONFIRMED ALLOTMENT WITH 3X LISTING GAIN.",INVESTMENT_SCAM,True,True,HIGH,,reward.claim@paytm,1000.0,False,False,
"to receive your refund of rs. 20,000/-, scan the qr code and enter your upi pin. link: reward-claim-788b50.link",QR_SCAM,True,True,HIGH,,,20000.0,True,True,kyc_credential|refund|qr_link
"Hello the gift for Priya ka 1500 per head aaya hai, sabko bhejna hai kavya21@waaxis pe by friday",PAYMENT_REQUEST,True,False,LOW,,kavya21@waaxis,,False,False,reward
"Need 2000 rupees for the flight change today, please send to harsh19@upi and I'll settle when back.",FRIEND_FAMILY_PAYMENT,True,False,LOW,,harsh19@upi,2000.0,True,False,
"hello, i'm calling from bank of baroda security. your account is compromised. move ₹10,000 to safe account task.fee546@ybl final notice.",IMPERSONATION,True,True,HIGH,,task.fee546@ybl,10000.0,True,True,urgency|impersonation
DEAR WINNER YOUR JIO PRIZE OF ₹50000 IS READY REGISTRATION FEE RS 499/- TO TASKFEE@IBL CALL 9739516603 JALDI,PRIZE_SCAM,True,True,HIGH,+919739516603,taskfee@ibl,499.0,True,True,urgency|reward|upfront_fee|job
Thanks for your order at FitLife Gym. Amount due Rs. 350/-. Pay on delivery or to fitlifegym5@okbizaxis.,MERCHANT_PAYMENT,True,False,LOW,,fitlifegym5@okbizaxis,350.0,False,False,marketplace
pending due of rs 500 must be cleared asap. send to hdfc.verify@paytm. no further extension.,URGENCY_PAYMENT,True,True,HIGH,,hdfc.verify@paytm,500.0,True,False,urgency
Final notice from IDFC First: pay KYC verification fee ₹999 to investpro@ibl right now warna account block ho jayega,KYC_SCAM,True,True,HIGH,,investpro@ibl,999.0,True,True,urgency|kyc_credential|upfront_fee
"Congratulations, you are selected for a work from home job at a leading MNC. Salary Rs. 80,000/-/month. Pay registration fee Rs 2500 to npci.verify@axl to confirm.",JOB_SCAM,True,True,HIGH,,npci.verify@axl,2500.0,False,True,reward|upfront_fee|job
Payment of ₹799 received for Adani Gas bill. Receipt no. 70942444.,BILL_PAYMENT,True,False,LOW,,,799.0,False,False,
Hi this is the director I am in a meeting and need ₹10000 transferred abhi to vikramfar@upi for a vendor Will reimburse today,IMPERSONATION,True,True,HIGH,,vikramfar@upi,10000.0,True,True,urgency
"Hi reminder, Rs 750 pending for Goa trip. rajesh@ibl or cash, whatever is easy.",PAYMENT_REQUEST,True,False,LOW,,rajesh@ibl,750.0,False,False,
"Weather is crazy today, 12 degrees and raining.",NON_PAYMENT,False,False,LOW,,,,False,False,
Green Grocers: your bill is 650 Pay via UPI greengrocers1@okbizaxis or at the counter Thank you for visiting,MERCHANT_PAYMENT,True,False,LOW,,greengrocers1@okbizaxis,1.0,False,False,
Data entry job offer no experience needed Registration ₹1500 only pay on claimprize@upi Salary ₹15000,JOB_SCAM,True,True,HIGH,,claimprize@upi,15000.0,True,True,job
HR team Wipro: your interview is cleared Send ₹1500 for laptop courier to verifynow@ybl Refundable with first salary,JOB_SCAM,True,True,HIGH,,verifynow@ybl,1500.0,True,True,impersonation|job|marketplace
"Alert: Update your Aadhaar with IDFC First by paying Rs. 2,999/- to support.desk@upi. Link expires turant. call 6022750936",KYC_SCAM,True,True,HIGH,+916022750936,support.desk@upi,2999.0,True,True,urgency|kyc_credential|qr_link
HR team Wipro: your interview is cleared Send Rs 199 for laptop courier to refunddesk521@paytm Refundable with first salary,JOB_SCAM,True,True,HIGH,,refunddesk521@paytm,199.0,False,True,impersonation|job|marketplace
Lakeview Hospital: advance of 350 for the booking is due by 4th. Pay to lakeviewhosp@okbizaxis or at the desk. GST invoice will follow.,MERCHANT_PAYMENT,True,False,LOW,,lakeviewhosp@okbizaxis,,False,False,upfront_fee
Seller here. Royal Enfield is booked for you. Send ₹500 token amount to lakshmi22@waaxis today otherwise another buyer will take it.,MARKETPLACE_PAYMENT,True,True,HIGH,,lakshmi22@waaxis,500.0,True,True,upfront_fee|marketplace
"Your delivery is on hold. Pay ₹1,000 customs charge to task.fee@upi jaldi or the parcel will be returned.",URGENCY_PAYMENT,True,True,HIGH,,task.fee@upi,1000.0,True,True,urgency|impersonation|marketplace
Click cuttly/efrjy to verify your UPI and get 2000 rupees credited Enter PIN to confirm Support 8866296194,QR_SCAM,True,True,HIGH,+918866296194,,2000.0,True,False,kyc_credential|qr_link
"400 rupees for the pizza please, GPay on divya.sharma@oksbi. Thanks!",PAYMENT_REQUEST,True,False,LOW,,divya.sharma@oksbi,400.0,False,False,
"stock market expert here. minimum deposit ₹10,000 to rewards.claim@axl. assured 50% weekly return.",INVESTMENT_SCAM,True,True,HIGH,,rewards.claim@axl,10000.0,True,False,
Recharge reminder: your Airtel plan expires on 6 Nov. Recharge ₹799 from the app to continue.,BILL_PAYMENT,True,False,LOW,,,799.0,False,False,kyc_credential
payment for the cycle done inr 6000 via gpay to nisha@axl please share the invoice,MARKETPLACE_PAYMENT,True,False,LOW,,nisha@axl,6000.0,False,False,
"your number was selected for ₹500,000 reward. send ₹999 gst charge to electricity.pay171@upi today only, last chance.",PRIZE_SCAM,True,True,HIGH,,electricity.pay171@upi,999.0,True,True,urgency|reward
Bill generated for Adani Gas: Rs 3120. View and pay from the official app. Ignore if already paid.,BILL_PAYMENT,True,False,LOW,,,3120.0,False,False,impersonation
"Hey reminder, ₹500 pending for Goa trip. nikhil.sharma@oksbi or cash, whatever is easy.",PAYMENT_REQUEST,True,False,LOW,,nikhil.sharma@oksbi,500.0,False,False,
"Deluxe Tailors: table booked. A deposit of Rs. 1,200/- to deluxetailor4@hdfcbank confirms the booking, adjustable against the bill.",MERCHANT_PAYMENT,True,False,LOW,,deluxetailor4@hdfcbank,1200.0,False,False,
Reminder: Airtel bill ₹499 due 17 May Pay through Amazon Pay bill payments section,BILL_PAYMENT,True,False,LOW,,,499.0,False,False,
"Hi da I accidentally sent ₹4,000 to your number by mistake. Please return it within 24 hours to harsh@fbl.",REFUND_SCAM,True,True,HIGH,,harsh@fbl,4000.0,True,True,urgency|refund
"sbi: credit card statement generated. total due rs. 12,000/-, minimum due 1200 rupees. pay via net banking or the sbi app.",BANK_REQUEST,True,False,LOW,,,12000.0,False,False,impersonation
"Dear account holder, galti se Rs. 2,000/- aapke account me chala gaya. Please abhi wapas bhej do tradepro@ibl pe.",REFUND_SCAM,True,True,HIGH,,tradepro@ibl,2000.0,True,False,urgency|refund
"YES BANK NEVER ASKS FOR YOUR PIN, OTP OR CVV. REPORT SUSPICIOUS CALLS TO 1930. YOUR KYC CAN BE UPDATED ONLY AT THE BRANCH OR THE OFFICIAL APP.",BANK_REQUEST,True,False,LOW,,,,False,False,kyc_credential|impersonation
"Dream11 scratch card: you won ₹10,000! Unlock by paying Rs 99 to verify.now@ibl before midnight.",PRIZE_SCAM,True,True,HIGH,,verify.now@ibl,10000.0,True,True,urgency|reward|upfront_fee
Hello ₹500 for the Netflix split please GPay on ishitapoo@axl Thanks!,PAYMENT_REQUEST,True,False,LOW,,ishitapoo@axl,500.0,False,False,
"Your SBI reward of ₹20,000 is waiting. Scan the attached QR to collect. Valid today only.",QR_SCAM,True,True,HIGH,,,20000.0,False,False,urgency|reward|impersonation|qr_link
"Beta INR 500 bhej dena papa ke dawai ke liye joseph@axl, kal wapas kar dungi.",FRIEND_FAMILY_PAYMENT,True,False,LOW,,joseph@axl,500.0,False,False,
Reminder: dentist appointment on 4th at 12:00.,NON_PAYMENT,False,False,LOW,,,,False,False,
"₹7,000 abhi cashback.claim@ibl pe bhejo or services will be deactivated, warna problem ho jayegi.",URGENCY_PAYMENT,True,True,HIGH,,cashback.claim@ibl,7000.0,True,True,urgency
"The refund for the cancelled train ticket came through, finally. IRCTC took 47 days.",NON_PAYMENT,False,False,LOW,,,,False,False,refund
"The refund for the cancelled train ticket came through, finally. IRCTC took 60 days.",NON_PAYMENT,False,False,LOW,,,,False,False,refund
"dear account holder, pan-aadhaar link pending for your axis bank account. pay ₹4,999 processing charge to prize.center657@ybl today only or your account will be blocked.",KYC_SCAM,True,True,HIGH,,prize.center657@ybl,4999.0,True,True,urgency|kyc_credential|impersonation|upfront_fee|qr_link
"Bro the Prime password changed, ask Ishita.",NON_PAYMENT,False,False,LOW,,,,False,False,
"SIMRAN HERE, 1000 RUPEES FOR MOVIE TICKETS BHEJ DO BHAI. SIMRAN@WAAXIS",PAYMENT_REQUEST,True,False,LOW,,simran@waaxis,1000.0,False,False,
"Attention: Your SIM will be blocked by TRAI before midnight. Pay ₹10,000 to lakshmi64@ptaxis to continue services. Call 07950111525",IMPERSONATION,True,True,HIGH,+917950111525,lakshmi64@ptaxis,10000.0,True,True,urgency|impersonation
Your resume is shortlisted at Zomato Document verification fee ₹499 payable to refunddesk44@okaxis within 24 hours,JOB_SCAM,True,True,HIGH,,refunddesk44@okaxis,499.0,True,True,urgency|kyc_credential|upfront_fee
Your HDFC Bank reward of INR 2000 is waiting. Scan the attached QR to collect. Valid today only.,QR_SCAM,True,True,HIGH,,,2000.0,False,True,urgency|reward|impersonation|qr_link
"i am army officer posted in cantonment, cannot meet. pay 500 advance to arjun@fbl and my courier will deliver the iphone 13.",MARKETPLACE_PAYMENT,True,True,HIGH,,arjun@fbl,,True,False,impersonation|upfront_fee|marketplace
payment of inr 3120 received for act fibernet bill. receipt no. 77738070.,BILL_PAYMENT,True,False,LOW,,,3120.0,False,False,
"₹5,000 immediately verifybank968@ibl pe bhejo otherwise your account will be suspended, warna problem ho jayegi.",URGENCY_PAYMENT,True,True,HIGH,,verifybank968@ibl,5000.0,True,True,urgency
reminder: bescom bill 1050 rupees due 28 may. pay through amazon pay bill payments section.,BILL_PAYMENT,True,False,LOW,,,1050.0,False,False,
"For the cycle, pay full Rs 40000 to vikramadi@paytm first, delivery within 2 days via army courier. No inspection possible.",MARKETPLACE_PAYMENT,True,True,HIGH,,vikramadi@paytm,40000.0,True,True,marketplace
"Bhai bhai, ₹18,000 for the train tickets, deepak4@waaxis pe bhej do. Thanks!",FRIEND_FAMILY_PAYMENT,True,False,LOW,,deepak4@waaxis,18000.0,False,False,
Your delivery is on hold. Pay ₹500 customs charge to jobportal.fee@oksbi abhi or the parcel will be returned.,URGENCY_PAYMENT,True,True,HIGH,,jobportal.fee@oksbi,500.0,True,False,urgency|impersonation|marketplace
"Kotak Bank alert: ₹1,250 debited from a/c XX7951 for UPI txn. If not you, call the number on the back of your card.",BANK_REQUEST,True,False,LOW,,,1250.0,False,False,impersonation
hr team swiggy: your interview is cleared. send rs 199 for laptop courier to prize.center@upi. refundable with first salary.,JOB_SCAM,True,True,HIGH,,prize.center@upi,199.0,False,True,impersonation|job|marketplace
Click kyc-update-x7ujw5k.in to verify your UPI and get 15000 rupees credited. Enter PIN to confirm. Support +91 85930 50699,QR_SCAM,True,True,HIGH,+918593050699,,15000.0,False,True,kyc_credential|qr_link
"i am interested in your listing. i will pay 1k, just scan this qr code i am sending to receive the money.",QR_SCAM,True,True,HIGH,,,1000.0,True,True,qr_link
Your Swiggy order has been delivered. Rate your experience.,NON_PAYMENT,False,False,LOW,,,,False,False,
"Deal final at Rs. 1,500/- for the fridge. I will pay when I pick it up on Sunday. My UPI is arjunkir@waaxis if you need to refund anything.",MARKETPLACE_PAYMENT,True,False,LOW,,arjunkir@waaxis,1500.0,False,False,refund
"KYC UPDATE KE LIYE 499 RUPEES TO VERIFYBANK@OKAXIS IMMEDIATELY PAY KARO, WARNA ACCOUNT BLOCK HO JAYEGA. YES BANK SUPPORT 7267736026",KYC_SCAM,True,True,HIGH,+917267736026,verifybank@okaxis,499.0,True,True,urgency|kyc_credential|impersonation
"Dear winner, your Lucky Draw prize of 50000 is ready. Registration fee Rs. 999/- to verify.now@axl. Call 9646377227 final notice.",PRIZE_SCAM,True,True,HIGH,+919646377227,verify.now@axl,999.0,True,True,urgency|reward|upfront_fee|job
"Main your HR head bol raha hoon. Meeting me hoon, INR 5000 within 2 hours securebank@okaxis pe bhej do, vendor wait kar raha hai.",IMPERSONATION,True,True,HIGH,,securebank@okaxis,5000.0,True,True,urgency
HR team TCS: your interview is cleared. Send INR 2500 for laptop courier to invest.pro@ibl. Refundable with first salary.,JOB_SCAM,True,True,HIGH,,invest.pro@ibl,2500.0,False,True,impersonation|job|marketplace
